2026-06-20 13:39:57.519 +09:00 [INF] Executed DbCommand (12ms) [Parameters=[], CommandType='"Text"', CommandTimeout='30']
SELECT COUNT(*) FROM "sqlite_master" WHERE "type" = 'table' AND "rootpage" IS NOT NULL;
2026-06-20 13:39:57.611 +09:00 [WRN] Overriding address(es) 'http://localhost:5171'. Binding to endpoints defined via IConfiguration and/or UseKestrel() instead.
2026-06-20 13:39:57.618 +09:00 [INF] Now listening on: http://0.0.0.0:5000
2026-06-20 13:39:57.619 +09:00 [INF] Application started. Press Ctrl+C to shut down.
2026-06-20 13:39:57.619 +09:00 [INF] Hosting environment: Development
2026-06-20 13:39:57.628 +09:00 [INF] Content root path: C:\repos\mykanban
2026-06-20 13:40:41.005 +09:00 [INF] Request starting HTTP/1.1 GET http://localhost:5000/ - null null
2026-06-20 13:40:41.044 +09:00 [INF] Executing endpoint 'Fallback {*path:nonfile}'
2026-06-20 13:40:41.076 +09:00 [INF] Executed endpoint 'Fallback {*path:nonfile}'
2026-06-20 13:40:41.083 +09:00 [INF] Request finished HTTP/1.1 GET http://localhost:5000/ - 200 null text/html; charset=utf-8 78.3738ms
2026-06-20 13:40:41.091 +09:00 [INF] Request starting HTTP/1.1 GET http://localhost:5000/styles.css - null null
2026-06-20 13:40:41.118 +09:00 [INF] Sending file. Request path: '/styles.css'. Physical path: 'C:\repos\mykanban\bin\Debug\net10.0\wwwroot\styles.css'
2026-06-20 13:40:41.120 +09:00 [INF] Request finished HTTP/1.1 GET http://localhost:5000/styles.css - 200 59839 text/css 29.5035ms
2026-06-20 13:40:41.123 +09:00 [INF] Request starting HTTP/1.1 GET http://localhost:5000/app.js - null null
2026-06-20 13:40:41.128 +09:00 [INF] CORS policy execution successful.
2026-06-20 13:40:41.158 +09:00 [INF] Sending file. Request path: '/app.js'. Physical path: 'C:\repos\mykanban\bin\Debug\net10.0\wwwroot\app.js'
2026-06-20 13:40:41.160 +09:00 [INF] Request finished HTTP/1.1 GET http://localhost:5000/app.js - 200 23659 text/javascript 36.8934ms
2026-06-20 13:40:41.204 +09:00 [INF] Request starting HTTP/1.1 GET http://localhost:5000/modules/state.js - null null
2026-06-20 13:40:41.208 +09:00 [INF] Request starting HTTP/1.1 GET http://localhost:5000/modules/api.js - null null
2026-06-20 13:40:41.210 +09:00 [INF] CORS policy execution successful.
2026-06-20 13:40:41.210 +09:00 [INF] CORS policy execution successful.
2026-06-20 13:40:41.212 +09:00 [INF] The file /modules/state.js was not modified
2026-06-20 13:40:41.212 +09:00 [INF] The file /modules/api.js was not modified
2026-06-20 13:40:41.214 +09:00 [INF] Request finished HTTP/1.1 GET http://localhost:5000/modules/state.js - 304 null text/javascript 9.9946ms
2026-06-20 13:40:41.214 +09:00 [INF] Request finished HTTP/1.1 GET http://localhost:5000/modules/api.js - 304 null text/javascript 5.9427ms
2026-06-20 13:40:41.221 +09:00 [INF] Request starting HTTP/1.1 GET http://localhost:5000/modules/renderer.js - null null
2026-06-20 13:40:41.221 +09:00 [INF] Request starting HTTP/1.1 GET http://localhost:5000/modules/dragdrop.js - null null
2026-06-20 13:40:41.225 +09:00 [INF] CORS policy execution successful.
2026-06-20 13:40:41.225 +09:00 [INF] CORS policy execution successful.
2026-06-20 13:40:41.227 +09:00 [INF] The file /modules/renderer.js was not modified
2026-06-20 13:40:41.227 +09:00 [INF] The file /modules/dragdrop.js was not modified
2026-06-20 13:40:41.229 +09:00 [INF] Request finished HTTP/1.1 GET http://localhost:5000/modules/dragdrop.js - 304 null text/javascript 7.8939ms
2026-06-20 13:40:41.229 +09:00 [INF] Request finished HTTP/1.1 GET http://localhost:5000/modules/renderer.js - 304 null text/javascript 7.8039ms
2026-06-20 13:40:41.235 +09:00 [INF] Request starting HTTP/1.1 GET http://localhost:5000/modules/modal.js - null null
2026-06-20 13:40:41.235 +09:00 [INF] Request starting HTTP/1.1 GET http://localhost:5000/modules/childtasks.js - null null
2026-06-20 13:40:41.239 +09:00 [INF] CORS policy execution successful.
2026-06-20 13:40:41.239 +09:00 [INF] CORS policy execution successful.
2026-06-20 13:40:41.241 +09:00 [INF] The file /modules/childtasks.js was not modified
2026-06-20 13:40:41.242 +09:00 [INF] The file /modules/modal.js was not modified
2026-06-20 13:40:41.243 +09:00 [INF] Request finished HTTP/1.1 GET http://localhost:5000/modules/childtasks.js - 304 null text/javascript 7.715ms
2026-06-20 13:40:41.243 +09:00 [INF] Request finished HTTP/1.1 GET http://localhost:5000/modules/modal.js - 304 null text/javascript 7.7242ms
2026-06-20 13:40:41.249 +09:00 [INF] Request starting HTTP/1.1 GET http://localhost:5000/modules/filter.js - null null
2026-06-20 13:40:41.249 +09:00 [INF] Request starting HTTP/1.1 GET http://localhost:5000/modules/history.js - null null
2026-06-20 13:40:41.253 +09:00 [INF] CORS policy execution successful.
2026-06-20 13:40:41.253 +09:00 [INF] CORS policy execution successful.
2026-06-20 13:40:41.255 +09:00 [INF] The file /modules/filter.js was not modified
2026-06-20 13:40:41.256 +09:00 [INF] The file /modules/history.js was not modified
2026-06-20 13:40:41.257 +09:00 [INF] Request finished HTTP/1.1 GET http://localhost:5000/modules/filter.js - 304 null text/javascript 7.856ms
2026-06-20 13:40:41.257 +09:00 [INF] Request finished HTTP/1.1 GET http://localhost:5000/modules/history.js - 304 null text/javascript 7.9319ms
2026-06-20 13:40:41.262 +09:00 [INF] Request starting HTTP/1.1 GET http://localhost:5000/modules/memo.js - null null
2026-06-20 13:40:41.265 +09:00 [INF] Request starting HTTP/1.1 GET http://localhost:5000/modules/auth.js - null null
2026-06-20 13:40:41.267 +09:00 [INF] CORS policy execution successful.
2026-06-20 13:40:41.268 +09:00 [INF] CORS policy execution successful.
2026-06-20 13:40:41.269 +09:00 [INF] The file /modules/memo.js was not modified
2026-06-20 13:40:41.270 +09:00 [INF] The file /modules/auth.js was not modified
2026-06-20 13:40:41.271 +09:00 [INF] Request finished HTTP/1.1 GET http://localhost:5000/modules/memo.js - 304 null text/javascript 8.5944ms
2026-06-20 13:40:41.271 +09:00 [INF] Request finished HTTP/1.1 GET http://localhost:5000/modules/auth.js - 304 null text/javascript 8.6137ms
2026-06-20 13:40:41.276 +09:00 [INF] Request starting HTTP/1.1 GET http://localhost:5000/modules/logger.js - null null
2026-06-20 13:40:41.280 +09:00 [INF] CORS policy execution successful.
2026-06-20 13:40:41.281 +09:00 [INF] The file /modules/logger.js was not modified
2026-06-20 13:40:41.282 +09:00 [INF] Request finished HTTP/1.1 GET http://localhost:5000/modules/logger.js - 304 null text/javascript 6.1889ms
2026-06-20 13:40:42.183 +09:00 [INF] Request starting HTTP/1.1 GET http://localhost:5000/ - null null
2026-06-20 13:40:42.186 +09:00 [INF] Executing endpoint 'Fallback {*path:nonfile}'
2026-06-20 13:40:42.187 +09:00 [INF] Executed endpoint 'Fallback {*path:nonfile}'
2026-06-20 13:40:42.190 +09:00 [INF] Request finished HTTP/1.1 GET http://localhost:5000/ - 200 null text/html; charset=utf-8 6.5004ms
2026-06-20 13:40:42.195 +09:00 [INF] Request starting HTTP/1.1 GET http://localhost:5000/app.js - null null
2026-06-20 13:40:42.198 +09:00 [INF] Request starting HTTP/1.1 GET http://localhost:5000/styles.css - null null
2026-06-20 13:40:42.201 +09:00 [INF] CORS policy execution successful.
2026-06-20 13:40:42.203 +09:00 [INF] Sending file. Request path: '/app.js'. Physical path: 'C:\repos\mykanban\bin\Debug\net10.0\wwwroot\app.js'
2026-06-20 13:40:42.203 +09:00 [INF] Sending file. Request path: '/styles.css'. Physical path: 'C:\repos\mykanban\bin\Debug\net10.0\wwwroot\styles.css'
2026-06-20 13:40:42.206 +09:00 [INF] Request finished HTTP/1.1 GET http://localhost:5000/styles.css - 200 59839 text/css 7.5037ms
2026-06-20 13:40:42.206 +09:00 [INF] Request finished HTTP/1.1 GET http://localhost:5000/app.js - 200 23659 text/javascript 10.5992ms
2026-06-20 13:40:42.212 +09:00 [INF] Request starting HTTP/1.1 GET http://localhost:5000/modules/dragdrop.js - null null
2026-06-20 13:40:42.212 +09:00 [INF] Request starting HTTP/1.1 GET http://localhost:5000/modules/api.js - null null
2026-06-20 13:40:42.212 +09:00 [INF] Request starting HTTP/1.1 GET http://localhost:5000/modules/renderer.js - null null
2026-06-20 13:40:42.216 +09:00 [INF] Request starting HTTP/1.1 GET http://localhost:5000/modules/modal.js - null null
2026-06-20 13:40:42.218 +09:00 [INF] Request starting HTTP/1.1 GET http://localhost:5000/modules/labels.js - null null
2026-06-20 13:40:42.220 +09:00 [INF] Request starting HTTP/1.1 GET http://localhost:5000/modules/state.js - null null
2026-06-20 13:40:42.226 +09:00 [INF] CORS policy execution successful.
2026-06-20 13:40:42.227 +09:00 [INF] CORS policy execution successful.
2026-06-20 13:40:42.228 +09:00 [INF] CORS policy execution successful.
2026-06-20 13:40:42.228 +09:00 [INF] CORS policy execution successful.
2026-06-20 13:40:42.230 +09:00 [INF] CORS policy execution successful.
2026-06-20 13:40:42.230 +09:00 [INF] CORS policy execution successful.
2026-06-20 13:40:42.232 +09:00 [INF] Sending file. Request path: '/modules/api.js'. Physical path: 'C:\repos\mykanban\bin\Debug\net10.0\wwwroot\modules\api.js'
2026-06-20 13:40:42.232 +09:00 [INF] Sending file. Request path: '/modules/dragdrop.js'. Physical path: 'C:\repos\mykanban\bin\Debug\net10.0\wwwroot\modules\dragdrop.js'
2026-06-20 13:40:42.235 +09:00 [INF] Sending file. Request path: '/modules/labels.js'. Physical path: 'C:\repos\mykanban\bin\Debug\net10.0\wwwroot\modules\labels.js'
2026-06-20 13:40:42.236 +09:00 [INF] Request finished HTTP/1.1 GET http://localhost:5000/modules/api.js - 200 6109 text/javascript 23.4243ms
2026-06-20 13:40:42.236 +09:00 [INF] Request finished HTTP/1.1 GET http://localhost:5000/modules/labels.js - 200 5192 text/javascript 17.6889ms
2026-06-20 13:40:42.236 +09:00 [INF] Request finished HTTP/1.1 GET http://localhost:5000/modules/dragdrop.js - 200 7088 text/javascript 23.4403ms
2026-06-20 13:40:42.244 +09:00 [INF] Request starting HTTP/1.1 GET http://localhost:5000/modules/assignees.js - null null
2026-06-20 13:40:42.244 +09:00 [INF] Request starting HTTP/1.1 GET http://localhost:5000/modules/history.js - null null
2026-06-20 13:40:42.244 +09:00 [INF] Request starting HTTP/1.1 GET http://localhost:5000/modules/childtasks.js - null null
2026-06-20 13:40:42.251 +09:00 [INF] Sending file. Request path: '/modules/renderer.js'. Physical path: 'C:\repos\mykanban\bin\Debug\net10.0\wwwroot\modules\renderer.js'
2026-06-20 13:40:42.252 +09:00 [INF] CORS policy execution successful.
2026-06-20 13:40:42.252 +09:00 [INF] CORS policy execution successful.
2026-06-20 13:40:42.252 +09:00 [INF] CORS policy execution successful.
2026-06-20 13:40:42.254 +09:00 [INF] Sending file. Request path: '/modules/modal.js'. Physical path: 'C:\repos\mykanban\bin\Debug\net10.0\wwwroot\modules\modal.js'
2026-06-20 13:40:42.254 +09:00 [INF] Request finished HTTP/1.1 GET http://localhost:5000/modules/renderer.js - 200 29602 text/javascript 40.3983ms
2026-06-20 13:40:42.258 +09:00 [INF] Sending file. Request path: '/modules/state.js'. Physical path: 'C:\repos\mykanban\bin\Debug\net10.0\wwwroot\modules\state.js'
2026-06-20 13:40:42.260 +09:00 [INF] Request finished HTTP/1.1 GET http://localhost:5000/modules/modal.js - 200 18173 text/javascript 43.3952ms
2026-06-20 13:40:42.260 +09:00 [INF] Request starting HTTP/1.1 GET http://localhost:5000/modules/actual.js - null null
2026-06-20 13:40:42.260 +09:00 [INF] Request finished HTTP/1.1 GET http://localhost:5000/modules/state.js - 200 20762 text/javascript 39.3026ms
2026-06-20 13:40:42.269 +09:00 [INF] Sending file. Request path: '/modules/childtasks.js'. Physical path: 'C:\repos\mykanban\bin\Debug\net10.0\wwwroot\modules\childtasks.js'
2026-06-20 13:40:42.269 +09:00 [INF] Request starting HTTP/1.1 GET http://localhost:5000/modules/filter.js - null null
2026-06-20 13:40:42.272 +09:00 [INF] CORS policy execution successful.
2026-06-20 13:40:42.272 +09:00 [INF] Request starting HTTP/1.1 GET http://localhost:5000/modules/archive.js - null null
2026-06-20 13:40:42.272 +09:00 [INF] CORS policy execution successful.
2026-06-20 13:40:42.272 +09:00 [INF] Request finished HTTP/1.1 GET http://localhost:5000/modules/childtasks.js - 200 11906 text/javascript 28.4271ms
2026-06-20 13:40:42.278 +09:00 [INF] Request starting HTTP/1.1 GET http://localhost:5000/modules/memo.js - null null
2026-06-20 13:40:42.278 +09:00 [INF] CORS policy execution successful.
2026-06-20 13:40:42.283 +09:00 [INF] Sending file. Request path: '/modules/assignees.js'. Physical path: 'C:\repos\mykanban\bin\Debug\net10.0\wwwroot\modules\assignees.js'
2026-06-20 13:40:42.283 +09:00 [INF] Sending file. Request path: '/modules/filter.js'. Physical path: 'C:\repos\mykanban\bin\Debug\net10.0\wwwroot\modules\filter.js'
2026-06-20 13:40:42.283 +09:00 [INF] Sending file. Request path: '/modules/history.js'. Physical path: 'C:\repos\mykanban\bin\Debug\net10.0\wwwroot\modules\history.js'
2026-06-20 13:40:42.287 +09:00 [INF] Request finished HTTP/1.1 GET http://localhost:5000/modules/assignees.js - 200 8700 text/javascript 43.3877ms
2026-06-20 13:40:42.287 +09:00 [INF] Request finished HTTP/1.1 GET http://localhost:5000/modules/filter.js - 200 7563 text/javascript 16.8233ms
2026-06-20 13:40:42.287 +09:00 [INF] Request finished HTTP/1.1 GET http://localhost:5000/modules/history.js - 200 9423 text/javascript 43.3677ms
2026-06-20 13:40:42.295 +09:00 [INF] CORS policy execution successful.
2026-06-20 13:40:42.295 +09:00 [INF] Sending file. Request path: '/modules/archive.js'. Physical path: 'C:\repos\mykanban\bin\Debug\net10.0\wwwroot\modules\archive.js'
2026-06-20 13:40:42.299 +09:00 [INF] Request starting HTTP/1.1 GET http://localhost:5000/modules/settings.js - null null
2026-06-20 13:40:42.299 +09:00 [INF] Request starting HTTP/1.1 GET http://localhost:5000/modules/auth.js - null null
2026-06-20 13:40:42.299 +09:00 [INF] Request starting HTTP/1.1 GET http://localhost:5000/modules/logger.js - null null
2026-06-20 13:40:42.305 +09:00 [INF] Sending file. Request path: '/modules/memo.js'. Physical path: 'C:\repos\mykanban\bin\Debug\net10.0\wwwroot\modules\memo.js'
2026-06-20 13:40:42.305 +09:00 [INF] Request finished HTTP/1.1 GET http://localhost:5000/modules/archive.js - 200 944 text/javascript 26.3758ms
2026-06-20 13:40:42.309 +09:00 [INF] Sending file. Request path: '/modules/actual.js'. Physical path: 'C:\repos\mykanban\bin\Debug\net10.0\wwwroot\modules\actual.js'
2026-06-20 13:40:42.310 +09:00 [INF] CORS policy execution successful.
2026-06-20 13:40:42.311 +09:00 [INF] CORS policy execution successful.
2026-06-20 13:40:42.310 +09:00 [INF] Request finished HTTP/1.1 GET http://localhost:5000/modules/actual.js - 200 11688 text/javascript 50.4442ms
2026-06-20 13:40:42.314 +09:00 [INF] CORS policy execution successful.
2026-06-20 13:40:42.314 +09:00 [INF] Request starting HTTP/1.1 GET http://localhost:5000/modules/charts.js - null null
2026-06-20 13:40:42.314 +09:00 [INF] Request finished HTTP/1.1 GET http://localhost:5000/modules/memo.js - 200 3562 text/javascript 31.7552ms
2026-06-20 13:40:42.320 +09:00 [INF] Sending file. Request path: '/modules/logger.js'. Physical path: 'C:\repos\mykanban\bin\Debug\net10.0\wwwroot\modules\logger.js'
2026-06-20 13:40:42.321 +09:00 [INF] Sending file. Request path: '/modules/auth.js'. Physical path: 'C:\repos\mykanban\bin\Debug\net10.0\wwwroot\modules\auth.js'
2026-06-20 13:40:42.321 +09:00 [INF] Request finished HTTP/1.1 GET http://localhost:5000/modules/logger.js - 200 6900 text/javascript 22.5512ms
2026-06-20 13:40:42.325 +09:00 [INF] CORS policy execution successful.
2026-06-20 13:40:42.322 +09:00 [INF] Request starting HTTP/1.1 GET http://localhost:5000/modules/ticketService.js - null null
2026-06-20 13:40:42.325 +09:00 [INF] Request finished HTTP/1.1 GET http://localhost:5000/modules/auth.js - 200 4113 text/javascript 23.69ms
2026-06-20 13:40:42.330 +09:00 [INF] CORS policy execution successful.
2026-06-20 13:40:42.333 +09:00 [INF] Sending file. Request path: '/modules/ticketService.js'. Physical path: 'C:\repos\mykanban\bin\Debug\net10.0\wwwroot\modules\ticketService.js'
2026-06-20 13:40:42.334 +09:00 [INF] Sending file. Request path: '/modules/settings.js'. Physical path: 'C:\repos\mykanban\bin\Debug\net10.0\wwwroot\modules\settings.js'
2026-06-20 13:40:42.335 +09:00 [INF] Request finished HTTP/1.1 GET http://localhost:5000/modules/ticketService.js - 200 1719 text/javascript 11.7789ms
2026-06-20 13:40:42.335 +09:00 [INF] Request finished HTTP/1.1 GET http://localhost:5000/modules/settings.js - 200 28809 text/javascript 36.7249ms
2026-06-20 13:40:42.360 +09:00 [INF] Sending file. Request path: '/modules/charts.js'. Physical path: 'C:\repos\mykanban\bin\Debug\net10.0\wwwroot\modules\charts.js'
2026-06-20 13:40:42.361 +09:00 [INF] Request finished HTTP/1.1 GET http://localhost:5000/modules/charts.js - 200 46291 text/javascript 47.2009ms
2026-06-20 13:40:42.367 +09:00 [INF] Request starting HTTP/1.1 GET http://localhost:5000/favicon.ico - null null
2026-06-20 13:40:42.370 +09:00 [INF] Request finished HTTP/1.1 GET http://localhost:5000/favicon.ico - 404 0 null 2.7938ms
2026-06-20 13:40:42.373 +09:00 [INF] Request reached the end of the middleware pipeline without being handled by application code. Request path: GET http://localhost:5000/favicon.ico, Response status code: 404
2026-06-20 13:40:43.184 +09:00 [INF] Request starting HTTP/1.1 POST http://localhost:5000/api/auth/login - application/json 38
2026-06-20 13:40:43.191 +09:00 [INF] CORS policy execution successful.
2026-06-20 13:40:43.192 +09:00 [INF] Executing endpoint 'KanbanServer.Controllers.AuthController.Login (KanbanServer)'
2026-06-20 13:40:43.219 +09:00 [INF] Route matched with {action = "Login", controller = "Auth"}. Executing controller action with signature Microsoft.AspNetCore.Mvc.IActionResult Login(LoginRequest) on controller KanbanServer.Controllers.AuthController (KanbanServer).
2026-06-20 13:40:43.263 +09:00 [INF] Executing OkObjectResult, writing value of type '<>f__AnonymousType1`3[[System.String, System.Private.CoreLib, Version=10.0.0.0, Culture=neutral, PublicKeyToken=7cec85d7bea7798e],[System.Boolean, System.Private.CoreLib, Version=10.0.0.0, Culture=neutral, PublicKeyToken=7cec85d7bea7798e],[System.String, System.Private.CoreLib, Version=10.0.0.0, Culture=neutral, PublicKeyToken=7cec85d7bea7798e]]'.
2026-06-20 13:40:43.276 +09:00 [INF] Executed action KanbanServer.Controllers.AuthController.Login (KanbanServer) in 52.3165ms
2026-06-20 13:40:43.278 +09:00 [INF] Executed endpoint 'KanbanServer.Controllers.AuthController.Login (KanbanServer)'
2026-06-20 13:40:43.278 +09:00 [INF] Request finished HTTP/1.1 POST http://localhost:5000/api/auth/login - 200 null application/json; charset=utf-8 94.0602ms
2026-06-20 13:40:43.284 +09:00 [INF] Request starting HTTP/1.1 GET http://localhost:5000/api/settings - null null
2026-06-20 13:40:43.288 +09:00 [INF] Executing endpoint 'KanbanServer.Controllers.SettingsController.Get (KanbanServer)'
2026-06-20 13:40:43.299 +09:00 [INF] Route matched with {action = "Get", controller = "Settings"}. Executing controller action with signature System.Threading.Tasks.Task`1[Microsoft.AspNetCore.Mvc.ActionResult`1[KanbanServer.Models.Setting]] Get() on controller KanbanServer.Controllers.SettingsController (KanbanServer).
2026-06-20 13:40:43.526 +09:00 [WRN] The query uses the 'First'/'FirstOrDefault' operator without 'OrderBy' and filter operators. This may lead to unpredictable results.
2026-06-20 13:40:43.888 +09:00 [INF] Executed DbCommand (2ms) [Parameters=[], CommandType='"Text"', CommandTimeout='30']
SELECT "s"."Id", "s"."Holidays", "s"."HolidaysJson", "s"."LabelsJson", "s"."Users", "s"."UsersJson"
FROM "Settings" AS "s"
LIMIT 1
2026-06-20 13:40:43.959 +09:00 [INF] Executing OkObjectResult, writing value of type 'KanbanServer.Models.Setting'.
2026-06-20 13:40:43.962 +09:00 [INF] Executed action KanbanServer.Controllers.SettingsController.Get (KanbanServer) in 661.1761ms
2026-06-20 13:40:43.965 +09:00 [INF] Executed endpoint 'KanbanServer.Controllers.SettingsController.Get (KanbanServer)'
2026-06-20 13:40:43.968 +09:00 [INF] Request starting HTTP/1.1 GET http://localhost:5000/api/tickets/labels/suggest - null null
2026-06-20 13:40:43.968 +09:00 [INF] Request starting HTTP/1.1 GET http://localhost:5000/api/tickets/assignees/suggest - null null
2026-06-20 13:40:43.970 +09:00 [INF] Request finished HTTP/1.1 GET http://localhost:5000/api/settings - 200 null application/json; charset=utf-8 686.1166ms
2026-06-20 13:40:43.971 +09:00 [INF] Request starting HTTP/1.1 GET http://localhost:5000/api/tickets - null null
2026-06-20 13:40:43.972 +09:00 [INF] Executing endpoint 'KanbanServer.Controllers.TicketsController.GetAssigneesSuggest (KanbanServer)'
2026-06-20 13:40:43.972 +09:00 [INF] Executing endpoint 'KanbanServer.Controllers.TicketsController.GetLabelsSuggest (KanbanServer)'
2026-06-20 13:40:43.973 +09:00 [INF] Executing endpoint 'KanbanServer.Controllers.TicketsController.GetAll (KanbanServer)'
2026-06-20 13:40:43.977 +09:00 [INF] Route matched with {action = "GetAssigneesSuggest", controller = "Tickets"}. Executing controller action with signature System.Threading.Tasks.Task`1[Microsoft.AspNetCore.Mvc.ActionResult`1[System.Collections.Generic.List`1[System.String]]] GetAssigneesSuggest() on controller KanbanServer.Controllers.TicketsController (KanbanServer).
2026-06-20 13:40:43.978 +09:00 [INF] Route matched with {action = "GetAll", controller = "Tickets"}. Executing controller action with signature System.Threading.Tasks.Task`1[Microsoft.AspNetCore.Mvc.ActionResult`1[System.Collections.Generic.List`1[KanbanServer.Models.Ticket]]] GetAll() on controller KanbanServer.Controllers.TicketsController (KanbanServer).
2026-06-20 13:40:43.977 +09:00 [INF] Route matched with {action = "GetLabelsSuggest", controller = "Tickets"}. Executing controller action with signature System.Threading.Tasks.Task`1[Microsoft.AspNetCore.Mvc.ActionResult`1[System.Collections.Generic.List`1[KanbanServer.Models.LabelSuggestDto]]] GetLabelsSuggest() on controller KanbanServer.Controllers.TicketsController (KanbanServer).
2026-06-20 13:40:44.063 +09:00 [INF] Executed DbCommand (0ms) [Parameters=[], CommandType='"Text"', CommandTimeout='30']
SELECT "s"."Id", "s"."Holidays", "s"."HolidaysJson", "s"."LabelsJson", "s"."Users", "s"."UsersJson"
FROM "Settings" AS "s"
LIMIT 1
2026-06-20 13:40:44.074 +09:00 [INF] Executed DbCommand (8ms) [Parameters=[], CommandType='"Text"', CommandTimeout='30']
SELECT "s"."Id", "s"."Holidays", "s"."HolidaysJson", "s"."LabelsJson", "s"."Users", "s"."UsersJson"
FROM "Settings" AS "s"
LIMIT 1
2026-06-20 13:40:44.080 +09:00 [INF] Executed DbCommand (0ms) [Parameters=[], CommandType='"Text"', CommandTimeout='30']
SELECT "t"."TicketId", "t"."Assignees", "t"."AssigneesJson", "t"."Category", "t"."ChildTasksJson", "t"."Column", "t"."Effort", "t"."EndDate", "t"."Id", "t"."IsArchived", "t"."IsEmergency", "t"."IsLocked", "t"."Labels", "t"."LabelsJson", "t"."MainAssignee", "t"."Memo", "t"."Position", "t"."PreviousColumn", "t"."Progress", "t"."StartDate", "t"."Title"
FROM "Tickets" AS "t"
2026-06-20 13:40:44.128 +09:00 [INF] Executed DbCommand (0ms) [Parameters=[], CommandType='"Text"', CommandTimeout='30']
SELECT "t"."TicketId", "t"."Assignees", "t"."AssigneesJson", "t"."Category", "t"."ChildTasksJson", "t"."Column", "t"."Effort", "t"."EndDate", "t"."Id", "t"."IsArchived", "t"."IsEmergency", "t"."IsLocked", "t"."Labels", "t"."LabelsJson", "t"."MainAssignee", "t"."Memo", "t"."Position", "t"."PreviousColumn", "t"."Progress", "t"."StartDate", "t"."Title"
FROM "Tickets" AS "t"
WHERE length("t"."AssigneesJson") > 2
2026-06-20 13:40:44.132 +09:00 [INF] Executed DbCommand (3ms) [Parameters=[], CommandType='"Text"', CommandTimeout='30']
SELECT "t"."TicketId", "t"."Assignees", "t"."AssigneesJson", "t"."Category", "t"."ChildTasksJson", "t"."Column", "t"."Effort", "t"."EndDate", "t"."Id", "t"."IsArchived", "t"."IsEmergency", "t"."IsLocked", "t"."Labels", "t"."LabelsJson", "t"."MainAssignee", "t"."Memo", "t"."Position", "t"."PreviousColumn", "t"."Progress", "t"."StartDate", "t"."Title"
FROM "Tickets" AS "t"
WHERE length("t"."LabelsJson") > 2
2026-06-20 13:40:44.136 +09:00 [INF] Executing OkObjectResult, writing value of type 'System.Collections.Generic.List`1[[System.String, System.Private.CoreLib, Version=10.0.0.0, Culture=neutral, PublicKeyToken=7cec85d7bea7798e]]'.
2026-06-20 13:40:44.137 +09:00 [INF] Executed action KanbanServer.Controllers.TicketsController.GetAssigneesSuggest (KanbanServer) in 159.0145ms
2026-06-20 13:40:44.138 +09:00 [INF] Executed endpoint 'KanbanServer.Controllers.TicketsController.GetAssigneesSuggest (KanbanServer)'
2026-06-20 13:40:44.139 +09:00 [INF] Executing OkObjectResult, writing value of type 'System.Collections.Generic.List`1[[KanbanServer.Models.LabelSuggestDto, KanbanServer, Version=1.0.0.0, Culture=neutral, PublicKeyToken=null]]'.
2026-06-20 13:40:44.141 +09:00 [INF] Executed action KanbanServer.Controllers.TicketsController.GetLabelsSuggest (KanbanServer) in 159.6101ms
2026-06-20 13:40:44.142 +09:00 [INF] Executed endpoint 'KanbanServer.Controllers.TicketsController.GetLabelsSuggest (KanbanServer)'
2026-06-20 13:40:44.144 +09:00 [INF] Request finished HTTP/1.1 GET http://localhost:5000/api/tickets/assignees/suggest - 200 null application/json; charset=utf-8 175.6275ms
2026-06-20 13:40:44.148 +09:00 [INF] Request finished HTTP/1.1 GET http://localhost:5000/api/tickets/labels/suggest - 200 null application/json; charset=utf-8 179.6215ms
2026-06-20 13:40:44.182 +09:00 [INF] Executing OkObjectResult, writing value of type 'System.Collections.Generic.List`1[[KanbanServer.Models.Ticket, KanbanServer, Version=1.0.0.0, Culture=neutral, PublicKeyToken=null]]'.
2026-06-20 13:40:44.212 +09:00 [INF] Executed action KanbanServer.Controllers.TicketsController.GetAll (KanbanServer) in 233.14ms
2026-06-20 13:40:44.214 +09:00 [INF] Executed endpoint 'KanbanServer.Controllers.TicketsController.GetAll (KanbanServer)'
2026-06-20 13:40:44.215 +09:00 [INF] Request finished HTTP/1.1 GET http://localhost:5000/api/tickets - 200 null application/json; charset=utf-8 243.7497ms
2026-06-20 13:50:34.788 +09:00 [INF] Executed DbCommand (8ms) [Parameters=[], CommandType='"Text"', CommandTimeout='30']
SELECT COUNT(*) FROM "sqlite_master" WHERE "type" = 'table' AND "rootpage" IS NOT NULL;
2026-06-20 13:50:34.886 +09:00 [WRN] Overriding address(es) 'http://localhost:5171'. Binding to endpoints defined via IConfiguration and/or UseKestrel() instead.
2026-06-20 13:50:34.894 +09:00 [INF] Now listening on: http://0.0.0.0:5000
2026-06-20 13:50:34.898 +09:00 [INF] Application started. Press Ctrl+C to shut down.
2026-06-20 13:50:34.899 +09:00 [INF] Hosting environment: Development
2026-06-20 13:50:34.900 +09:00 [INF] Content root path: C:\repos\mykanban
2026-06-20 13:50:38.391 +09:00 [INF] Request starting HTTP/1.1 GET http://localhost:5000/ - null null
2026-06-20 13:50:38.427 +09:00 [INF] Executing endpoint 'Fallback {*path:nonfile}'
2026-06-20 13:50:38.438 +09:00 [INF] Executed endpoint 'Fallback {*path:nonfile}'
2026-06-20 13:50:38.443 +09:00 [INF] Request finished HTTP/1.1 GET http://localhost:5000/ - 200 null text/html; charset=utf-8 52.0459ms
2026-06-20 13:50:38.455 +09:00 [INF] Request starting HTTP/1.1 GET http://localhost:5000/styles.css - null null
2026-06-20 13:50:38.486 +09:00 [INF] Sending file. Request path: '/styles.css'. Physical path: 'C:\repos\mykanban\bin\Debug\net10.0\wwwroot\styles.css'
2026-06-20 13:50:38.488 +09:00 [INF] Request finished HTTP/1.1 GET http://localhost:5000/styles.css - 200 59839 text/css 34.3ms
2026-06-20 13:50:39.411 +09:00 [INF] Request starting HTTP/1.1 GET http://localhost:5000/ - null null
2026-06-20 13:50:39.418 +09:00 [INF] Executing endpoint 'Fallback {*path:nonfile}'
2026-06-20 13:50:39.420 +09:00 [INF] Executed endpoint 'Fallback {*path:nonfile}'
2026-06-20 13:50:39.421 +09:00 [INF] Request finished HTTP/1.1 GET http://localhost:5000/ - 200 null text/html; charset=utf-8 10.5761ms
2026-06-20 13:50:39.425 +09:00 [INF] Request starting HTTP/1.1 GET http://localhost:5000/app.js - null null
2026-06-20 13:50:39.425 +09:00 [INF] Request starting HTTP/1.1 GET http://localhost:5000/styles.css - null null
2026-06-20 13:50:39.434 +09:00 [INF] Sending file. Request path: '/styles.css'. Physical path: 'C:\repos\mykanban\bin\Debug\net10.0\wwwroot\styles.css'
2026-06-20 13:50:39.436 +09:00 [INF] Request finished HTTP/1.1 GET http://localhost:5000/styles.css - 200 59839 text/css 10.6313ms
2026-06-20 13:50:39.437 +09:00 [INF] CORS policy execution successful.
2026-06-20 13:50:39.443 +09:00 [INF] Sending file. Request path: '/app.js'. Physical path: 'C:\repos\mykanban\bin\Debug\net10.0\wwwroot\app.js'
2026-06-20 13:50:39.444 +09:00 [INF] Request finished HTTP/1.1 GET http://localhost:5000/app.js - 200 23659 text/javascript 18.9318ms
2026-06-20 13:50:39.451 +09:00 [INF] Request starting HTTP/1.1 GET http://localhost:5000/modules/api.js - null null
2026-06-20 13:50:39.451 +09:00 [INF] Request starting HTTP/1.1 GET http://localhost:5000/modules/renderer.js - null null
2026-06-20 13:50:39.456 +09:00 [INF] Request starting HTTP/1.1 GET http://localhost:5000/modules/state.js - null null
2026-06-20 13:50:39.460 +09:00 [INF] CORS policy execution successful.
2026-06-20 13:50:39.460 +09:00 [INF] CORS policy execution successful.
2026-06-20 13:50:39.460 +09:00 [INF] CORS policy execution successful.
2026-06-20 13:50:39.465 +09:00 [INF] Sending file. Request path: '/modules/api.js'. Physical path: 'C:\repos\mykanban\bin\Debug\net10.0\wwwroot\modules\api.js'
2026-06-20 13:50:39.467 +09:00 [INF] Sending file. Request path: '/modules/renderer.js'. Physical path: 'C:\repos\mykanban\bin\Debug\net10.0\wwwroot\modules\renderer.js'
2026-06-20 13:50:39.467 +09:00 [INF] Sending file. Request path: '/modules/state.js'. Physical path: 'C:\repos\mykanban\bin\Debug\net10.0\wwwroot\modules\state.js'
2026-06-20 13:50:39.467 +09:00 [INF] Request finished HTTP/1.1 GET http://localhost:5000/modules/api.js - 200 6109 text/javascript 15.6476ms
2026-06-20 13:50:39.475 +09:00 [INF] Request finished HTTP/1.1 GET http://localhost:5000/modules/state.js - 200 20762 text/javascript 19.131ms
2026-06-20 13:50:39.475 +09:00 [INF] Request finished HTTP/1.1 GET http://localhost:5000/modules/renderer.js - 200 29602 text/javascript 24.3012ms
2026-06-20 13:50:39.489 +09:00 [INF] Request starting HTTP/1.1 GET http://localhost:5000/modules/dragdrop.js - null null
2026-06-20 13:50:39.489 +09:00 [INF] Request starting HTTP/1.1 GET http://localhost:5000/modules/labels.js - null null
2026-06-20 13:50:39.492 +09:00 [INF] Request starting HTTP/1.1 GET http://localhost:5000/modules/modal.js - null null
2026-06-20 13:50:39.499 +09:00 [INF] CORS policy execution successful.
2026-06-20 13:50:39.499 +09:00 [INF] CORS policy execution successful.
2026-06-20 13:50:39.499 +09:00 [INF] CORS policy execution successful.
2026-06-20 13:50:39.503 +09:00 [INF] Sending file. Request path: '/modules/dragdrop.js'. Physical path: 'C:\repos\mykanban\bin\Debug\net10.0\wwwroot\modules\dragdrop.js'
2026-06-20 13:50:39.503 +09:00 [INF] Sending file. Request path: '/modules/labels.js'. Physical path: 'C:\repos\mykanban\bin\Debug\net10.0\wwwroot\modules\labels.js'
2026-06-20 13:50:39.506 +09:00 [INF] Sending file. Request path: '/modules/modal.js'. Physical path: 'C:\repos\mykanban\bin\Debug\net10.0\wwwroot\modules\modal.js'
2026-06-20 13:50:39.506 +09:00 [INF] Request finished HTTP/1.1 GET http://localhost:5000/modules/dragdrop.js - 200 7088 text/javascript 17.6977ms
2026-06-20 13:50:39.506 +09:00 [INF] Request finished HTTP/1.1 GET http://localhost:5000/modules/labels.js - 200 5192 text/javascript 17.5987ms
2026-06-20 13:50:39.519 +09:00 [INF] Request starting HTTP/1.1 GET http://localhost:5000/modules/childtasks.js - null null
2026-06-20 13:50:39.519 +09:00 [INF] Request finished HTTP/1.1 GET http://localhost:5000/modules/modal.js - 200 18173 text/javascript 27.1237ms
2026-06-20 13:50:39.527 +09:00 [INF] Request starting HTTP/1.1 GET http://localhost:5000/modules/assignees.js - null null
2026-06-20 13:50:39.532 +09:00 [INF] Request starting HTTP/1.1 GET http://localhost:5000/modules/history.js - null null
2026-06-20 13:50:39.532 +09:00 [INF] CORS policy execution successful.
2026-06-20 13:50:39.532 +09:00 [INF] CORS policy execution successful.
2026-06-20 13:50:39.537 +09:00 [INF] CORS policy execution successful.
2026-06-20 13:50:39.538 +09:00 [INF] Sending file. Request path: '/modules/assignees.js'. Physical path: 'C:\repos\mykanban\bin\Debug\net10.0\wwwroot\modules\assignees.js'
2026-06-20 13:50:39.540 +09:00 [INF] Sending file. Request path: '/modules/childtasks.js'. Physical path: 'C:\repos\mykanban\bin\Debug\net10.0\wwwroot\modules\childtasks.js'
2026-06-20 13:50:39.540 +09:00 [INF] Request finished HTTP/1.1 GET http://localhost:5000/modules/assignees.js - 200 8700 text/javascript 13.7814ms
2026-06-20 13:50:39.547 +09:00 [INF] Sending file. Request path: '/modules/history.js'. Physical path: 'C:\repos\mykanban\bin\Debug\net10.0\wwwroot\modules\history.js'
2026-06-20 13:50:39.549 +09:00 [INF] Request finished HTTP/1.1 GET http://localhost:5000/modules/childtasks.js - 200 11906 text/javascript 27.5033ms
2026-06-20 13:50:39.549 +09:00 [INF] Request finished HTTP/1.1 GET http://localhost:5000/modules/history.js - 200 9423 text/javascript 17.2685ms
2026-06-20 13:50:39.553 +09:00 [INF] Request starting HTTP/1.1 GET http://localhost:5000/modules/actual.js - null null
2026-06-20 13:50:39.560 +09:00 [INF] Request starting HTTP/1.1 GET http://localhost:5000/modules/filter.js - null null
2026-06-20 13:50:39.560 +09:00 [INF] Request starting HTTP/1.1 GET http://localhost:5000/modules/archive.js - null null
2026-06-20 13:50:39.567 +09:00 [INF] CORS policy execution successful.
2026-06-20 13:50:39.568 +09:00 [INF] CORS policy execution successful.
2026-06-20 13:50:39.568 +09:00 [INF] CORS policy execution successful.
2026-06-20 13:50:39.571 +09:00 [INF] Sending file. Request path: '/modules/archive.js'. Physical path: 'C:\repos\mykanban\bin\Debug\net10.0\wwwroot\modules\archive.js'
2026-06-20 13:50:39.571 +09:00 [INF] Sending file. Request path: '/modules/actual.js'. Physical path: 'C:\repos\mykanban\bin\Debug\net10.0\wwwroot\modules\actual.js'
2026-06-20 13:50:39.575 +09:00 [INF] Sending file. Request path: '/modules/filter.js'. Physical path: 'C:\repos\mykanban\bin\Debug\net10.0\wwwroot\modules\filter.js'
2026-06-20 13:50:39.576 +09:00 [INF] Request finished HTTP/1.1 GET http://localhost:5000/modules/archive.js - 200 944 text/javascript 14.7084ms
2026-06-20 13:50:39.576 +09:00 [INF] Request finished HTTP/1.1 GET http://localhost:5000/modules/actual.js - 200 11688 text/javascript 21.7837ms
2026-06-20 13:50:39.576 +09:00 [INF] Request finished HTTP/1.1 GET http://localhost:5000/modules/filter.js - 200 7563 text/javascript 16.4274ms
2026-06-20 13:50:39.589 +09:00 [INF] Request starting HTTP/1.1 GET http://localhost:5000/modules/auth.js - null null
2026-06-20 13:50:39.589 +09:00 [INF] Request starting HTTP/1.1 GET http://localhost:5000/modules/memo.js - null null
2026-06-20 13:50:39.589 +09:00 [INF] Request starting HTTP/1.1 GET http://localhost:5000/modules/settings.js - null null
2026-06-20 13:50:39.599 +09:00 [INF] CORS policy execution successful.
2026-06-20 13:50:39.599 +09:00 [INF] CORS policy execution successful.
2026-06-20 13:50:39.599 +09:00 [INF] CORS policy execution successful.
2026-06-20 13:50:39.603 +09:00 [INF] Sending file. Request path: '/modules/auth.js'. Physical path: 'C:\repos\mykanban\bin\Debug\net10.0\wwwroot\modules\auth.js'
2026-06-20 13:50:39.603 +09:00 [INF] Sending file. Request path: '/modules/memo.js'. Physical path: 'C:\repos\mykanban\bin\Debug\net10.0\wwwroot\modules\memo.js'
2026-06-20 13:50:39.606 +09:00 [INF] Sending file. Request path: '/modules/settings.js'. Physical path: 'C:\repos\mykanban\bin\Debug\net10.0\wwwroot\modules\settings.js'
2026-06-20 13:50:39.606 +09:00 [INF] Request finished HTTP/1.1 GET http://localhost:5000/modules/memo.js - 200 3562 text/javascript 17.6818ms
2026-06-20 13:50:39.606 +09:00 [INF] Request finished HTTP/1.1 GET http://localhost:5000/modules/auth.js - 200 4113 text/javascript 17.696ms
2026-06-20 13:50:39.619 +09:00 [INF] Request finished HTTP/1.1 GET http://localhost:5000/modules/settings.js - 200 28809 text/javascript 30.1657ms
2026-06-20 13:50:39.619 +09:00 [INF] Request starting HTTP/1.1 GET http://localhost:5000/modules/logger.js - null null
2026-06-20 13:50:39.623 +09:00 [INF] Request starting HTTP/1.1 GET http://localhost:5000/modules/ticketService.js - null null
2026-06-20 13:50:39.629 +09:00 [INF] Request starting HTTP/1.1 GET http://localhost:5000/modules/charts.js - null null
2026-06-20 13:50:39.633 +09:00 [INF] CORS policy execution successful.
2026-06-20 13:50:39.633 +09:00 [INF] CORS policy execution successful.
2026-06-20 13:50:39.635 +09:00 [INF] CORS policy execution successful.
2026-06-20 13:50:39.636 +09:00 [INF] Sending file. Request path: '/modules/ticketService.js'. Physical path: 'C:\repos\mykanban\bin\Debug\net10.0\wwwroot\modules\ticketService.js'
2026-06-20 13:50:39.638 +09:00 [INF] Sending file. Request path: '/modules/logger.js'. Physical path: 'C:\repos\mykanban\bin\Debug\net10.0\wwwroot\modules\logger.js'
2026-06-20 13:50:39.638 +09:00 [INF] Request finished HTTP/1.1 GET http://localhost:5000/modules/ticketService.js - 200 1719 text/javascript 19.0619ms
2026-06-20 13:50:39.645 +09:00 [INF] Sending file. Request path: '/modules/charts.js'. Physical path: 'C:\repos\mykanban\bin\Debug\net10.0\wwwroot\modules\charts.js'
2026-06-20 13:50:39.648 +09:00 [INF] Request finished HTTP/1.1 GET http://localhost:5000/modules/logger.js - 200 6900 text/javascript 25.8311ms
2026-06-20 13:50:39.648 +09:00 [INF] Request finished HTTP/1.1 GET http://localhost:5000/modules/charts.js - 200 46291 text/javascript 18.4422ms
2026-06-20 13:50:39.655 +09:00 [INF] Request starting HTTP/1.1 GET http://localhost:5000/favicon.ico - null null
2026-06-20 13:50:39.657 +09:00 [INF] Request finished HTTP/1.1 GET http://localhost:5000/favicon.ico - 404 0 null 1.9121ms
2026-06-20 13:50:39.659 +09:00 [INF] Request reached the end of the middleware pipeline without being handled by application code. Request path: GET http://localhost:5000/favicon.ico, Response status code: 404
2026-06-20 13:50:40.505 +09:00 [INF] Request starting HTTP/1.1 POST http://localhost:5000/api/auth/login - application/json 38
2026-06-20 13:50:40.510 +09:00 [INF] CORS policy execution successful.
2026-06-20 13:50:40.511 +09:00 [INF] Executing endpoint 'KanbanServer.Controllers.AuthController.Login (KanbanServer)'
2026-06-20 13:50:40.528 +09:00 [INF] Route matched with {action = "Login", controller = "Auth"}. Executing controller action with signature Microsoft.AspNetCore.Mvc.IActionResult Login(LoginRequest) on controller KanbanServer.Controllers.AuthController (KanbanServer).
2026-06-20 13:50:40.562 +09:00 [INF] Executing OkObjectResult, writing value of type '<>f__AnonymousType1`3[[System.String, System.Private.CoreLib, Version=10.0.0.0, Culture=neutral, PublicKeyToken=7cec85d7bea7798e],[System.Boolean, System.Private.CoreLib, Version=10.0.0.0, Culture=neutral, PublicKeyToken=7cec85d7bea7798e],[System.String, System.Private.CoreLib, Version=10.0.0.0, Culture=neutral, PublicKeyToken=7cec85d7bea7798e]]'.
2026-06-20 13:50:40.573 +09:00 [INF] Executed action KanbanServer.Controllers.AuthController.Login (KanbanServer) in 38.9934ms
2026-06-20 13:50:40.575 +09:00 [INF] Executed endpoint 'KanbanServer.Controllers.AuthController.Login (KanbanServer)'
2026-06-20 13:50:40.577 +09:00 [INF] Request finished HTTP/1.1 POST http://localhost:5000/api/auth/login - 200 null application/json; charset=utf-8 72.0176ms
2026-06-20 13:50:40.582 +09:00 [INF] Request starting HTTP/1.1 GET http://localhost:5000/api/settings - null null
2026-06-20 13:50:40.587 +09:00 [INF] Executing endpoint 'KanbanServer.Controllers.SettingsController.Get (KanbanServer)'
2026-06-20 13:50:40.594 +09:00 [INF] Route matched with {action = "Get", controller = "Settings"}. Executing controller action with signature System.Threading.Tasks.Task`1[Microsoft.AspNetCore.Mvc.ActionResult`1[KanbanServer.Models.Setting]] Get() on controller KanbanServer.Controllers.SettingsController (KanbanServer).
2026-06-20 13:50:40.785 +09:00 [WRN] The query uses the 'First'/'FirstOrDefault' operator without 'OrderBy' and filter operators. This may lead to unpredictable results.
2026-06-20 13:50:41.024 +09:00 [INF] Executed DbCommand (1ms) [Parameters=[], CommandType='"Text"', CommandTimeout='30']
SELECT "s"."Id", "s"."Holidays", "s"."HolidaysJson", "s"."LabelsJson", "s"."Users", "s"."UsersJson"
FROM "Settings" AS "s"
LIMIT 1
2026-06-20 13:50:41.077 +09:00 [INF] Executing OkObjectResult, writing value of type 'KanbanServer.Models.Setting'.
2026-06-20 13:50:41.085 +09:00 [INF] Executed action KanbanServer.Controllers.SettingsController.Get (KanbanServer) in 486.1369ms
2026-06-20 13:50:41.087 +09:00 [INF] Executed endpoint 'KanbanServer.Controllers.SettingsController.Get (KanbanServer)'
2026-06-20 13:50:41.089 +09:00 [INF] Request starting HTTP/1.1 GET http://localhost:5000/api/tickets/labels/suggest - null null
2026-06-20 13:50:41.089 +09:00 [INF] Request starting HTTP/1.1 GET http://localhost:5000/api/tickets/assignees/suggest - null null
2026-06-20 13:50:41.098 +09:00 [INF] Request finished HTTP/1.1 GET http://localhost:5000/api/settings - 200 null application/json; charset=utf-8 516.0112ms
2026-06-20 13:50:41.102 +09:00 [INF] Executing endpoint 'KanbanServer.Controllers.TicketsController.GetLabelsSuggest (KanbanServer)'
2026-06-20 13:50:41.102 +09:00 [INF] Executing endpoint 'KanbanServer.Controllers.TicketsController.GetAssigneesSuggest (KanbanServer)'
2026-06-20 13:50:41.105 +09:00 [INF] Request starting HTTP/1.1 GET http://localhost:5000/api/tickets - null null
2026-06-20 13:50:41.109 +09:00 [INF] Executing endpoint 'KanbanServer.Controllers.TicketsController.GetAll (KanbanServer)'
2026-06-20 13:50:41.110 +09:00 [INF] Route matched with {action = "GetLabelsSuggest", controller = "Tickets"}. Executing controller action with signature System.Threading.Tasks.Task`1[Microsoft.AspNetCore.Mvc.ActionResult`1[System.Collections.Generic.List`1[KanbanServer.Models.LabelSuggestDto]]] GetLabelsSuggest() on controller KanbanServer.Controllers.TicketsController (KanbanServer).
2026-06-20 13:50:41.116 +09:00 [INF] Route matched with {action = "GetAssigneesSuggest", controller = "Tickets"}. Executing controller action with signature System.Threading.Tasks.Task`1[Microsoft.AspNetCore.Mvc.ActionResult`1[System.Collections.Generic.List`1[System.String]]] GetAssigneesSuggest() on controller KanbanServer.Controllers.TicketsController (KanbanServer).
2026-06-20 13:50:41.119 +09:00 [INF] Route matched with {action = "GetAll", controller = "Tickets"}. Executing controller action with signature System.Threading.Tasks.Task`1[Microsoft.AspNetCore.Mvc.ActionResult`1[System.Collections.Generic.List`1[KanbanServer.Models.Ticket]]] GetAll() on controller KanbanServer.Controllers.TicketsController (KanbanServer).
2026-06-20 13:50:41.183 +09:00 [INF] Executed DbCommand (0ms) [Parameters=[], CommandType='"Text"', CommandTimeout='30']
SELECT "s"."Id", "s"."Holidays", "s"."HolidaysJson", "s"."LabelsJson", "s"."Users", "s"."UsersJson"
FROM "Settings" AS "s"
LIMIT 1
2026-06-20 13:50:41.195 +09:00 [INF] Executed DbCommand (0ms) [Parameters=[], CommandType='"Text"', CommandTimeout='30']
SELECT "t"."TicketId", "t"."Assignees", "t"."AssigneesJson", "t"."Category", "t"."ChildTasksJson", "t"."Column", "t"."Effort", "t"."EndDate", "t"."Id", "t"."IsArchived", "t"."IsEmergency", "t"."IsLocked", "t"."Labels", "t"."LabelsJson", "t"."MainAssignee", "t"."Memo", "t"."Position", "t"."PreviousColumn", "t"."Progress", "t"."StartDate", "t"."Title"
FROM "Tickets" AS "t"
2026-06-20 13:50:41.195 +09:00 [INF] Executed DbCommand (9ms) [Parameters=[], CommandType='"Text"', CommandTimeout='30']
SELECT "s"."Id", "s"."Holidays", "s"."HolidaysJson", "s"."LabelsJson", "s"."Users", "s"."UsersJson"
FROM "Settings" AS "s"
LIMIT 1
2026-06-20 13:50:41.230 +09:00 [INF] Executed DbCommand (0ms) [Parameters=[], CommandType='"Text"', CommandTimeout='30']
SELECT "t"."TicketId", "t"."Assignees", "t"."AssigneesJson", "t"."Category", "t"."ChildTasksJson", "t"."Column", "t"."Effort", "t"."EndDate", "t"."Id", "t"."IsArchived", "t"."IsEmergency", "t"."IsLocked", "t"."Labels", "t"."LabelsJson", "t"."MainAssignee", "t"."Memo", "t"."Position", "t"."PreviousColumn", "t"."Progress", "t"."StartDate", "t"."Title"
FROM "Tickets" AS "t"
WHERE length("t"."LabelsJson") > 2
2026-06-20 13:50:41.234 +09:00 [INF] Executed DbCommand (4ms) [Parameters=[], CommandType='"Text"', CommandTimeout='30']
SELECT "t"."TicketId", "t"."Assignees", "t"."AssigneesJson", "t"."Category", "t"."ChildTasksJson", "t"."Column", "t"."Effort", "t"."EndDate", "t"."Id", "t"."IsArchived", "t"."IsEmergency", "t"."IsLocked", "t"."Labels", "t"."LabelsJson", "t"."MainAssignee", "t"."Memo", "t"."Position", "t"."PreviousColumn", "t"."Progress", "t"."StartDate", "t"."Title"
FROM "Tickets" AS "t"
WHERE length("t"."AssigneesJson") > 2
2026-06-20 13:50:41.241 +09:00 [INF] Executing OkObjectResult, writing value of type 'System.Collections.Generic.List`1[[System.String, System.Private.CoreLib, Version=10.0.0.0, Culture=neutral, PublicKeyToken=7cec85d7bea7798e]]'.
2026-06-20 13:50:41.243 +09:00 [INF] Executing OkObjectResult, writing value of type 'System.Collections.Generic.List`1[[KanbanServer.Models.LabelSuggestDto, KanbanServer, Version=1.0.0.0, Culture=neutral, PublicKeyToken=null]]'.
2026-06-20 13:50:41.245 +09:00 [INF] Executed action KanbanServer.Controllers.TicketsController.GetAssigneesSuggest (KanbanServer) in 125.843ms
2026-06-20 13:50:41.247 +09:00 [INF] Executed endpoint 'KanbanServer.Controllers.TicketsController.GetAssigneesSuggest (KanbanServer)'
2026-06-20 13:50:41.248 +09:00 [INF] Executed action KanbanServer.Controllers.TicketsController.GetLabelsSuggest (KanbanServer) in 134.1878ms
2026-06-20 13:50:41.250 +09:00 [INF] Executed endpoint 'KanbanServer.Controllers.TicketsController.GetLabelsSuggest (KanbanServer)'
2026-06-20 13:50:41.256 +09:00 [INF] Request finished HTTP/1.1 GET http://localhost:5000/api/tickets/labels/suggest - 200 null application/json; charset=utf-8 166.7923ms
2026-06-20 13:50:41.256 +09:00 [INF] Request finished HTTP/1.1 GET http://localhost:5000/api/tickets/assignees/suggest - 200 null application/json; charset=utf-8 166.8144ms
2026-06-20 13:50:41.276 +09:00 [INF] Executing OkObjectResult, writing value of type 'System.Collections.Generic.List`1[[KanbanServer.Models.Ticket, KanbanServer, Version=1.0.0.0, Culture=neutral, PublicKeyToken=null]]'.
2026-06-20 13:50:41.293 +09:00 [INF] Executed action KanbanServer.Controllers.TicketsController.GetAll (KanbanServer) in 171.6006ms
2026-06-20 13:50:41.295 +09:00 [INF] Executed endpoint 'KanbanServer.Controllers.TicketsController.GetAll (KanbanServer)'
2026-06-20 13:50:41.297 +09:00 [INF] Request finished HTTP/1.1 GET http://localhost:5000/api/tickets - 200 null application/json; charset=utf-8 191.9422ms
2026-06-20 13:51:51.019 +09:00 [INF] Executed DbCommand (8ms) [Parameters=[], CommandType='"Text"', CommandTimeout='30']
SELECT COUNT(*) FROM "sqlite_master" WHERE "type" = 'table' AND "rootpage" IS NOT NULL;
2026-06-20 13:51:51.115 +09:00 [WRN] Overriding address(es) 'http://localhost:5171'. Binding to endpoints defined via IConfiguration and/or UseKestrel() instead.
2026-06-20 13:51:51.123 +09:00 [INF] Now listening on: http://0.0.0.0:5000
2026-06-20 13:51:51.124 +09:00 [INF] Application started. Press Ctrl+C to shut down.
2026-06-20 13:51:51.125 +09:00 [INF] Hosting environment: Development
2026-06-20 13:51:51.125 +09:00 [INF] Content root path: C:\repos\mykanban
2026-06-20 13:52:05.070 +09:00 [INF] Request starting HTTP/1.1 GET http://localhost:5000/ - null null
2026-06-20 13:52:05.110 +09:00 [INF] Executing endpoint 'Fallback {*path:nonfile}'
2026-06-20 13:52:05.124 +09:00 [INF] Executed endpoint 'Fallback {*path:nonfile}'
2026-06-20 13:52:05.128 +09:00 [INF] Request finished HTTP/1.1 GET http://localhost:5000/ - 200 null text/html; charset=utf-8 58.554ms
2026-06-20 13:52:05.138 +09:00 [INF] Request starting HTTP/1.1 GET http://localhost:5000/styles.css - null null
2026-06-20 13:52:05.169 +09:00 [INF] Sending file. Request path: '/styles.css'. Physical path: 'C:\repos\mykanban\bin\Debug\net10.0\wwwroot\styles.css'
2026-06-20 13:52:05.173 +09:00 [INF] Request finished HTTP/1.1 GET http://localhost:5000/styles.css - 200 59837 text/css 35.8105ms
2026-06-20 13:52:06.116 +09:00 [INF] Request starting HTTP/1.1 GET http://localhost:5000/ - null null
2026-06-20 13:52:06.121 +09:00 [INF] Executing endpoint 'Fallback {*path:nonfile}'
2026-06-20 13:52:06.123 +09:00 [INF] Executed endpoint 'Fallback {*path:nonfile}'
2026-06-20 13:52:06.125 +09:00 [INF] Request finished HTTP/1.1 GET http://localhost:5000/ - 200 null text/html; charset=utf-8 8.8969ms
2026-06-20 13:52:06.134 +09:00 [INF] Request starting HTTP/1.1 GET http://localhost:5000/styles.css - null null
2026-06-20 13:52:06.136 +09:00 [INF] Request starting HTTP/1.1 GET http://localhost:5000/app.js - null null
2026-06-20 13:52:06.139 +09:00 [INF] Sending file. Request path: '/styles.css'. Physical path: 'C:\repos\mykanban\bin\Debug\net10.0\wwwroot\styles.css'
2026-06-20 13:52:06.140 +09:00 [INF] Request finished HTTP/1.1 GET http://localhost:5000/styles.css - 200 59837 text/css 7.0836ms
2026-06-20 13:52:06.141 +09:00 [INF] CORS policy execution successful.
2026-06-20 13:52:06.144 +09:00 [INF] Sending file. Request path: '/app.js'. Physical path: 'C:\repos\mykanban\bin\Debug\net10.0\wwwroot\app.js'
2026-06-20 13:52:06.150 +09:00 [INF] Request finished HTTP/1.1 GET http://localhost:5000/app.js - 200 23659 text/javascript 13.3189ms
2026-06-20 13:52:06.155 +09:00 [INF] Request starting HTTP/1.1 GET http://localhost:5000/modules/state.js - null null
2026-06-20 13:52:06.155 +09:00 [INF] Request starting HTTP/1.1 GET http://localhost:5000/modules/api.js - null null
2026-06-20 13:52:06.161 +09:00 [INF] CORS policy execution successful.
2026-06-20 13:52:06.161 +09:00 [INF] CORS policy execution successful.
2026-06-20 13:52:06.164 +09:00 [INF] Sending file. Request path: '/modules/api.js'. Physical path: 'C:\repos\mykanban\bin\Debug\net10.0\wwwroot\modules\api.js'
2026-06-20 13:52:06.166 +09:00 [INF] Sending file. Request path: '/modules/state.js'. Physical path: 'C:\repos\mykanban\bin\Debug\net10.0\wwwroot\modules\state.js'
2026-06-20 13:52:06.168 +09:00 [INF] Request finished HTTP/1.1 GET http://localhost:5000/modules/api.js - 200 6109 text/javascript 11.2934ms
2026-06-20 13:52:06.168 +09:00 [INF] Request finished HTTP/1.1 GET http://localhost:5000/modules/state.js - 200 20762 text/javascript 13.3761ms
2026-06-20 13:52:06.176 +09:00 [INF] Request starting HTTP/1.1 GET http://localhost:5000/modules/renderer.js - null null
2026-06-20 13:52:06.176 +09:00 [INF] Request starting HTTP/1.1 GET http://localhost:5000/modules/dragdrop.js - null null
2026-06-20 13:52:06.182 +09:00 [INF] CORS policy execution successful.
2026-06-20 13:52:06.182 +09:00 [INF] CORS policy execution successful.
2026-06-20 13:52:06.185 +09:00 [INF] Sending file. Request path: '/modules/dragdrop.js'. Physical path: 'C:\repos\mykanban\bin\Debug\net10.0\wwwroot\modules\dragdrop.js'
2026-06-20 13:52:06.187 +09:00 [INF] Sending file. Request path: '/modules/renderer.js'. Physical path: 'C:\repos\mykanban\bin\Debug\net10.0\wwwroot\modules\renderer.js'
2026-06-20 13:52:06.188 +09:00 [INF] Request finished HTTP/1.1 GET http://localhost:5000/modules/renderer.js - 200 29602 text/javascript 12.6087ms
2026-06-20 13:52:06.188 +09:00 [INF] Request finished HTTP/1.1 GET http://localhost:5000/modules/dragdrop.js - 200 7088 text/javascript 10.9523ms
2026-06-20 13:52:06.198 +09:00 [INF] Request starting HTTP/1.1 GET http://localhost:5000/modules/modal.js - null null
2026-06-20 13:52:06.198 +09:00 [INF] Request starting HTTP/1.1 GET http://localhost:5000/modules/labels.js - null null
2026-06-20 13:52:06.205 +09:00 [INF] CORS policy execution successful.
2026-06-20 13:52:06.205 +09:00 [INF] CORS policy execution successful.
2026-06-20 13:52:06.208 +09:00 [INF] Sending file. Request path: '/modules/labels.js'. Physical path: 'C:\repos\mykanban\bin\Debug\net10.0\wwwroot\modules\labels.js'
2026-06-20 13:52:06.209 +09:00 [INF] Sending file. Request path: '/modules/modal.js'. Physical path: 'C:\repos\mykanban\bin\Debug\net10.0\wwwroot\modules\modal.js'
2026-06-20 13:52:06.211 +09:00 [INF] Request finished HTTP/1.1 GET http://localhost:5000/modules/modal.js - 200 18173 text/javascript 12.7701ms
2026-06-20 13:52:06.211 +09:00 [INF] Request finished HTTP/1.1 GET http://localhost:5000/modules/labels.js - 200 5192 text/javascript 11.0244ms
2026-06-20 13:52:06.220 +09:00 [INF] Request starting HTTP/1.1 GET http://localhost:5000/modules/childtasks.js - null null
2026-06-20 13:52:06.220 +09:00 [INF] Request starting HTTP/1.1 GET http://localhost:5000/modules/assignees.js - null null
2026-06-20 13:52:06.228 +09:00 [INF] CORS policy execution successful.
2026-06-20 13:52:06.228 +09:00 [INF] CORS policy execution successful.
2026-06-20 13:52:06.231 +09:00 [INF] Sending file. Request path: '/modules/assignees.js'. Physical path: 'C:\repos\mykanban\bin\Debug\net10.0\wwwroot\modules\assignees.js'
2026-06-20 13:52:06.231 +09:00 [INF] Sending file. Request path: '/modules/childtasks.js'. Physical path: 'C:\repos\mykanban\bin\Debug\net10.0\wwwroot\modules\childtasks.js'
2026-06-20 13:52:06.236 +09:00 [INF] Request finished HTTP/1.1 GET http://localhost:5000/modules/assignees.js - 200 8700 text/javascript 15.2869ms
2026-06-20 13:52:06.236 +09:00 [INF] Request finished HTTP/1.1 GET http://localhost:5000/modules/childtasks.js - 200 11906 text/javascript 15.3354ms
2026-06-20 13:52:06.244 +09:00 [INF] Request starting HTTP/1.1 GET http://localhost:5000/modules/history.js - null null
2026-06-20 13:52:06.244 +09:00 [INF] Request starting HTTP/1.1 GET http://localhost:5000/modules/actual.js - null null
2026-06-20 13:52:06.252 +09:00 [INF] CORS policy execution successful.
2026-06-20 13:52:06.252 +09:00 [INF] CORS policy execution successful.
2026-06-20 13:52:06.255 +09:00 [INF] Sending file. Request path: '/modules/actual.js'. Physical path: 'C:\repos\mykanban\bin\Debug\net10.0\wwwroot\modules\actual.js'
2026-06-20 13:52:06.255 +09:00 [INF] Sending file. Request path: '/modules/history.js'. Physical path: 'C:\repos\mykanban\bin\Debug\net10.0\wwwroot\modules\history.js'
2026-06-20 13:52:06.259 +09:00 [INF] Request finished HTTP/1.1 GET http://localhost:5000/modules/actual.js - 200 11688 text/javascript 14.911ms
2026-06-20 13:52:06.259 +09:00 [INF] Request finished HTTP/1.1 GET http://localhost:5000/modules/history.js - 200 9423 text/javascript 14.9292ms
2026-06-20 13:52:06.270 +09:00 [INF] Request starting HTTP/1.1 GET http://localhost:5000/modules/filter.js - null null
2026-06-20 13:52:06.273 +09:00 [INF] Request starting HTTP/1.1 GET http://localhost:5000/modules/archive.js - null null
2026-06-20 13:52:06.276 +09:00 [INF] CORS policy execution successful.
2026-06-20 13:52:06.277 +09:00 [INF] CORS policy execution successful.
2026-06-20 13:52:06.280 +09:00 [INF] Sending file. Request path: '/modules/filter.js'. Physical path: 'C:\repos\mykanban\bin\Debug\net10.0\wwwroot\modules\filter.js'
2026-06-20 13:52:06.283 +09:00 [INF] Sending file. Request path: '/modules/archive.js'. Physical path: 'C:\repos\mykanban\bin\Debug\net10.0\wwwroot\modules\archive.js'
2026-06-20 13:52:06.285 +09:00 [INF] Request finished HTTP/1.1 GET http://localhost:5000/modules/archive.js - 200 944 text/javascript 11.996ms
2026-06-20 13:52:06.285 +09:00 [INF] Request finished HTTP/1.1 GET http://localhost:5000/modules/filter.js - 200 7563 text/javascript 13.2739ms
2026-06-20 13:52:06.293 +09:00 [INF] Request starting HTTP/1.1 GET http://localhost:5000/modules/settings.js - null null
2026-06-20 13:52:06.293 +09:00 [INF] Request starting HTTP/1.1 GET http://localhost:5000/modules/memo.js - null null
2026-06-20 13:52:06.300 +09:00 [INF] CORS policy execution successful.
2026-06-20 13:52:06.300 +09:00 [INF] CORS policy execution successful.
2026-06-20 13:52:06.302 +09:00 [INF] Sending file. Request path: '/modules/memo.js'. Physical path: 'C:\repos\mykanban\bin\Debug\net10.0\wwwroot\modules\memo.js'
2026-06-20 13:52:06.304 +09:00 [INF] Sending file. Request path: '/modules/settings.js'. Physical path: 'C:\repos\mykanban\bin\Debug\net10.0\wwwroot\modules\settings.js'
2026-06-20 13:52:06.306 +09:00 [INF] Request finished HTTP/1.1 GET http://localhost:5000/modules/settings.js - 200 28809 text/javascript 12.5971ms
2026-06-20 13:52:06.306 +09:00 [INF] Request finished HTTP/1.1 GET http://localhost:5000/modules/memo.js - 200 3562 text/javascript 10.9659ms
2026-06-20 13:52:06.314 +09:00 [INF] Request starting HTTP/1.1 GET http://localhost:5000/modules/logger.js - null null
2026-06-20 13:52:06.314 +09:00 [INF] Request starting HTTP/1.1 GET http://localhost:5000/modules/auth.js - null null
2026-06-20 13:52:06.321 +09:00 [INF] CORS policy execution successful.
2026-06-20 13:52:06.321 +09:00 [INF] CORS policy execution successful.
2026-06-20 13:52:06.323 +09:00 [INF] Sending file. Request path: '/modules/auth.js'. Physical path: 'C:\repos\mykanban\bin\Debug\net10.0\wwwroot\modules\auth.js'
2026-06-20 13:52:06.323 +09:00 [INF] Sending file. Request path: '/modules/logger.js'. Physical path: 'C:\repos\mykanban\bin\Debug\net10.0\wwwroot\modules\logger.js'
2026-06-20 13:52:06.327 +09:00 [INF] Request finished HTTP/1.1 GET http://localhost:5000/modules/logger.js - 200 6900 text/javascript 12.85ms
2026-06-20 13:52:06.327 +09:00 [INF] Request finished HTTP/1.1 GET http://localhost:5000/modules/auth.js - 200 4113 text/javascript 12.8017ms
2026-06-20 13:52:06.339 +09:00 [INF] Request starting HTTP/1.1 GET http://localhost:5000/modules/charts.js - null null
2026-06-20 13:52:06.339 +09:00 [INF] Request starting HTTP/1.1 GET http://localhost:5000/modules/ticketService.js - null null
2026-06-20 13:52:06.345 +09:00 [INF] CORS policy execution successful.
2026-06-20 13:52:06.345 +09:00 [INF] CORS policy execution successful.
2026-06-20 13:52:06.349 +09:00 [INF] Sending file. Request path: '/modules/ticketService.js'. Physical path: 'C:\repos\mykanban\bin\Debug\net10.0\wwwroot\modules\ticketService.js'
2026-06-20 13:52:06.351 +09:00 [INF] Sending file. Request path: '/modules/charts.js'. Physical path: 'C:\repos\mykanban\bin\Debug\net10.0\wwwroot\modules\charts.js'
2026-06-20 13:52:06.354 +09:00 [INF] Request finished HTTP/1.1 GET http://localhost:5000/modules/charts.js - 200 46291 text/javascript 15.0316ms
2026-06-20 13:52:06.354 +09:00 [INF] Request finished HTTP/1.1 GET http://localhost:5000/modules/ticketService.js - 200 1719 text/javascript 12.613ms
2026-06-20 13:52:06.363 +09:00 [INF] Request starting HTTP/1.1 GET http://localhost:5000/favicon.ico - null null
2026-06-20 13:52:06.368 +09:00 [INF] Request finished HTTP/1.1 GET http://localhost:5000/favicon.ico - 404 0 null 4.3372ms
2026-06-20 13:52:06.372 +09:00 [INF] Request reached the end of the middleware pipeline without being handled by application code. Request path: GET http://localhost:5000/favicon.ico, Response status code: 404
2026-06-20 13:52:07.290 +09:00 [INF] Request starting HTTP/1.1 POST http://localhost:5000/api/auth/login - application/json 38
2026-06-20 13:52:07.298 +09:00 [INF] CORS policy execution successful.
2026-06-20 13:52:07.300 +09:00 [INF] Executing endpoint 'KanbanServer.Controllers.AuthController.Login (KanbanServer)'
2026-06-20 13:52:07.325 +09:00 [INF] Route matched with {action = "Login", controller = "Auth"}. Executing controller action with signature Microsoft.AspNetCore.Mvc.IActionResult Login(LoginRequest) on controller KanbanServer.Controllers.AuthController (KanbanServer).
2026-06-20 13:52:07.373 +09:00 [INF] Executing OkObjectResult, writing value of type '<>f__AnonymousType1`3[[System.String, System.Private.CoreLib, Version=10.0.0.0, Culture=neutral, PublicKeyToken=7cec85d7bea7798e],[System.Boolean, System.Private.CoreLib, Version=10.0.0.0, Culture=neutral, PublicKeyToken=7cec85d7bea7798e],[System.String, System.Private.CoreLib, Version=10.0.0.0, Culture=neutral, PublicKeyToken=7cec85d7bea7798e]]'.
2026-06-20 13:52:07.386 +09:00 [INF] Executed action KanbanServer.Controllers.AuthController.Login (KanbanServer) in 55.4216ms
2026-06-20 13:52:07.387 +09:00 [INF] Executed endpoint 'KanbanServer.Controllers.AuthController.Login (KanbanServer)'
2026-06-20 13:52:07.387 +09:00 [INF] Request finished HTTP/1.1 POST http://localhost:5000/api/auth/login - 200 null application/json; charset=utf-8 97.2569ms
2026-06-20 13:52:07.390 +09:00 [INF] Request starting HTTP/1.1 GET http://localhost:5000/api/settings - null null
2026-06-20 13:52:07.392 +09:00 [INF] Executing endpoint 'KanbanServer.Controllers.SettingsController.Get (KanbanServer)'
2026-06-20 13:52:07.401 +09:00 [INF] Route matched with {action = "Get", controller = "Settings"}. Executing controller action with signature System.Threading.Tasks.Task`1[Microsoft.AspNetCore.Mvc.ActionResult`1[KanbanServer.Models.Setting]] Get() on controller KanbanServer.Controllers.SettingsController (KanbanServer).
2026-06-20 13:52:07.593 +09:00 [WRN] The query uses the 'First'/'FirstOrDefault' operator without 'OrderBy' and filter operators. This may lead to unpredictable results.
2026-06-20 13:52:07.956 +09:00 [INF] Executed DbCommand (2ms) [Parameters=[], CommandType='"Text"', CommandTimeout='30']
SELECT "s"."Id", "s"."Holidays", "s"."HolidaysJson", "s"."LabelsJson", "s"."Users", "s"."UsersJson"
FROM "Settings" AS "s"
LIMIT 1
2026-06-20 13:52:08.032 +09:00 [INF] Executing OkObjectResult, writing value of type 'KanbanServer.Models.Setting'.
2026-06-20 13:52:08.040 +09:00 [INF] Executed action KanbanServer.Controllers.SettingsController.Get (KanbanServer) in 637.8445ms
2026-06-20 13:52:08.041 +09:00 [INF] Executed endpoint 'KanbanServer.Controllers.SettingsController.Get (KanbanServer)'
2026-06-20 13:52:08.044 +09:00 [INF] Request starting HTTP/1.1 GET http://localhost:5000/api/tickets/assignees/suggest - null null
2026-06-20 13:52:08.044 +09:00 [INF] Request starting HTTP/1.1 GET http://localhost:5000/api/tickets/labels/suggest - null null
2026-06-20 13:52:08.049 +09:00 [INF] Request finished HTTP/1.1 GET http://localhost:5000/api/settings - 200 null application/json; charset=utf-8 659.5316ms
2026-06-20 13:52:08.052 +09:00 [INF] Request starting HTTP/1.1 GET http://localhost:5000/api/tickets - null null
2026-06-20 13:52:08.054 +09:00 [INF] Executing endpoint 'KanbanServer.Controllers.TicketsController.GetAssigneesSuggest (KanbanServer)'
2026-06-20 13:52:08.054 +09:00 [INF] Executing endpoint 'KanbanServer.Controllers.TicketsController.GetLabelsSuggest (KanbanServer)'
2026-06-20 13:52:08.055 +09:00 [INF] Executing endpoint 'KanbanServer.Controllers.TicketsController.GetAll (KanbanServer)'
2026-06-20 13:52:08.059 +09:00 [INF] Route matched with {action = "GetLabelsSuggest", controller = "Tickets"}. Executing controller action with signature System.Threading.Tasks.Task`1[Microsoft.AspNetCore.Mvc.ActionResult`1[System.Collections.Generic.List`1[KanbanServer.Models.LabelSuggestDto]]] GetLabelsSuggest() on controller KanbanServer.Controllers.TicketsController (KanbanServer).
2026-06-20 13:52:08.060 +09:00 [INF] Route matched with {action = "GetAll", controller = "Tickets"}. Executing controller action with signature System.Threading.Tasks.Task`1[Microsoft.AspNetCore.Mvc.ActionResult`1[System.Collections.Generic.List`1[KanbanServer.Models.Ticket]]] GetAll() on controller KanbanServer.Controllers.TicketsController (KanbanServer).
2026-06-20 13:52:08.062 +09:00 [INF] Route matched with {action = "GetAssigneesSuggest", controller = "Tickets"}. Executing controller action with signature System.Threading.Tasks.Task`1[Microsoft.AspNetCore.Mvc.ActionResult`1[System.Collections.Generic.List`1[System.String]]] GetAssigneesSuggest() on controller KanbanServer.Controllers.TicketsController (KanbanServer).
2026-06-20 13:52:08.143 +09:00 [INF] Executed DbCommand (0ms) [Parameters=[], CommandType='"Text"', CommandTimeout='30']
SELECT "s"."Id", "s"."Holidays", "s"."HolidaysJson", "s"."LabelsJson", "s"."Users", "s"."UsersJson"
FROM "Settings" AS "s"
LIMIT 1
2026-06-20 13:52:08.156 +09:00 [INF] Executed DbCommand (10ms) [Parameters=[], CommandType='"Text"', CommandTimeout='30']
SELECT "s"."Id", "s"."Holidays", "s"."HolidaysJson", "s"."LabelsJson", "s"."Users", "s"."UsersJson"
FROM "Settings" AS "s"
LIMIT 1
2026-06-20 13:52:08.160 +09:00 [INF] Executed DbCommand (0ms) [Parameters=[], CommandType='"Text"', CommandTimeout='30']
SELECT "t"."TicketId", "t"."Assignees", "t"."AssigneesJson", "t"."Category", "t"."ChildTasksJson", "t"."Column", "t"."Effort", "t"."EndDate", "t"."Id", "t"."IsArchived", "t"."IsEmergency", "t"."IsLocked", "t"."Labels", "t"."LabelsJson", "t"."MainAssignee", "t"."Memo", "t"."Position", "t"."PreviousColumn", "t"."Progress", "t"."StartDate", "t"."Title"
FROM "Tickets" AS "t"
2026-06-20 13:52:08.192 +09:00 [INF] Executed DbCommand (0ms) [Parameters=[], CommandType='"Text"', CommandTimeout='30']
SELECT "t"."TicketId", "t"."Assignees", "t"."AssigneesJson", "t"."Category", "t"."ChildTasksJson", "t"."Column", "t"."Effort", "t"."EndDate", "t"."Id", "t"."IsArchived", "t"."IsEmergency", "t"."IsLocked", "t"."Labels", "t"."LabelsJson", "t"."MainAssignee", "t"."Memo", "t"."Position", "t"."PreviousColumn", "t"."Progress", "t"."StartDate", "t"."Title"
FROM "Tickets" AS "t"
WHERE length("t"."LabelsJson") > 2
2026-06-20 13:52:08.199 +09:00 [INF] Executed DbCommand (5ms) [Parameters=[], CommandType='"Text"', CommandTimeout='30']
SELECT "t"."TicketId", "t"."Assignees", "t"."AssigneesJson", "t"."Category", "t"."ChildTasksJson", "t"."Column", "t"."Effort", "t"."EndDate", "t"."Id", "t"."IsArchived", "t"."IsEmergency", "t"."IsLocked", "t"."Labels", "t"."LabelsJson", "t"."MainAssignee", "t"."Memo", "t"."Position", "t"."PreviousColumn", "t"."Progress", "t"."StartDate", "t"."Title"
FROM "Tickets" AS "t"
WHERE length("t"."AssigneesJson") > 2
2026-06-20 13:52:08.204 +09:00 [INF] Executing OkObjectResult, writing value of type 'System.Collections.Generic.List`1[[System.String, System.Private.CoreLib, Version=10.0.0.0, Culture=neutral, PublicKeyToken=7cec85d7bea7798e]]'.
2026-06-20 13:52:08.206 +09:00 [INF] Executing OkObjectResult, writing value of type 'System.Collections.Generic.List`1[[KanbanServer.Models.LabelSuggestDto, KanbanServer, Version=1.0.0.0, Culture=neutral, PublicKeyToken=null]]'.
2026-06-20 13:52:08.207 +09:00 [INF] Executed action KanbanServer.Controllers.TicketsController.GetAssigneesSuggest (KanbanServer) in 142.3316ms
2026-06-20 13:52:08.209 +09:00 [INF] Executed endpoint 'KanbanServer.Controllers.TicketsController.GetAssigneesSuggest (KanbanServer)'
2026-06-20 13:52:08.210 +09:00 [INF] Executed action KanbanServer.Controllers.TicketsController.GetLabelsSuggest (KanbanServer) in 148.6355ms
2026-06-20 13:52:08.212 +09:00 [INF] Executed endpoint 'KanbanServer.Controllers.TicketsController.GetLabelsSuggest (KanbanServer)'
2026-06-20 13:52:08.216 +09:00 [INF] Request finished HTTP/1.1 GET http://localhost:5000/api/tickets/labels/suggest - 200 null application/json; charset=utf-8 172.6854ms
2026-06-20 13:52:08.220 +09:00 [INF] Request finished HTTP/1.1 GET http://localhost:5000/api/tickets/assignees/suggest - 200 null application/json; charset=utf-8 176.6058ms
2026-06-20 13:52:08.256 +09:00 [INF] Executing OkObjectResult, writing value of type 'System.Collections.Generic.List`1[[KanbanServer.Models.Ticket, KanbanServer, Version=1.0.0.0, Culture=neutral, PublicKeyToken=null]]'.
2026-06-20 13:52:08.292 +09:00 [INF] Executed action KanbanServer.Controllers.TicketsController.GetAll (KanbanServer) in 230.074ms
2026-06-20 13:52:08.294 +09:00 [INF] Executed endpoint 'KanbanServer.Controllers.TicketsController.GetAll (KanbanServer)'
2026-06-20 13:52:08.295 +09:00 [INF] Request finished HTTP/1.1 GET http://localhost:5000/api/tickets - 200 null application/json; charset=utf-8 243.0045ms
2026-06-20 13:52:53.825 +09:00 [INF] Executed DbCommand (8ms) [Parameters=[], CommandType='"Text"', CommandTimeout='30']
SELECT COUNT(*) FROM "sqlite_master" WHERE "type" = 'table' AND "rootpage" IS NOT NULL;
2026-06-20 13:52:53.935 +09:00 [WRN] Overriding address(es) 'http://localhost:5171'. Binding to endpoints defined via IConfiguration and/or UseKestrel() instead.
2026-06-20 13:52:53.943 +09:00 [INF] Now listening on: http://0.0.0.0:5000
2026-06-20 13:52:53.944 +09:00 [INF] Application started. Press Ctrl+C to shut down.
2026-06-20 13:52:53.945 +09:00 [INF] Hosting environment: Development
2026-06-20 13:52:53.946 +09:00 [INF] Content root path: C:\repos\mykanban
2026-06-20 13:53:11.655 +09:00 [INF] Request starting HTTP/1.1 GET http://localhost:5000/ - null null
2026-06-20 13:53:11.706 +09:00 [INF] Executing endpoint 'Fallback {*path:nonfile}'
2026-06-20 13:53:11.713 +09:00 [INF] Executed endpoint 'Fallback {*path:nonfile}'
2026-06-20 13:53:11.719 +09:00 [INF] Request finished HTTP/1.1 GET http://localhost:5000/ - 200 null text/html; charset=utf-8 65.0896ms
2026-06-20 13:53:11.726 +09:00 [INF] Request starting HTTP/1.1 GET http://localhost:5000/styles.css - null null
2026-06-20 13:53:11.758 +09:00 [INF] Sending file. Request path: '/styles.css'. Physical path: 'C:\repos\mykanban\bin\Debug\net10.0\wwwroot\styles.css'
2026-06-20 13:53:11.760 +09:00 [INF] Request finished HTTP/1.1 GET http://localhost:5000/styles.css - 200 59838 text/css 34.8288ms
2026-06-20 13:53:12.701 +09:00 [INF] Request starting HTTP/1.1 GET http://localhost:5000/ - null null
2026-06-20 13:53:12.716 +09:00 [INF] Executing endpoint 'Fallback {*path:nonfile}'
2026-06-20 13:53:12.722 +09:00 [INF] Executed endpoint 'Fallback {*path:nonfile}'
2026-06-20 13:53:12.725 +09:00 [INF] Request finished HTTP/1.1 GET http://localhost:5000/ - 200 null text/html; charset=utf-8 24.1917ms
2026-06-20 13:53:12.735 +09:00 [INF] Request starting HTTP/1.1 GET http://localhost:5000/app.js - null null
2026-06-20 13:53:12.735 +09:00 [INF] Request starting HTTP/1.1 GET http://localhost:5000/styles.css - null null
2026-06-20 13:53:12.743 +09:00 [INF] Sending file. Request path: '/styles.css'. Physical path: 'C:\repos\mykanban\bin\Debug\net10.0\wwwroot\styles.css'
2026-06-20 13:53:12.746 +09:00 [INF] Request finished HTTP/1.1 GET http://localhost:5000/styles.css - 200 59838 text/css 10.526ms
2026-06-20 13:53:12.747 +09:00 [INF] CORS policy execution successful.
2026-06-20 13:53:12.754 +09:00 [INF] Sending file. Request path: '/app.js'. Physical path: 'C:\repos\mykanban\bin\Debug\net10.0\wwwroot\app.js'
2026-06-20 13:53:12.756 +09:00 [INF] Request finished HTTP/1.1 GET http://localhost:5000/app.js - 200 23659 text/javascript 20.6717ms
2026-06-20 13:53:12.760 +09:00 [INF] Request starting HTTP/1.1 GET http://localhost:5000/modules/api.js - null null
2026-06-20 13:53:12.760 +09:00 [INF] Request starting HTTP/1.1 GET http://localhost:5000/modules/state.js - null null
2026-06-20 13:53:12.767 +09:00 [INF] CORS policy execution successful.
2026-06-20 13:53:12.767 +09:00 [INF] CORS policy execution successful.
2026-06-20 13:53:12.769 +09:00 [INF] Sending file. Request path: '/modules/api.js'. Physical path: 'C:\repos\mykanban\bin\Debug\net10.0\wwwroot\modules\api.js'
2026-06-20 13:53:12.771 +09:00 [INF] Sending file. Request path: '/modules/state.js'. Physical path: 'C:\repos\mykanban\bin\Debug\net10.0\wwwroot\modules\state.js'
2026-06-20 13:53:12.773 +09:00 [INF] Request finished HTTP/1.1 GET http://localhost:5000/modules/api.js - 200 6109 text/javascript 10.9035ms
2026-06-20 13:53:12.773 +09:00 [INF] Request finished HTTP/1.1 GET http://localhost:5000/modules/state.js - 200 20762 text/javascript 12.5467ms
2026-06-20 13:53:12.782 +09:00 [INF] Request starting HTTP/1.1 GET http://localhost:5000/modules/dragdrop.js - null null
2026-06-20 13:53:12.782 +09:00 [INF] Request starting HTTP/1.1 GET http://localhost:5000/modules/renderer.js - null null
2026-06-20 13:53:12.789 +09:00 [INF] CORS policy execution successful.
2026-06-20 13:53:12.789 +09:00 [INF] CORS policy execution successful.
2026-06-20 13:53:12.791 +09:00 [INF] Sending file. Request path: '/modules/dragdrop.js'. Physical path: 'C:\repos\mykanban\bin\Debug\net10.0\wwwroot\modules\dragdrop.js'
2026-06-20 13:53:12.793 +09:00 [INF] Sending file. Request path: '/modules/renderer.js'. Physical path: 'C:\repos\mykanban\bin\Debug\net10.0\wwwroot\modules\renderer.js'
2026-06-20 13:53:12.795 +09:00 [INF] Request finished HTTP/1.1 GET http://localhost:5000/modules/renderer.js - 200 29602 text/javascript 13.6458ms
2026-06-20 13:53:12.795 +09:00 [INF] Request finished HTTP/1.1 GET http://localhost:5000/modules/dragdrop.js - 200 7088 text/javascript 13.6895ms
2026-06-20 13:53:12.809 +09:00 [INF] Request starting HTTP/1.1 GET http://localhost:5000/modules/labels.js - null null
2026-06-20 13:53:12.812 +09:00 [INF] Request starting HTTP/1.1 GET http://localhost:5000/modules/modal.js - null null
2026-06-20 13:53:12.819 +09:00 [INF] CORS policy execution successful.
2026-06-20 13:53:12.821 +09:00 [INF] CORS policy execution successful.
2026-06-20 13:53:12.824 +09:00 [INF] Sending file. Request path: '/modules/labels.js'. Physical path: 'C:\repos\mykanban\bin\Debug\net10.0\wwwroot\modules\labels.js'
2026-06-20 13:53:12.828 +09:00 [INF] Sending file. Request path: '/modules/modal.js'. Physical path: 'C:\repos\mykanban\bin\Debug\net10.0\wwwroot\modules\modal.js'
2026-06-20 13:53:12.830 +09:00 [INF] Request finished HTTP/1.1 GET http://localhost:5000/modules/labels.js - 200 5192 text/javascript 19.3075ms
2026-06-20 13:53:12.830 +09:00 [INF] Request finished HTTP/1.1 GET http://localhost:5000/modules/modal.js - 200 18173 text/javascript 17.7544ms
2026-06-20 13:53:12.839 +09:00 [INF] Request starting HTTP/1.1 GET http://localhost:5000/modules/childtasks.js - null null
2026-06-20 13:53:12.839 +09:00 [INF] Request starting HTTP/1.1 GET http://localhost:5000/modules/assignees.js - null null
2026-06-20 13:53:12.845 +09:00 [INF] CORS policy execution successful.
2026-06-20 13:53:12.845 +09:00 [INF] CORS policy execution successful.
2026-06-20 13:53:12.848 +09:00 [INF] Sending file. Request path: '/modules/childtasks.js'. Physical path: 'C:\repos\mykanban\bin\Debug\net10.0\wwwroot\modules\childtasks.js'
2026-06-20 13:53:12.848 +09:00 [INF] Sending file. Request path: '/modules/assignees.js'. Physical path: 'C:\repos\mykanban\bin\Debug\net10.0\wwwroot\modules\assignees.js'
2026-06-20 13:53:12.853 +09:00 [INF] Request finished HTTP/1.1 GET http://localhost:5000/modules/assignees.js - 200 8700 text/javascript 13.583ms
2026-06-20 13:53:12.853 +09:00 [INF] Request finished HTTP/1.1 GET http://localhost:5000/modules/childtasks.js - 200 11906 text/javascript 13.6192ms
2026-06-20 13:53:12.864 +09:00 [INF] Request starting HTTP/1.1 GET http://localhost:5000/modules/history.js - null null
2026-06-20 13:53:12.868 +09:00 [INF] Request starting HTTP/1.1 GET http://localhost:5000/modules/actual.js - null null
2026-06-20 13:53:12.871 +09:00 [INF] CORS policy execution successful.
2026-06-20 13:53:12.871 +09:00 [INF] CORS policy execution successful.
2026-06-20 13:53:12.874 +09:00 [INF] Sending file. Request path: '/modules/history.js'. Physical path: 'C:\repos\mykanban\bin\Debug\net10.0\wwwroot\modules\history.js'
2026-06-20 13:53:12.874 +09:00 [INF] Sending file. Request path: '/modules/actual.js'. Physical path: 'C:\repos\mykanban\bin\Debug\net10.0\wwwroot\modules\actual.js'
2026-06-20 13:53:12.877 +09:00 [INF] Request finished HTTP/1.1 GET http://localhost:5000/modules/actual.js - 200 11688 text/javascript 9.4231ms
2026-06-20 13:53:12.877 +09:00 [INF] Request finished HTTP/1.1 GET http://localhost:5000/modules/history.js - 200 9423 text/javascript 13.3665ms
2026-06-20 13:53:12.887 +09:00 [INF] Request starting HTTP/1.1 GET http://localhost:5000/modules/archive.js - null null
2026-06-20 13:53:12.887 +09:00 [INF] Request starting HTTP/1.1 GET http://localhost:5000/modules/filter.js - null null
2026-06-20 13:53:12.893 +09:00 [INF] CORS policy execution successful.
2026-06-20 13:53:12.893 +09:00 [INF] CORS policy execution successful.
2026-06-20 13:53:12.895 +09:00 [INF] Sending file. Request path: '/modules/archive.js'. Physical path: 'C:\repos\mykanban\bin\Debug\net10.0\wwwroot\modules\archive.js'
2026-06-20 13:53:12.895 +09:00 [INF] Sending file. Request path: '/modules/filter.js'. Physical path: 'C:\repos\mykanban\bin\Debug\net10.0\wwwroot\modules\filter.js'
2026-06-20 13:53:12.900 +09:00 [INF] Request finished HTTP/1.1 GET http://localhost:5000/modules/archive.js - 200 944 text/javascript 13.0681ms
2026-06-20 13:53:12.900 +09:00 [INF] Request finished HTTP/1.1 GET http://localhost:5000/modules/filter.js - 200 7563 text/javascript 13.0384ms
2026-06-20 13:53:12.908 +09:00 [INF] Request starting HTTP/1.1 GET http://localhost:5000/modules/memo.js - null null
2026-06-20 13:53:12.911 +09:00 [INF] Request starting HTTP/1.1 GET http://localhost:5000/modules/settings.js - null null
2026-06-20 13:53:12.915 +09:00 [INF] CORS policy execution successful.
2026-06-20 13:53:12.916 +09:00 [INF] CORS policy execution successful.
2026-06-20 13:53:12.918 +09:00 [INF] Sending file. Request path: '/modules/memo.js'. Physical path: 'C:\repos\mykanban\bin\Debug\net10.0\wwwroot\modules\memo.js'
2026-06-20 13:53:12.919 +09:00 [INF] Sending file. Request path: '/modules/settings.js'. Physical path: 'C:\repos\mykanban\bin\Debug\net10.0\wwwroot\modules\settings.js'
2026-06-20 13:53:12.921 +09:00 [INF] Request finished HTTP/1.1 GET http://localhost:5000/modules/memo.js - 200 3562 text/javascript 11.8121ms
2026-06-20 13:53:12.921 +09:00 [INF] Request finished HTTP/1.1 GET http://localhost:5000/modules/settings.js - 200 28809 text/javascript 10.4358ms
2026-06-20 13:53:12.929 +09:00 [INF] Request starting HTTP/1.1 GET http://localhost:5000/modules/auth.js - null null
2026-06-20 13:53:12.933 +09:00 [INF] Request starting HTTP/1.1 GET http://localhost:5000/modules/logger.js - null null
2026-06-20 13:53:12.937 +09:00 [INF] CORS policy execution successful.
2026-06-20 13:53:12.938 +09:00 [INF] CORS policy execution successful.
2026-06-20 13:53:12.939 +09:00 [INF] Sending file. Request path: '/modules/auth.js'. Physical path: 'C:\repos\mykanban\bin\Debug\net10.0\wwwroot\modules\auth.js'
2026-06-20 13:53:12.939 +09:00 [INF] Sending file. Request path: '/modules/logger.js'. Physical path: 'C:\repos\mykanban\bin\Debug\net10.0\wwwroot\modules\logger.js'
2026-06-20 13:53:12.943 +09:00 [INF] Request finished HTTP/1.1 GET http://localhost:5000/modules/logger.js - 200 6900 text/javascript 9.2598ms
2026-06-20 13:53:12.943 +09:00 [INF] Request finished HTTP/1.1 GET http://localhost:5000/modules/auth.js - 200 4113 text/javascript 13.3852ms
2026-06-20 13:53:12.952 +09:00 [INF] Request starting HTTP/1.1 GET http://localhost:5000/modules/ticketService.js - null null
2026-06-20 13:53:12.952 +09:00 [INF] Request starting HTTP/1.1 GET http://localhost:5000/modules/charts.js - null null
2026-06-20 13:53:12.958 +09:00 [INF] CORS policy execution successful.
2026-06-20 13:53:12.958 +09:00 [INF] CORS policy execution successful.
2026-06-20 13:53:12.961 +09:00 [INF] Sending file. Request path: '/modules/ticketService.js'. Physical path: 'C:\repos\mykanban\bin\Debug\net10.0\wwwroot\modules\ticketService.js'
2026-06-20 13:53:12.963 +09:00 [INF] Sending file. Request path: '/modules/charts.js'. Physical path: 'C:\repos\mykanban\bin\Debug\net10.0\wwwroot\modules\charts.js'
2026-06-20 13:53:12.965 +09:00 [INF] Request finished HTTP/1.1 GET http://localhost:5000/modules/charts.js - 200 46291 text/javascript 12.897ms
2026-06-20 13:53:12.965 +09:00 [INF] Request finished HTTP/1.1 GET http://localhost:5000/modules/ticketService.js - 200 1719 text/javascript 10.9351ms
2026-06-20 13:53:12.974 +09:00 [INF] Request starting HTTP/1.1 GET http://localhost:5000/favicon.ico - null null
2026-06-20 13:53:12.977 +09:00 [INF] Request finished HTTP/1.1 GET http://localhost:5000/favicon.ico - 404 0 null 3.4658ms
2026-06-20 13:53:12.982 +09:00 [INF] Request reached the end of the middleware pipeline without being handled by application code. Request path: GET http://localhost:5000/favicon.ico, Response status code: 404
2026-06-20 13:53:14.044 +09:00 [INF] Request starting HTTP/1.1 POST http://localhost:5000/api/auth/login - application/json 38
2026-06-20 13:53:14.053 +09:00 [INF] CORS policy execution successful.
2026-06-20 13:53:14.055 +09:00 [INF] Executing endpoint 'KanbanServer.Controllers.AuthController.Login (KanbanServer)'
2026-06-20 13:53:14.078 +09:00 [INF] Route matched with {action = "Login", controller = "Auth"}. Executing controller action with signature Microsoft.AspNetCore.Mvc.IActionResult Login(LoginRequest) on controller KanbanServer.Controllers.AuthController (KanbanServer).
2026-06-20 13:53:14.123 +09:00 [INF] Executing OkObjectResult, writing value of type '<>f__AnonymousType1`3[[System.String, System.Private.CoreLib, Version=10.0.0.0, Culture=neutral, PublicKeyToken=7cec85d7bea7798e],[System.Boolean, System.Private.CoreLib, Version=10.0.0.0, Culture=neutral, PublicKeyToken=7cec85d7bea7798e],[System.String, System.Private.CoreLib, Version=10.0.0.0, Culture=neutral, PublicKeyToken=7cec85d7bea7798e]]'.
2026-06-20 13:53:14.147 +09:00 [INF] Executed action KanbanServer.Controllers.AuthController.Login (KanbanServer) in 55.0234ms
2026-06-20 13:53:14.152 +09:00 [INF] Executed endpoint 'KanbanServer.Controllers.AuthController.Login (KanbanServer)'
2026-06-20 13:53:14.154 +09:00 [INF] Request finished HTTP/1.1 POST http://localhost:5000/api/auth/login - 200 null application/json; charset=utf-8 109.9904ms
2026-06-20 13:53:14.158 +09:00 [INF] Request starting HTTP/1.1 GET http://localhost:5000/api/settings - null null
2026-06-20 13:53:14.164 +09:00 [INF] Executing endpoint 'KanbanServer.Controllers.SettingsController.Get (KanbanServer)'
2026-06-20 13:53:14.179 +09:00 [INF] Route matched with {action = "Get", controller = "Settings"}. Executing controller action with signature System.Threading.Tasks.Task`1[Microsoft.AspNetCore.Mvc.ActionResult`1[KanbanServer.Models.Setting]] Get() on controller KanbanServer.Controllers.SettingsController (KanbanServer).
2026-06-20 13:53:14.433 +09:00 [WRN] The query uses the 'First'/'FirstOrDefault' operator without 'OrderBy' and filter operators. This may lead to unpredictable results.
2026-06-20 13:53:14.816 +09:00 [INF] Executed DbCommand (3ms) [Parameters=[], CommandType='"Text"', CommandTimeout='30']
SELECT "s"."Id", "s"."Holidays", "s"."HolidaysJson", "s"."LabelsJson", "s"."Users", "s"."UsersJson"
FROM "Settings" AS "s"
LIMIT 1
2026-06-20 13:53:14.898 +09:00 [INF] Executing OkObjectResult, writing value of type 'KanbanServer.Models.Setting'.
2026-06-20 13:53:14.910 +09:00 [INF] Executed action KanbanServer.Controllers.SettingsController.Get (KanbanServer) in 728.1201ms
2026-06-20 13:53:14.912 +09:00 [INF] Executed endpoint 'KanbanServer.Controllers.SettingsController.Get (KanbanServer)'
2026-06-20 13:53:14.917 +09:00 [INF] Request starting HTTP/1.1 GET http://localhost:5000/api/tickets/assignees/suggest - null null
2026-06-20 13:53:14.917 +09:00 [INF] Request starting HTTP/1.1 GET http://localhost:5000/api/tickets/labels/suggest - null null
2026-06-20 13:53:14.926 +09:00 [INF] Request finished HTTP/1.1 GET http://localhost:5000/api/settings - 200 null application/json; charset=utf-8 767.7053ms
2026-06-20 13:53:14.930 +09:00 [INF] Request starting HTTP/1.1 GET http://localhost:5000/api/tickets - null null
2026-06-20 13:53:14.933 +09:00 [INF] Executing endpoint 'KanbanServer.Controllers.TicketsController.GetLabelsSuggest (KanbanServer)'
2026-06-20 13:53:14.933 +09:00 [INF] Executing endpoint 'KanbanServer.Controllers.TicketsController.GetAssigneesSuggest (KanbanServer)'
2026-06-20 13:53:14.936 +09:00 [INF] Executing endpoint 'KanbanServer.Controllers.TicketsController.GetAll (KanbanServer)'
2026-06-20 13:53:14.941 +09:00 [INF] Route matched with {action = "GetAssigneesSuggest", controller = "Tickets"}. Executing controller action with signature System.Threading.Tasks.Task`1[Microsoft.AspNetCore.Mvc.ActionResult`1[System.Collections.Generic.List`1[System.String]]] GetAssigneesSuggest() on controller KanbanServer.Controllers.TicketsController (KanbanServer).
2026-06-20 13:53:14.943 +09:00 [INF] Route matched with {action = "GetLabelsSuggest", controller = "Tickets"}. Executing controller action with signature System.Threading.Tasks.Task`1[Microsoft.AspNetCore.Mvc.ActionResult`1[System.Collections.Generic.List`1[KanbanServer.Models.LabelSuggestDto]]] GetLabelsSuggest() on controller KanbanServer.Controllers.TicketsController (KanbanServer).
2026-06-20 13:53:14.945 +09:00 [INF] Route matched with {action = "GetAll", controller = "Tickets"}. Executing controller action with signature System.Threading.Tasks.Task`1[Microsoft.AspNetCore.Mvc.ActionResult`1[System.Collections.Generic.List`1[KanbanServer.Models.Ticket]]] GetAll() on controller KanbanServer.Controllers.TicketsController (KanbanServer).
2026-06-20 13:53:15.027 +09:00 [INF] Executed DbCommand (0ms) [Parameters=[], CommandType='"Text"', CommandTimeout='30']
SELECT "s"."Id", "s"."Holidays", "s"."HolidaysJson", "s"."LabelsJson", "s"."Users", "s"."UsersJson"
FROM "Settings" AS "s"
LIMIT 1
2026-06-20 13:53:15.041 +09:00 [INF] Executed DbCommand (8ms) [Parameters=[], CommandType='"Text"', CommandTimeout='30']
SELECT "s"."Id", "s"."Holidays", "s"."HolidaysJson", "s"."LabelsJson", "s"."Users", "s"."UsersJson"
FROM "Settings" AS "s"
LIMIT 1
2026-06-20 13:53:15.048 +09:00 [INF] Executed DbCommand (0ms) [Parameters=[], CommandType='"Text"', CommandTimeout='30']
SELECT "t"."TicketId", "t"."Assignees", "t"."AssigneesJson", "t"."Category", "t"."ChildTasksJson", "t"."Column", "t"."Effort", "t"."EndDate", "t"."Id", "t"."IsArchived", "t"."IsEmergency", "t"."IsLocked", "t"."Labels", "t"."LabelsJson", "t"."MainAssignee", "t"."Memo", "t"."Position", "t"."PreviousColumn", "t"."Progress", "t"."StartDate", "t"."Title"
FROM "Tickets" AS "t"
2026-06-20 13:53:15.090 +09:00 [INF] Executed DbCommand (0ms) [Parameters=[], CommandType='"Text"', CommandTimeout='30']
SELECT "t"."TicketId", "t"."Assignees", "t"."AssigneesJson", "t"."Category", "t"."ChildTasksJson", "t"."Column", "t"."Effort", "t"."EndDate", "t"."Id", "t"."IsArchived", "t"."IsEmergency", "t"."IsLocked", "t"."Labels", "t"."LabelsJson", "t"."MainAssignee", "t"."Memo", "t"."Position", "t"."PreviousColumn", "t"."Progress", "t"."StartDate", "t"."Title"
FROM "Tickets" AS "t"
WHERE length("t"."LabelsJson") > 2
2026-06-20 13:53:15.093 +09:00 [INF] Executed DbCommand (3ms) [Parameters=[], CommandType='"Text"', CommandTimeout='30']
SELECT "t"."TicketId", "t"."Assignees", "t"."AssigneesJson", "t"."Category", "t"."ChildTasksJson", "t"."Column", "t"."Effort", "t"."EndDate", "t"."Id", "t"."IsArchived", "t"."IsEmergency", "t"."IsLocked", "t"."Labels", "t"."LabelsJson", "t"."MainAssignee", "t"."Memo", "t"."Position", "t"."PreviousColumn", "t"."Progress", "t"."StartDate", "t"."Title"
FROM "Tickets" AS "t"
WHERE length("t"."AssigneesJson") > 2
2026-06-20 13:53:15.101 +09:00 [INF] Executing OkObjectResult, writing value of type 'System.Collections.Generic.List`1[[System.String, System.Private.CoreLib, Version=10.0.0.0, Culture=neutral, PublicKeyToken=7cec85d7bea7798e]]'.
2026-06-20 13:53:15.103 +09:00 [INF] Executing OkObjectResult, writing value of type 'System.Collections.Generic.List`1[[KanbanServer.Models.LabelSuggestDto, KanbanServer, Version=1.0.0.0, Culture=neutral, PublicKeyToken=null]]'.
2026-06-20 13:53:15.105 +09:00 [INF] Executed action KanbanServer.Controllers.TicketsController.GetAssigneesSuggest (KanbanServer) in 162.4565ms
2026-06-20 13:53:15.107 +09:00 [INF] Executed endpoint 'KanbanServer.Controllers.TicketsController.GetAssigneesSuggest (KanbanServer)'
2026-06-20 13:53:15.108 +09:00 [INF] Executed action KanbanServer.Controllers.TicketsController.GetLabelsSuggest (KanbanServer) in 163.6624ms
2026-06-20 13:53:15.110 +09:00 [INF] Executed endpoint 'KanbanServer.Controllers.TicketsController.GetLabelsSuggest (KanbanServer)'
2026-06-20 13:53:15.115 +09:00 [INF] Request finished HTTP/1.1 GET http://localhost:5000/api/tickets/assignees/suggest - 200 null application/json; charset=utf-8 197.9316ms
2026-06-20 13:53:15.120 +09:00 [INF] Request finished HTTP/1.1 GET http://localhost:5000/api/tickets/labels/suggest - 200 null application/json; charset=utf-8 202.8532ms
2026-06-20 13:53:15.152 +09:00 [INF] Executing OkObjectResult, writing value of type 'System.Collections.Generic.List`1[[KanbanServer.Models.Ticket, KanbanServer, Version=1.0.0.0, Culture=neutral, PublicKeyToken=null]]'.
2026-06-20 13:53:15.183 +09:00 [INF] Executed action KanbanServer.Controllers.TicketsController.GetAll (KanbanServer) in 235.2953ms
2026-06-20 13:53:15.185 +09:00 [INF] Executed endpoint 'KanbanServer.Controllers.TicketsController.GetAll (KanbanServer)'
2026-06-20 13:53:15.187 +09:00 [INF] Request finished HTTP/1.1 GET http://localhost:5000/api/tickets - 200 null application/json; charset=utf-8 256.5415ms
2026-06-20 13:53:43.307 +09:00 [INF] Executed DbCommand (9ms) [Parameters=[], CommandType='"Text"', CommandTimeout='30']
SELECT COUNT(*) FROM "sqlite_master" WHERE "type" = 'table' AND "rootpage" IS NOT NULL;
2026-06-20 13:53:43.400 +09:00 [WRN] Overriding address(es) 'http://localhost:5171'. Binding to endpoints defined via IConfiguration and/or UseKestrel() instead.
2026-06-20 13:53:43.410 +09:00 [INF] Now listening on: http://0.0.0.0:5000
2026-06-20 13:53:43.411 +09:00 [INF] Application started. Press Ctrl+C to shut down.
2026-06-20 13:53:43.411 +09:00 [INF] Hosting environment: Development
2026-06-20 13:53:43.412 +09:00 [INF] Content root path: C:\repos\mykanban
2026-06-20 13:54:18.368 +09:00 [INF] Request starting HTTP/1.1 GET http://localhost:5000/ - null null
2026-06-20 13:54:18.410 +09:00 [INF] Executing endpoint 'Fallback {*path:nonfile}'
2026-06-20 13:54:18.420 +09:00 [INF] Executed endpoint 'Fallback {*path:nonfile}'
2026-06-20 13:54:18.423 +09:00 [INF] Request finished HTTP/1.1 GET http://localhost:5000/ - 200 null text/html; charset=utf-8 57.9784ms
2026-06-20 13:54:18.429 +09:00 [INF] Request starting HTTP/1.1 GET http://localhost:5000/styles.css - null null
2026-06-20 13:54:18.458 +09:00 [INF] Sending file. Request path: '/styles.css'. Physical path: 'C:\repos\mykanban\bin\Debug\net10.0\wwwroot\styles.css'
2026-06-20 13:54:18.460 +09:00 [INF] Request finished HTTP/1.1 GET http://localhost:5000/styles.css - 200 59838 text/css 31.965ms
2026-06-20 13:54:19.214 +09:00 [INF] Request starting HTTP/1.1 GET http://localhost:5000/ - null null
2026-06-20 13:54:19.221 +09:00 [INF] Executing endpoint 'Fallback {*path:nonfile}'
2026-06-20 13:54:19.225 +09:00 [INF] Executed endpoint 'Fallback {*path:nonfile}'
2026-06-20 13:54:19.227 +09:00 [INF] Request finished HTTP/1.1 GET http://localhost:5000/ - 200 null text/html; charset=utf-8 13.5907ms
2026-06-20 13:54:19.235 +09:00 [INF] Request starting HTTP/1.1 GET http://localhost:5000/app.js - null null
2026-06-20 13:54:19.238 +09:00 [INF] Request starting HTTP/1.1 GET http://localhost:5000/styles.css - null null
2026-06-20 13:54:19.241 +09:00 [INF] Sending file. Request path: '/styles.css'. Physical path: 'C:\repos\mykanban\bin\Debug\net10.0\wwwroot\styles.css'
2026-06-20 13:54:19.243 +09:00 [INF] Request finished HTTP/1.1 GET http://localhost:5000/styles.css - 200 59838 text/css 4.6046ms
2026-06-20 13:54:19.244 +09:00 [INF] CORS policy execution successful.
2026-06-20 13:54:19.250 +09:00 [INF] Sending file. Request path: '/app.js'. Physical path: 'C:\repos\mykanban\bin\Debug\net10.0\wwwroot\app.js'
2026-06-20 13:54:19.251 +09:00 [INF] Request finished HTTP/1.1 GET http://localhost:5000/app.js - 200 23659 text/javascript 15.9246ms
2026-06-20 13:54:19.256 +09:00 [INF] Request starting HTTP/1.1 GET http://localhost:5000/modules/api.js - null null
2026-06-20 13:54:19.256 +09:00 [INF] Request starting HTTP/1.1 GET http://localhost:5000/modules/state.js - null null
2026-06-20 13:54:19.261 +09:00 [INF] CORS policy execution successful.
2026-06-20 13:54:19.261 +09:00 [INF] CORS policy execution successful.
2026-06-20 13:54:19.263 +09:00 [INF] Sending file. Request path: '/modules/api.js'. Physical path: 'C:\repos\mykanban\bin\Debug\net10.0\wwwroot\modules\api.js'
2026-06-20 13:54:19.265 +09:00 [INF] Sending file. Request path: '/modules/state.js'. Physical path: 'C:\repos\mykanban\bin\Debug\net10.0\wwwroot\modules\state.js'
2026-06-20 13:54:19.267 +09:00 [INF] Request finished HTTP/1.1 GET http://localhost:5000/modules/api.js - 200 6109 text/javascript 9.2062ms
2026-06-20 13:54:19.267 +09:00 [INF] Request finished HTTP/1.1 GET http://localhost:5000/modules/state.js - 200 20762 text/javascript 10.9931ms
2026-06-20 13:54:19.272 +09:00 [INF] Request starting HTTP/1.1 GET http://localhost:5000/modules/renderer.js - null null
2026-06-20 13:54:19.275 +09:00 [INF] Request starting HTTP/1.1 GET http://localhost:5000/modules/dragdrop.js - null null
2026-06-20 13:54:19.277 +09:00 [INF] CORS policy execution successful.
2026-06-20 13:54:19.278 +09:00 [INF] CORS policy execution successful.
2026-06-20 13:54:19.279 +09:00 [INF] Sending file. Request path: '/modules/dragdrop.js'. Physical path: 'C:\repos\mykanban\bin\Debug\net10.0\wwwroot\modules\dragdrop.js'
2026-06-20 13:54:19.281 +09:00 [INF] Sending file. Request path: '/modules/renderer.js'. Physical path: 'C:\repos\mykanban\bin\Debug\net10.0\wwwroot\modules\renderer.js'
2026-06-20 13:54:19.282 +09:00 [INF] Request finished HTTP/1.1 GET http://localhost:5000/modules/dragdrop.js - 200 7088 text/javascript 6.2335ms
2026-06-20 13:54:19.285 +09:00 [INF] Request finished HTTP/1.1 GET http://localhost:5000/modules/renderer.js - 200 29602 text/javascript 13.2897ms
2026-06-20 13:54:19.288 +09:00 [INF] Request starting HTTP/1.1 GET http://localhost:5000/modules/labels.js - null null
2026-06-20 13:54:19.290 +09:00 [INF] Request starting HTTP/1.1 GET http://localhost:5000/modules/modal.js - null null
2026-06-20 13:54:19.292 +09:00 [INF] CORS policy execution successful.
2026-06-20 13:54:19.293 +09:00 [INF] CORS policy execution successful.
2026-06-20 13:54:19.294 +09:00 [INF] Sending file. Request path: '/modules/modal.js'. Physical path: 'C:\repos\mykanban\bin\Debug\net10.0\wwwroot\modules\modal.js'
2026-06-20 13:54:19.295 +09:00 [INF] Sending file. Request path: '/modules/labels.js'. Physical path: 'C:\repos\mykanban\bin\Debug\net10.0\wwwroot\modules\labels.js'
2026-06-20 13:54:19.297 +09:00 [INF] Request finished HTTP/1.1 GET http://localhost:5000/modules/labels.js - 200 5192 text/javascript 8.7882ms
2026-06-20 13:54:19.297 +09:00 [INF] Request finished HTTP/1.1 GET http://localhost:5000/modules/modal.js - 200 18173 text/javascript 5.3771ms
2026-06-20 13:54:19.303 +09:00 [INF] Request starting HTTP/1.1 GET http://localhost:5000/modules/childtasks.js - null null
2026-06-20 13:54:19.303 +09:00 [INF] Request starting HTTP/1.1 GET http://localhost:5000/modules/assignees.js - null null
2026-06-20 13:54:19.307 +09:00 [INF] CORS policy execution successful.
2026-06-20 13:54:19.307 +09:00 [INF] CORS policy execution successful.
2026-06-20 13:54:19.309 +09:00 [INF] Sending file. Request path: '/modules/assignees.js'. Physical path: 'C:\repos\mykanban\bin\Debug\net10.0\wwwroot\modules\assignees.js'
2026-06-20 13:54:19.309 +09:00 [INF] Sending file. Request path: '/modules/childtasks.js'. Physical path: 'C:\repos\mykanban\bin\Debug\net10.0\wwwroot\modules\childtasks.js'
2026-06-20 13:54:19.312 +09:00 [INF] Request finished HTTP/1.1 GET http://localhost:5000/modules/childtasks.js - 200 11906 text/javascript 8.5016ms
2026-06-20 13:54:19.312 +09:00 [INF] Request finished HTTP/1.1 GET http://localhost:5000/modules/assignees.js - 200 8700 text/javascript 8.45ms
2026-06-20 13:54:19.319 +09:00 [INF] Request starting HTTP/1.1 GET http://localhost:5000/modules/history.js - null null
2026-06-20 13:54:19.319 +09:00 [INF] Request starting HTTP/1.1 GET http://localhost:5000/modules/actual.js - null null
2026-06-20 13:54:19.323 +09:00 [INF] CORS policy execution successful.
2026-06-20 13:54:19.323 +09:00 [INF] CORS policy execution successful.
2026-06-20 13:54:19.325 +09:00 [INF] Sending file. Request path: '/modules/history.js'. Physical path: 'C:\repos\mykanban\bin\Debug\net10.0\wwwroot\modules\history.js'
2026-06-20 13:54:19.325 +09:00 [INF] Sending file. Request path: '/modules/actual.js'. Physical path: 'C:\repos\mykanban\bin\Debug\net10.0\wwwroot\modules\actual.js'
2026-06-20 13:54:19.328 +09:00 [INF] Request finished HTTP/1.1 GET http://localhost:5000/modules/actual.js - 200 11688 text/javascript 8.3984ms
2026-06-20 13:54:19.328 +09:00 [INF] Request finished HTTP/1.1 GET http://localhost:5000/modules/history.js - 200 9423 text/javascript 8.3984ms
2026-06-20 13:54:19.335 +09:00 [INF] Request starting HTTP/1.1 GET http://localhost:5000/modules/filter.js - null null
2026-06-20 13:54:19.338 +09:00 [INF] Request starting HTTP/1.1 GET http://localhost:5000/modules/archive.js - null null
2026-06-20 13:54:19.340 +09:00 [INF] CORS policy execution successful.
2026-06-20 13:54:19.340 +09:00 [INF] CORS policy execution successful.
2026-06-20 13:54:19.341 +09:00 [INF] Sending file. Request path: '/modules/archive.js'. Physical path: 'C:\repos\mykanban\bin\Debug\net10.0\wwwroot\modules\archive.js'
2026-06-20 13:54:19.341 +09:00 [INF] Sending file. Request path: '/modules/filter.js'. Physical path: 'C:\repos\mykanban\bin\Debug\net10.0\wwwroot\modules\filter.js'
2026-06-20 13:54:19.344 +09:00 [INF] Request finished HTTP/1.1 GET http://localhost:5000/modules/filter.js - 200 7563 text/javascript 8.5444ms
2026-06-20 13:54:19.344 +09:00 [INF] Request finished HTTP/1.1 GET http://localhost:5000/modules/archive.js - 200 944 text/javascript 6.0246ms
2026-06-20 13:54:19.349 +09:00 [INF] Request starting HTTP/1.1 GET http://localhost:5000/modules/settings.js - null null
2026-06-20 13:54:19.349 +09:00 [INF] Request starting HTTP/1.1 GET http://localhost:5000/modules/memo.js - null null
2026-06-20 13:54:19.353 +09:00 [INF] CORS policy execution successful.
2026-06-20 13:54:19.353 +09:00 [INF] CORS policy execution successful.
2026-06-20 13:54:19.355 +09:00 [INF] Sending file. Request path: '/modules/memo.js'. Physical path: 'C:\repos\mykanban\bin\Debug\net10.0\wwwroot\modules\memo.js'
2026-06-20 13:54:19.356 +09:00 [INF] Sending file. Request path: '/modules/settings.js'. Physical path: 'C:\repos\mykanban\bin\Debug\net10.0\wwwroot\modules\settings.js'
2026-06-20 13:54:19.357 +09:00 [INF] Request finished HTTP/1.1 GET http://localhost:5000/modules/memo.js - 200 3562 text/javascript 7.0318ms
2026-06-20 13:54:19.357 +09:00 [INF] Request finished HTTP/1.1 GET http://localhost:5000/modules/settings.js - 200 28809 text/javascript 8.1526ms
2026-06-20 13:54:19.363 +09:00 [INF] Request starting HTTP/1.1 GET http://localhost:5000/modules/auth.js - null null
2026-06-20 13:54:19.363 +09:00 [INF] Request starting HTTP/1.1 GET http://localhost:5000/modules/logger.js - null null
2026-06-20 13:54:19.367 +09:00 [INF] CORS policy execution successful.
2026-06-20 13:54:19.367 +09:00 [INF] CORS policy execution successful.
2026-06-20 13:54:19.369 +09:00 [INF] Sending file. Request path: '/modules/logger.js'. Physical path: 'C:\repos\mykanban\bin\Debug\net10.0\wwwroot\modules\logger.js'
2026-06-20 13:54:19.369 +09:00 [INF] Sending file. Request path: '/modules/auth.js'. Physical path: 'C:\repos\mykanban\bin\Debug\net10.0\wwwroot\modules\auth.js'
2026-06-20 13:54:19.371 +09:00 [INF] Request finished HTTP/1.1 GET http://localhost:5000/modules/auth.js - 200 4113 text/javascript 8.4265ms
2026-06-20 13:54:19.371 +09:00 [INF] Request finished HTTP/1.1 GET http://localhost:5000/modules/logger.js - 200 6900 text/javascript 8.4004ms
2026-06-20 13:54:19.376 +09:00 [INF] Request starting HTTP/1.1 GET http://localhost:5000/modules/ticketService.js - null null
2026-06-20 13:54:19.378 +09:00 [INF] Request starting HTTP/1.1 GET http://localhost:5000/modules/charts.js - null null
2026-06-20 13:54:19.382 +09:00 [INF] CORS policy execution successful.
2026-06-20 13:54:19.382 +09:00 [INF] CORS policy execution successful.
2026-06-20 13:54:19.384 +09:00 [INF] Sending file. Request path: '/modules/ticketService.js'. Physical path: 'C:\repos\mykanban\bin\Debug\net10.0\wwwroot\modules\ticketService.js'
2026-06-20 13:54:19.385 +09:00 [INF] Sending file. Request path: '/modules/charts.js'. Physical path: 'C:\repos\mykanban\bin\Debug\net10.0\wwwroot\modules\charts.js'
2026-06-20 13:54:19.386 +09:00 [INF] Request finished HTTP/1.1 GET http://localhost:5000/modules/charts.js - 200 46291 text/javascript 7.9156ms
2026-06-20 13:54:19.386 +09:00 [INF] Request finished HTTP/1.1 GET http://localhost:5000/modules/ticketService.js - 200 1719 text/javascript 9.2185ms
2026-06-20 13:54:19.392 +09:00 [INF] Request starting HTTP/1.1 GET http://localhost:5000/favicon.ico - null null
2026-06-20 13:54:19.395 +09:00 [INF] Request finished HTTP/1.1 GET http://localhost:5000/favicon.ico - 404 0 null 2.5222ms
2026-06-20 13:54:19.399 +09:00 [INF] Request reached the end of the middleware pipeline without being handled by application code. Request path: GET http://localhost:5000/favicon.ico, Response status code: 404
2026-06-20 13:54:20.267 +09:00 [INF] Request starting HTTP/1.1 POST http://localhost:5000/api/auth/login - application/json 38
2026-06-20 13:54:20.272 +09:00 [INF] CORS policy execution successful.
2026-06-20 13:54:20.274 +09:00 [INF] Executing endpoint 'KanbanServer.Controllers.AuthController.Login (KanbanServer)'
2026-06-20 13:54:20.293 +09:00 [INF] Route matched with {action = "Login", controller = "Auth"}. Executing controller action with signature Microsoft.AspNetCore.Mvc.IActionResult Login(LoginRequest) on controller KanbanServer.Controllers.AuthController (KanbanServer).
2026-06-20 13:54:20.339 +09:00 [INF] Executing OkObjectResult, writing value of type '<>f__AnonymousType1`3[[System.String, System.Private.CoreLib, Version=10.0.0.0, Culture=neutral, PublicKeyToken=7cec85d7bea7798e],[System.Boolean, System.Private.CoreLib, Version=10.0.0.0, Culture=neutral, PublicKeyToken=7cec85d7bea7798e],[System.String, System.Private.CoreLib, Version=10.0.0.0, Culture=neutral, PublicKeyToken=7cec85d7bea7798e]]'.
2026-06-20 13:54:20.353 +09:00 [INF] Executed action KanbanServer.Controllers.AuthController.Login (KanbanServer) in 52.822ms
2026-06-20 13:54:20.355 +09:00 [INF] Executed endpoint 'KanbanServer.Controllers.AuthController.Login (KanbanServer)'
2026-06-20 13:54:20.356 +09:00 [INF] Request finished HTTP/1.1 POST http://localhost:5000/api/auth/login - 200 null application/json; charset=utf-8 88.6065ms
2026-06-20 13:54:20.358 +09:00 [INF] Request starting HTTP/1.1 GET http://localhost:5000/api/settings - null null
2026-06-20 13:54:20.365 +09:00 [INF] Executing endpoint 'KanbanServer.Controllers.SettingsController.Get (KanbanServer)'
2026-06-20 13:54:20.378 +09:00 [INF] Route matched with {action = "Get", controller = "Settings"}. Executing controller action with signature System.Threading.Tasks.Task`1[Microsoft.AspNetCore.Mvc.ActionResult`1[KanbanServer.Models.Setting]] Get() on controller KanbanServer.Controllers.SettingsController (KanbanServer).
2026-06-20 13:54:20.585 +09:00 [WRN] The query uses the 'First'/'FirstOrDefault' operator without 'OrderBy' and filter operators. This may lead to unpredictable results.
2026-06-20 13:54:20.995 +09:00 [INF] Executed DbCommand (2ms) [Parameters=[], CommandType='"Text"', CommandTimeout='30']
SELECT "s"."Id", "s"."Holidays", "s"."HolidaysJson", "s"."LabelsJson", "s"."Users", "s"."UsersJson"
FROM "Settings" AS "s"
LIMIT 1
2026-06-20 13:54:21.071 +09:00 [INF] Executing OkObjectResult, writing value of type 'KanbanServer.Models.Setting'.
2026-06-20 13:54:21.077 +09:00 [INF] Executed action KanbanServer.Controllers.SettingsController.Get (KanbanServer) in 696.2798ms
2026-06-20 13:54:21.078 +09:00 [INF] Executed endpoint 'KanbanServer.Controllers.SettingsController.Get (KanbanServer)'
2026-06-20 13:54:21.083 +09:00 [INF] Request starting HTTP/1.1 GET http://localhost:5000/api/tickets/labels/suggest - null null
2026-06-20 13:54:21.086 +09:00 [INF] Request starting HTTP/1.1 GET http://localhost:5000/api/tickets/assignees/suggest - null null
2026-06-20 13:54:21.088 +09:00 [INF] Executing endpoint 'KanbanServer.Controllers.TicketsController.GetLabelsSuggest (KanbanServer)'
2026-06-20 13:54:21.089 +09:00 [INF] Request finished HTTP/1.1 GET http://localhost:5000/api/settings - 200 null application/json; charset=utf-8 729.9205ms
2026-06-20 13:54:21.092 +09:00 [INF] Executing endpoint 'KanbanServer.Controllers.TicketsController.GetAssigneesSuggest (KanbanServer)'
2026-06-20 13:54:21.093 +09:00 [INF] Request starting HTTP/1.1 GET http://localhost:5000/api/tickets - null null
2026-06-20 13:54:21.095 +09:00 [INF] Executing endpoint 'KanbanServer.Controllers.TicketsController.GetAll (KanbanServer)'
2026-06-20 13:54:21.102 +09:00 [INF] Route matched with {action = "GetLabelsSuggest", controller = "Tickets"}. Executing controller action with signature System.Threading.Tasks.Task`1[Microsoft.AspNetCore.Mvc.ActionResult`1[System.Collections.Generic.List`1[KanbanServer.Models.LabelSuggestDto]]] GetLabelsSuggest() on controller KanbanServer.Controllers.TicketsController (KanbanServer).
2026-06-20 13:54:21.104 +09:00 [INF] Route matched with {action = "GetAssigneesSuggest", controller = "Tickets"}. Executing controller action with signature System.Threading.Tasks.Task`1[Microsoft.AspNetCore.Mvc.ActionResult`1[System.Collections.Generic.List`1[System.String]]] GetAssigneesSuggest() on controller KanbanServer.Controllers.TicketsController (KanbanServer).
2026-06-20 13:54:21.105 +09:00 [INF] Route matched with {action = "GetAll", controller = "Tickets"}. Executing controller action with signature System.Threading.Tasks.Task`1[Microsoft.AspNetCore.Mvc.ActionResult`1[System.Collections.Generic.List`1[KanbanServer.Models.Ticket]]] GetAll() on controller KanbanServer.Controllers.TicketsController (KanbanServer).
2026-06-20 13:54:21.190 +09:00 [INF] Executed DbCommand (0ms) [Parameters=[], CommandType='"Text"', CommandTimeout='30']
SELECT "s"."Id", "s"."Holidays", "s"."HolidaysJson", "s"."LabelsJson", "s"."Users", "s"."UsersJson"
FROM "Settings" AS "s"
LIMIT 1
2026-06-20 13:54:21.202 +09:00 [INF] Executed DbCommand (10ms) [Parameters=[], CommandType='"Text"', CommandTimeout='30']
SELECT "s"."Id", "s"."Holidays", "s"."HolidaysJson", "s"."LabelsJson", "s"."Users", "s"."UsersJson"
FROM "Settings" AS "s"
LIMIT 1
2026-06-20 13:54:21.204 +09:00 [INF] Executed DbCommand (0ms) [Parameters=[], CommandType='"Text"', CommandTimeout='30']
SELECT "t"."TicketId", "t"."Assignees", "t"."AssigneesJson", "t"."Category", "t"."ChildTasksJson", "t"."Column", "t"."Effort", "t"."EndDate", "t"."Id", "t"."IsArchived", "t"."IsEmergency", "t"."IsLocked", "t"."Labels", "t"."LabelsJson", "t"."MainAssignee", "t"."Memo", "t"."Position", "t"."PreviousColumn", "t"."Progress", "t"."StartDate", "t"."Title"
FROM "Tickets" AS "t"
2026-06-20 13:54:21.253 +09:00 [INF] Executed DbCommand (0ms) [Parameters=[], CommandType='"Text"', CommandTimeout='30']
SELECT "t"."TicketId", "t"."Assignees", "t"."AssigneesJson", "t"."Category", "t"."ChildTasksJson", "t"."Column", "t"."Effort", "t"."EndDate", "t"."Id", "t"."IsArchived", "t"."IsEmergency", "t"."IsLocked", "t"."Labels", "t"."LabelsJson", "t"."MainAssignee", "t"."Memo", "t"."Position", "t"."PreviousColumn", "t"."Progress", "t"."StartDate", "t"."Title"
FROM "Tickets" AS "t"
WHERE length("t"."LabelsJson") > 2
2026-06-20 13:54:21.256 +09:00 [INF] Executed DbCommand (3ms) [Parameters=[], CommandType='"Text"', CommandTimeout='30']
SELECT "t"."TicketId", "t"."Assignees", "t"."AssigneesJson", "t"."Category", "t"."ChildTasksJson", "t"."Column", "t"."Effort", "t"."EndDate", "t"."Id", "t"."IsArchived", "t"."IsEmergency", "t"."IsLocked", "t"."Labels", "t"."LabelsJson", "t"."MainAssignee", "t"."Memo", "t"."Position", "t"."PreviousColumn", "t"."Progress", "t"."StartDate", "t"."Title"
FROM "Tickets" AS "t"
WHERE length("t"."AssigneesJson") > 2
2026-06-20 13:54:21.259 +09:00 [INF] Executing OkObjectResult, writing value of type 'System.Collections.Generic.List`1[[System.String, System.Private.CoreLib, Version=10.0.0.0, Culture=neutral, PublicKeyToken=7cec85d7bea7798e]]'.
2026-06-20 13:54:21.260 +09:00 [INF] Executed action KanbanServer.Controllers.TicketsController.GetAssigneesSuggest (KanbanServer) in 154.5246ms
2026-06-20 13:54:21.261 +09:00 [INF] Executed endpoint 'KanbanServer.Controllers.TicketsController.GetAssigneesSuggest (KanbanServer)'
2026-06-20 13:54:21.265 +09:00 [INF] Executing OkObjectResult, writing value of type 'System.Collections.Generic.List`1[[KanbanServer.Models.LabelSuggestDto, KanbanServer, Version=1.0.0.0, Culture=neutral, PublicKeyToken=null]]'.
2026-06-20 13:54:21.267 +09:00 [INF] Request finished HTTP/1.1 GET http://localhost:5000/api/tickets/assignees/suggest - 200 null application/json; charset=utf-8 180.982ms
2026-06-20 13:54:21.269 +09:00 [INF] Executed action KanbanServer.Controllers.TicketsController.GetLabelsSuggest (KanbanServer) in 165.3058ms
2026-06-20 13:54:21.270 +09:00 [INF] Executed endpoint 'KanbanServer.Controllers.TicketsController.GetLabelsSuggest (KanbanServer)'
2026-06-20 13:54:21.271 +09:00 [INF] Request finished HTTP/1.1 GET http://localhost:5000/api/tickets/labels/suggest - 200 null application/json; charset=utf-8 188.0653ms
2026-06-20 13:54:21.297 +09:00 [INF] Executing OkObjectResult, writing value of type 'System.Collections.Generic.List`1[[KanbanServer.Models.Ticket, KanbanServer, Version=1.0.0.0, Culture=neutral, PublicKeyToken=null]]'.
2026-06-20 13:54:21.336 +09:00 [INF] Executed action KanbanServer.Controllers.TicketsController.GetAll (KanbanServer) in 229.0583ms
2026-06-20 13:54:21.337 +09:00 [INF] Executed endpoint 'KanbanServer.Controllers.TicketsController.GetAll (KanbanServer)'
2026-06-20 13:54:21.338 +09:00 [INF] Request finished HTTP/1.1 GET http://localhost:5000/api/tickets - 200 null application/json; charset=utf-8 245.6841ms
2026-06-20 14:09:34.277 +09:00 [INF] Request starting HTTP/1.1 PATCH http://localhost:5000/api/tickets/f7db2c8312fc40f8a9c526d51c4cc94c/column - application/json 35
2026-06-20 14:09:34.279 +09:00 [INF] CORS policy execution successful.
2026-06-20 14:09:34.279 +09:00 [INF] Executing endpoint 'KanbanServer.Controllers.TicketsController.UpdateColumn (KanbanServer)'
2026-06-20 14:09:34.285 +09:00 [INF] Route matched with {action = "UpdateColumn", controller = "Tickets"}. Executing controller action with signature System.Threading.Tasks.Task`1[Microsoft.AspNetCore.Mvc.IActionResult] UpdateColumn(System.String, KanbanServer.Models.ColumnUpdateDto) on controller KanbanServer.Controllers.TicketsController (KanbanServer).
2026-06-20 14:09:34.322 +09:00 [INF] Executed DbCommand (4ms) [Parameters=[@p='?' (Size = 32)], CommandType='"Text"', CommandTimeout='30']
SELECT "t"."TicketId", "t"."Assignees", "t"."AssigneesJson", "t"."Category", "t"."ChildTasksJson", "t"."Column", "t"."Effort", "t"."EndDate", "t"."Id", "t"."IsArchived", "t"."IsEmergency", "t"."IsLocked", "t"."Labels", "t"."LabelsJson", "t"."MainAssignee", "t"."Memo", "t"."Position", "t"."PreviousColumn", "t"."Progress", "t"."StartDate", "t"."Title"
FROM "Tickets" AS "t"
WHERE "t"."TicketId" = @p
LIMIT 1
2026-06-20 14:09:34.367 +09:00 [INF] Executed DbCommand (0ms) [Parameters=[@newColumn='?' (Size = 5), @ticketId='?' (Size = 32)], CommandType='"Text"', CommandTimeout='30']
SELECT "t"."TicketId", "t"."Assignees", "t"."AssigneesJson", "t"."Category", "t"."ChildTasksJson", "t"."Column", "t"."Effort", "t"."EndDate", "t"."Id", "t"."IsArchived", "t"."IsEmergency", "t"."IsLocked", "t"."Labels", "t"."LabelsJson", "t"."MainAssignee", "t"."Memo", "t"."Position", "t"."PreviousColumn", "t"."Progress", "t"."StartDate", "t"."Title"
FROM "Tickets" AS "t"
WHERE "t"."Column" = @newColumn AND "t"."TicketId" <> @ticketId
ORDER BY "t"."Position", "t"."Id"
2026-06-20 14:09:34.397 +09:00 [INF] Executed DbCommand (1ms) [Parameters=[@newColumn='?' (Size = 5), @ticketId='?' (Size = 32), @newPos='?' (DbType = Double)], CommandType='"Text"', CommandTimeout='30']
SELECT EXISTS (
    SELECT 1
    FROM "Tickets" AS "t"
    WHERE "t"."Column" = @newColumn AND "t"."TicketId" <> @ticketId AND abs("t"."Position" - @newPos) < 100.0)
2026-06-20 14:09:34.404 +09:00 [INF] Executed DbCommand (0ms) [Parameters=[@column='?' (Size = 4), @excludeTicketId='?' (Size = 32)], CommandType='"Text"', CommandTimeout='30']
SELECT "t"."TicketId", "t"."Assignees", "t"."AssigneesJson", "t"."Category", "t"."ChildTasksJson", "t"."Column", "t"."Effort", "t"."EndDate", "t"."Id", "t"."IsArchived", "t"."IsEmergency", "t"."IsLocked", "t"."Labels", "t"."LabelsJson", "t"."MainAssignee", "t"."Memo", "t"."Position", "t"."PreviousColumn", "t"."Progress", "t"."StartDate", "t"."Title"
FROM "Tickets" AS "t"
WHERE "t"."Column" = @column AND "t"."TicketId" <> @excludeTicketId
ORDER BY "t"."Position", "t"."Id"
2026-06-20 14:09:34.490 +09:00 [INF] Executed DbCommand (0ms) [Parameters=[@p0='?' (DbType = DateTime), @p1='?' (Size = 4), @p2='?' (Size = 32), @p3='?' (Size = 6), @p4='?' (Size = 5)], CommandType='"Text"', CommandTimeout='30']
INSERT INTO "TicketHistories" ("Date", "PreviousValue", "TicketId", "Type", "Value")
VALUES (@p0, @p1, @p2, @p3, @p4)
RETURNING "Id";
2026-06-20 14:09:34.501 +09:00 [INF] Executed DbCommand (0ms) [Parameters=[@p1='?' (Size = 32), @p0='?' (DbType = Double)], CommandType='"Text"', CommandTimeout='30']
UPDATE "Tickets" SET "Position" = @p0
WHERE "TicketId" = @p1
RETURNING 1;
2026-06-20 14:09:34.503 +09:00 [INF] Executed DbCommand (0ms) [Parameters=[@p1='?' (Size = 32), @p0='?' (DbType = Double)], CommandType='"Text"', CommandTimeout='30']
UPDATE "Tickets" SET "Position" = @p0
WHERE "TicketId" = @p1
RETURNING 1;
2026-06-20 14:09:34.504 +09:00 [INF] Executed DbCommand (0ms) [Parameters=[@p1='?' (Size = 32), @p0='?' (DbType = Double)], CommandType='"Text"', CommandTimeout='30']
UPDATE "Tickets" SET "Position" = @p0
WHERE "TicketId" = @p1
RETURNING 1;
2026-06-20 14:09:34.505 +09:00 [INF] Executed DbCommand (0ms) [Parameters=[@p1='?' (Size = 32), @p0='?' (DbType = Double)], CommandType='"Text"', CommandTimeout='30']
UPDATE "Tickets" SET "Position" = @p0
WHERE "TicketId" = @p1
RETURNING 1;
2026-06-20 14:09:34.506 +09:00 [INF] Executed DbCommand (0ms) [Parameters=[@p1='?' (Size = 32), @p0='?' (DbType = Double)], CommandType='"Text"', CommandTimeout='30']
UPDATE "Tickets" SET "Position" = @p0
WHERE "TicketId" = @p1
RETURNING 1;
2026-06-20 14:09:34.507 +09:00 [INF] Executed DbCommand (0ms) [Parameters=[@p1='?' (Size = 32), @p0='?' (DbType = Double)], CommandType='"Text"', CommandTimeout='30']
UPDATE "Tickets" SET "Position" = @p0
WHERE "TicketId" = @p1
RETURNING 1;
2026-06-20 14:09:34.510 +09:00 [INF] Executed DbCommand (0ms) [Parameters=[@p1='?' (Size = 32), @p0='?' (DbType = Double)], CommandType='"Text"', CommandTimeout='30']
UPDATE "Tickets" SET "Position" = @p0
WHERE "TicketId" = @p1
RETURNING 1;
2026-06-20 14:09:34.511 +09:00 [INF] Executed DbCommand (0ms) [Parameters=[@p1='?' (Size = 32), @p0='?' (DbType = Double)], CommandType='"Text"', CommandTimeout='30']
UPDATE "Tickets" SET "Position" = @p0
WHERE "TicketId" = @p1
RETURNING 1;
2026-06-20 14:09:34.512 +09:00 [INF] Executed DbCommand (0ms) [Parameters=[@p1='?' (Size = 32), @p0='?' (DbType = Double)], CommandType='"Text"', CommandTimeout='30']
UPDATE "Tickets" SET "Position" = @p0
WHERE "TicketId" = @p1
RETURNING 1;
2026-06-20 14:09:34.513 +09:00 [INF] Executed DbCommand (0ms) [Parameters=[@p1='?' (Size = 32), @p0='?' (DbType = Double)], CommandType='"Text"', CommandTimeout='30']
UPDATE "Tickets" SET "Position" = @p0
WHERE "TicketId" = @p1
RETURNING 1;
2026-06-20 14:09:34.514 +09:00 [INF] Executed DbCommand (0ms) [Parameters=[@p1='?' (Size = 32), @p0='?' (DbType = Double)], CommandType='"Text"', CommandTimeout='30']
UPDATE "Tickets" SET "Position" = @p0
WHERE "TicketId" = @p1
RETURNING 1;
2026-06-20 14:09:34.515 +09:00 [INF] Executed DbCommand (0ms) [Parameters=[@p1='?' (Size = 32), @p0='?' (DbType = Double)], CommandType='"Text"', CommandTimeout='30']
UPDATE "Tickets" SET "Position" = @p0
WHERE "TicketId" = @p1
RETURNING 1;
2026-06-20 14:09:34.516 +09:00 [INF] Executed DbCommand (0ms) [Parameters=[@p1='?' (Size = 32), @p0='?' (DbType = Double)], CommandType='"Text"', CommandTimeout='30']
UPDATE "Tickets" SET "Position" = @p0
WHERE "TicketId" = @p1
RETURNING 1;
2026-06-20 14:09:34.517 +09:00 [INF] Executed DbCommand (0ms) [Parameters=[@p1='?' (Size = 32), @p0='?' (DbType = Double)], CommandType='"Text"', CommandTimeout='30']
UPDATE "Tickets" SET "Position" = @p0
WHERE "TicketId" = @p1
RETURNING 1;
2026-06-20 14:09:34.517 +09:00 [INF] Executed DbCommand (0ms) [Parameters=[@p1='?' (Size = 32), @p0='?' (DbType = Double)], CommandType='"Text"', CommandTimeout='30']
UPDATE "Tickets" SET "Position" = @p0
WHERE "TicketId" = @p1
RETURNING 1;
2026-06-20 14:09:34.518 +09:00 [INF] Executed DbCommand (0ms) [Parameters=[@p1='?' (Size = 32), @p0='?' (DbType = Double)], CommandType='"Text"', CommandTimeout='30']
UPDATE "Tickets" SET "Position" = @p0
WHERE "TicketId" = @p1
RETURNING 1;
2026-06-20 14:09:34.519 +09:00 [INF] Executed DbCommand (0ms) [Parameters=[@p1='?' (Size = 32), @p0='?' (DbType = Double)], CommandType='"Text"', CommandTimeout='30']
UPDATE "Tickets" SET "Position" = @p0
WHERE "TicketId" = @p1
RETURNING 1;
2026-06-20 14:09:34.520 +09:00 [INF] Executed DbCommand (0ms) [Parameters=[@p1='?' (Size = 32), @p0='?' (DbType = Double)], CommandType='"Text"', CommandTimeout='30']
UPDATE "Tickets" SET "Position" = @p0
WHERE "TicketId" = @p1
RETURNING 1;
2026-06-20 14:09:34.521 +09:00 [INF] Executed DbCommand (0ms) [Parameters=[@p1='?' (Size = 32), @p0='?' (DbType = Double)], CommandType='"Text"', CommandTimeout='30']
UPDATE "Tickets" SET "Position" = @p0
WHERE "TicketId" = @p1
RETURNING 1;
2026-06-20 14:09:34.522 +09:00 [INF] Executed DbCommand (0ms) [Parameters=[@p1='?' (Size = 32), @p0='?' (DbType = Double)], CommandType='"Text"', CommandTimeout='30']
UPDATE "Tickets" SET "Position" = @p0
WHERE "TicketId" = @p1
RETURNING 1;
2026-06-20 14:09:34.524 +09:00 [INF] Executed DbCommand (0ms) [Parameters=[@p1='?' (Size = 32), @p0='?' (DbType = Double)], CommandType='"Text"', CommandTimeout='30']
UPDATE "Tickets" SET "Position" = @p0
WHERE "TicketId" = @p1
RETURNING 1;
2026-06-20 14:09:34.525 +09:00 [INF] Executed DbCommand (0ms) [Parameters=[@p1='?' (Size = 32), @p0='?' (DbType = Double)], CommandType='"Text"', CommandTimeout='30']
UPDATE "Tickets" SET "Position" = @p0
WHERE "TicketId" = @p1
RETURNING 1;
2026-06-20 14:09:34.525 +09:00 [INF] Executed DbCommand (0ms) [Parameters=[@p1='?' (Size = 32), @p0='?' (DbType = Double)], CommandType='"Text"', CommandTimeout='30']
UPDATE "Tickets" SET "Position" = @p0
WHERE "TicketId" = @p1
RETURNING 1;
2026-06-20 14:09:34.526 +09:00 [INF] Executed DbCommand (0ms) [Parameters=[@p1='?' (Size = 32), @p0='?' (DbType = Double)], CommandType='"Text"', CommandTimeout='30']
UPDATE "Tickets" SET "Position" = @p0
WHERE "TicketId" = @p1
RETURNING 1;
2026-06-20 14:09:34.527 +09:00 [INF] Executed DbCommand (0ms) [Parameters=[@p1='?' (Size = 32), @p0='?' (DbType = Double)], CommandType='"Text"', CommandTimeout='30']
UPDATE "Tickets" SET "Position" = @p0
WHERE "TicketId" = @p1
RETURNING 1;
2026-06-20 14:09:34.528 +09:00 [INF] Executed DbCommand (0ms) [Parameters=[@p1='?' (Size = 32), @p0='?' (DbType = Double)], CommandType='"Text"', CommandTimeout='30']
UPDATE "Tickets" SET "Position" = @p0
WHERE "TicketId" = @p1
RETURNING 1;
2026-06-20 14:09:34.529 +09:00 [INF] Executed DbCommand (0ms) [Parameters=[@p1='?' (Size = 32), @p0='?' (DbType = Double)], CommandType='"Text"', CommandTimeout='30']
UPDATE "Tickets" SET "Position" = @p0
WHERE "TicketId" = @p1
RETURNING 1;
2026-06-20 14:09:34.530 +09:00 [INF] Executed DbCommand (0ms) [Parameters=[@p1='?' (Size = 32), @p0='?' (DbType = Double)], CommandType='"Text"', CommandTimeout='30']
UPDATE "Tickets" SET "Position" = @p0
WHERE "TicketId" = @p1
RETURNING 1;
2026-06-20 14:09:34.531 +09:00 [INF] Executed DbCommand (0ms) [Parameters=[@p1='?' (Size = 32), @p0='?' (DbType = Double)], CommandType='"Text"', CommandTimeout='30']
UPDATE "Tickets" SET "Position" = @p0
WHERE "TicketId" = @p1
RETURNING 1;
2026-06-20 14:09:34.532 +09:00 [INF] Executed DbCommand (0ms) [Parameters=[@p1='?' (Size = 32), @p0='?' (DbType = Double)], CommandType='"Text"', CommandTimeout='30']
UPDATE "Tickets" SET "Position" = @p0
WHERE "TicketId" = @p1
RETURNING 1;
2026-06-20 14:09:34.533 +09:00 [INF] Executed DbCommand (0ms) [Parameters=[@p1='?' (Size = 32), @p0='?' (DbType = Double)], CommandType='"Text"', CommandTimeout='30']
UPDATE "Tickets" SET "Position" = @p0
WHERE "TicketId" = @p1
RETURNING 1;
2026-06-20 14:09:34.533 +09:00 [INF] Executed DbCommand (0ms) [Parameters=[@p1='?' (Size = 32), @p0='?' (DbType = Double)], CommandType='"Text"', CommandTimeout='30']
UPDATE "Tickets" SET "Position" = @p0
WHERE "TicketId" = @p1
RETURNING 1;
2026-06-20 14:09:34.534 +09:00 [INF] Executed DbCommand (0ms) [Parameters=[@p1='?' (Size = 32), @p0='?' (DbType = Double)], CommandType='"Text"', CommandTimeout='30']
UPDATE "Tickets" SET "Position" = @p0
WHERE "TicketId" = @p1
RETURNING 1;
2026-06-20 14:09:34.535 +09:00 [INF] Executed DbCommand (0ms) [Parameters=[@p1='?' (Size = 32), @p0='?' (DbType = Double)], CommandType='"Text"', CommandTimeout='30']
UPDATE "Tickets" SET "Position" = @p0
WHERE "TicketId" = @p1
RETURNING 1;
2026-06-20 14:09:34.536 +09:00 [INF] Executed DbCommand (0ms) [Parameters=[@p1='?' (Size = 32), @p0='?' (DbType = Double)], CommandType='"Text"', CommandTimeout='30']
UPDATE "Tickets" SET "Position" = @p0
WHERE "TicketId" = @p1
RETURNING 1;
2026-06-20 14:09:34.537 +09:00 [INF] Executed DbCommand (0ms) [Parameters=[@p1='?' (Size = 32), @p0='?' (DbType = Double)], CommandType='"Text"', CommandTimeout='30']
UPDATE "Tickets" SET "Position" = @p0
WHERE "TicketId" = @p1
RETURNING 1;
2026-06-20 14:09:34.538 +09:00 [INF] Executed DbCommand (0ms) [Parameters=[@p1='?' (Size = 32), @p0='?' (DbType = Double)], CommandType='"Text"', CommandTimeout='30']
UPDATE "Tickets" SET "Position" = @p0
WHERE "TicketId" = @p1
RETURNING 1;
2026-06-20 14:09:34.548 +09:00 [INF] Executed DbCommand (10ms) [Parameters=[@p1='?' (Size = 32), @p0='?' (DbType = Double)], CommandType='"Text"', CommandTimeout='30']
UPDATE "Tickets" SET "Position" = @p0
WHERE "TicketId" = @p1
RETURNING 1;
2026-06-20 14:09:34.549 +09:00 [INF] Executed DbCommand (0ms) [Parameters=[@p1='?' (Size = 32), @p0='?' (DbType = Double)], CommandType='"Text"', CommandTimeout='30']
UPDATE "Tickets" SET "Position" = @p0
WHERE "TicketId" = @p1
RETURNING 1;
2026-06-20 14:09:34.550 +09:00 [INF] Executed DbCommand (0ms) [Parameters=[@p1='?' (Size = 32), @p0='?' (DbType = Double)], CommandType='"Text"', CommandTimeout='30']
UPDATE "Tickets" SET "Position" = @p0
WHERE "TicketId" = @p1
RETURNING 1;
2026-06-20 14:09:34.551 +09:00 [INF] Executed DbCommand (0ms) [Parameters=[@p1='?' (Size = 32), @p0='?' (DbType = Double)], CommandType='"Text"', CommandTimeout='30']
UPDATE "Tickets" SET "Position" = @p0
WHERE "TicketId" = @p1
RETURNING 1;
2026-06-20 14:09:34.552 +09:00 [INF] Executed DbCommand (0ms) [Parameters=[@p1='?' (Size = 32), @p0='?' (DbType = Double)], CommandType='"Text"', CommandTimeout='30']
UPDATE "Tickets" SET "Position" = @p0
WHERE "TicketId" = @p1
RETURNING 1;
2026-06-20 14:09:34.553 +09:00 [INF] Executed DbCommand (0ms) [Parameters=[@p1='?' (Size = 32), @p0='?' (DbType = Double)], CommandType='"Text"', CommandTimeout='30']
UPDATE "Tickets" SET "Position" = @p0
WHERE "TicketId" = @p1
RETURNING 1;
2026-06-20 14:09:34.554 +09:00 [INF] Executed DbCommand (0ms) [Parameters=[@p1='?' (Size = 32), @p0='?' (DbType = Double)], CommandType='"Text"', CommandTimeout='30']
UPDATE "Tickets" SET "Position" = @p0
WHERE "TicketId" = @p1
RETURNING 1;
2026-06-20 14:09:34.555 +09:00 [INF] Executed DbCommand (0ms) [Parameters=[@p1='?' (Size = 32), @p0='?' (DbType = Double)], CommandType='"Text"', CommandTimeout='30']
UPDATE "Tickets" SET "Position" = @p0
WHERE "TicketId" = @p1
RETURNING 1;
2026-06-20 14:09:34.556 +09:00 [INF] Executed DbCommand (0ms) [Parameters=[@p1='?' (Size = 32), @p0='?' (DbType = Double)], CommandType='"Text"', CommandTimeout='30']
UPDATE "Tickets" SET "Position" = @p0
WHERE "TicketId" = @p1
RETURNING 1;
2026-06-20 14:09:34.557 +09:00 [INF] Executed DbCommand (0ms) [Parameters=[@p1='?' (Size = 32), @p0='?' (DbType = Double)], CommandType='"Text"', CommandTimeout='30']
UPDATE "Tickets" SET "Position" = @p0
WHERE "TicketId" = @p1
RETURNING 1;
2026-06-20 14:09:34.557 +09:00 [INF] Executed DbCommand (0ms) [Parameters=[@p1='?' (Size = 32), @p0='?' (DbType = Double)], CommandType='"Text"', CommandTimeout='30']
UPDATE "Tickets" SET "Position" = @p0
WHERE "TicketId" = @p1
RETURNING 1;
2026-06-20 14:09:34.558 +09:00 [INF] Executed DbCommand (0ms) [Parameters=[@p1='?' (Size = 32), @p0='?' (DbType = Double)], CommandType='"Text"', CommandTimeout='30']
UPDATE "Tickets" SET "Position" = @p0
WHERE "TicketId" = @p1
RETURNING 1;
2026-06-20 14:09:34.559 +09:00 [INF] Executed DbCommand (0ms) [Parameters=[@p1='?' (Size = 32), @p0='?' (DbType = Double)], CommandType='"Text"', CommandTimeout='30']
UPDATE "Tickets" SET "Position" = @p0
WHERE "TicketId" = @p1
RETURNING 1;
2026-06-20 14:09:34.560 +09:00 [INF] Executed DbCommand (0ms) [Parameters=[@p1='?' (Size = 32), @p0='?' (DbType = Double)], CommandType='"Text"', CommandTimeout='30']
UPDATE "Tickets" SET "Position" = @p0
WHERE "TicketId" = @p1
RETURNING 1;
2026-06-20 14:09:34.561 +09:00 [INF] Executed DbCommand (0ms) [Parameters=[@p1='?' (Size = 32), @p0='?' (DbType = Double)], CommandType='"Text"', CommandTimeout='30']
UPDATE "Tickets" SET "Position" = @p0
WHERE "TicketId" = @p1
RETURNING 1;
2026-06-20 14:09:34.561 +09:00 [INF] Executed DbCommand (0ms) [Parameters=[@p1='?' (Size = 32), @p0='?' (DbType = Double)], CommandType='"Text"', CommandTimeout='30']
UPDATE "Tickets" SET "Position" = @p0
WHERE "TicketId" = @p1
RETURNING 1;
2026-06-20 14:09:34.562 +09:00 [INF] Executed DbCommand (0ms) [Parameters=[@p2='?' (Size = 32), @p0='?' (Size = 5), @p1='?' (DbType = Double)], CommandType='"Text"', CommandTimeout='30']
UPDATE "Tickets" SET "Column" = @p0, "Position" = @p1
WHERE "TicketId" = @p2
RETURNING 1;
2026-06-20 14:09:34.563 +09:00 [INF] Executed DbCommand (0ms) [Parameters=[@p1='?' (Size = 32), @p0='?' (DbType = Double)], CommandType='"Text"', CommandTimeout='30']
UPDATE "Tickets" SET "Position" = @p0
WHERE "TicketId" = @p1
RETURNING 1;
2026-06-20 14:09:34.564 +09:00 [INF] Executed DbCommand (0ms) [Parameters=[@p1='?' (Size = 32), @p0='?' (DbType = Double)], CommandType='"Text"', CommandTimeout='30']
UPDATE "Tickets" SET "Position" = @p0
WHERE "TicketId" = @p1
RETURNING 1;
2026-06-20 14:09:34.576 +09:00 [INF] Executing StatusCodeResult, setting HTTP status code 204
2026-06-20 14:09:34.576 +09:00 [INF] Executed action KanbanServer.Controllers.TicketsController.UpdateColumn (KanbanServer) in 290.0935ms
2026-06-20 14:09:34.576 +09:00 [INF] Executed endpoint 'KanbanServer.Controllers.TicketsController.UpdateColumn (KanbanServer)'
2026-06-20 14:09:34.577 +09:00 [INF] Request finished HTTP/1.1 PATCH http://localhost:5000/api/tickets/f7db2c8312fc40f8a9c526d51c4cc94c/column - 204 null null 300.1131ms
2026-06-20 14:09:34.578 +09:00 [INF] Request starting HTTP/1.1 GET http://localhost:5000/api/tickets - null null
2026-06-20 14:09:34.579 +09:00 [INF] Executing endpoint 'KanbanServer.Controllers.TicketsController.GetAll (KanbanServer)'
2026-06-20 14:09:34.580 +09:00 [INF] Route matched with {action = "GetAll", controller = "Tickets"}. Executing controller action with signature System.Threading.Tasks.Task`1[Microsoft.AspNetCore.Mvc.ActionResult`1[System.Collections.Generic.List`1[KanbanServer.Models.Ticket]]] GetAll() on controller KanbanServer.Controllers.TicketsController (KanbanServer).
2026-06-20 14:09:34.581 +09:00 [INF] Executed DbCommand (0ms) [Parameters=[], CommandType='"Text"', CommandTimeout='30']
SELECT "t"."TicketId", "t"."Assignees", "t"."AssigneesJson", "t"."Category", "t"."ChildTasksJson", "t"."Column", "t"."Effort", "t"."EndDate", "t"."Id", "t"."IsArchived", "t"."IsEmergency", "t"."IsLocked", "t"."Labels", "t"."LabelsJson", "t"."MainAssignee", "t"."Memo", "t"."Position", "t"."PreviousColumn", "t"."Progress", "t"."StartDate", "t"."Title"
FROM "Tickets" AS "t"
2026-06-20 14:09:34.589 +09:00 [INF] Executing OkObjectResult, writing value of type 'System.Collections.Generic.List`1[[KanbanServer.Models.Ticket, KanbanServer, Version=1.0.0.0, Culture=neutral, PublicKeyToken=null]]'.
2026-06-20 14:09:34.592 +09:00 [INF] Executed action KanbanServer.Controllers.TicketsController.GetAll (KanbanServer) in 11.2818ms
2026-06-20 14:09:34.592 +09:00 [INF] Executed endpoint 'KanbanServer.Controllers.TicketsController.GetAll (KanbanServer)'
2026-06-20 14:09:34.593 +09:00 [INF] Request finished HTTP/1.1 GET http://localhost:5000/api/tickets - 200 null application/json; charset=utf-8 14.1847ms
2026-06-20 14:09:35.822 +09:00 [INF] Request starting HTTP/1.1 PATCH http://localhost:5000/api/tickets/f7db2c8312fc40f8a9c526d51c4cc94c/column - application/json 34
2026-06-20 14:09:35.827 +09:00 [INF] CORS policy execution successful.
2026-06-20 14:09:35.828 +09:00 [INF] Executing endpoint 'KanbanServer.Controllers.TicketsController.UpdateColumn (KanbanServer)'
2026-06-20 14:09:35.829 +09:00 [INF] Route matched with {action = "UpdateColumn", controller = "Tickets"}. Executing controller action with signature System.Threading.Tasks.Task`1[Microsoft.AspNetCore.Mvc.IActionResult] UpdateColumn(System.String, KanbanServer.Models.ColumnUpdateDto) on controller KanbanServer.Controllers.TicketsController (KanbanServer).
2026-06-20 14:09:35.837 +09:00 [INF] Executed DbCommand (0ms) [Parameters=[@p='?' (Size = 32)], CommandType='"Text"', CommandTimeout='30']
SELECT "t"."TicketId", "t"."Assignees", "t"."AssigneesJson", "t"."Category", "t"."ChildTasksJson", "t"."Column", "t"."Effort", "t"."EndDate", "t"."Id", "t"."IsArchived", "t"."IsEmergency", "t"."IsLocked", "t"."Labels", "t"."LabelsJson", "t"."MainAssignee", "t"."Memo", "t"."Position", "t"."PreviousColumn", "t"."Progress", "t"."StartDate", "t"."Title"
FROM "Tickets" AS "t"
WHERE "t"."TicketId" = @p
LIMIT 1
2026-06-20 14:09:35.842 +09:00 [INF] Executed DbCommand (0ms) [Parameters=[@newColumn='?' (Size = 4), @ticketId='?' (Size = 32)], CommandType='"Text"', CommandTimeout='30']
SELECT "t"."TicketId", "t"."Assignees", "t"."AssigneesJson", "t"."Category", "t"."ChildTasksJson", "t"."Column", "t"."Effort", "t"."EndDate", "t"."Id", "t"."IsArchived", "t"."IsEmergency", "t"."IsLocked", "t"."Labels", "t"."LabelsJson", "t"."MainAssignee", "t"."Memo", "t"."Position", "t"."PreviousColumn", "t"."Progress", "t"."StartDate", "t"."Title"
FROM "Tickets" AS "t"
WHERE "t"."Column" = @newColumn AND "t"."TicketId" <> @ticketId
ORDER BY "t"."Position", "t"."Id"
2026-06-20 14:09:35.845 +09:00 [INF] Executed DbCommand (0ms) [Parameters=[@newColumn='?' (Size = 4), @ticketId='?' (Size = 32), @newPos='?' (DbType = Double)], CommandType='"Text"', CommandTimeout='30']
SELECT EXISTS (
    SELECT 1
    FROM "Tickets" AS "t"
    WHERE "t"."Column" = @newColumn AND "t"."TicketId" <> @ticketId AND abs("t"."Position" - @newPos) < 100.0)
2026-06-20 14:09:35.846 +09:00 [INF] Executed DbCommand (0ms) [Parameters=[@column='?' (Size = 5), @excludeTicketId='?' (Size = 32)], CommandType='"Text"', CommandTimeout='30']
SELECT "t"."TicketId", "t"."Assignees", "t"."AssigneesJson", "t"."Category", "t"."ChildTasksJson", "t"."Column", "t"."Effort", "t"."EndDate", "t"."Id", "t"."IsArchived", "t"."IsEmergency", "t"."IsLocked", "t"."Labels", "t"."LabelsJson", "t"."MainAssignee", "t"."Memo", "t"."Position", "t"."PreviousColumn", "t"."Progress", "t"."StartDate", "t"."Title"
FROM "Tickets" AS "t"
WHERE "t"."Column" = @column AND "t"."TicketId" <> @excludeTicketId
ORDER BY "t"."Position", "t"."Id"
2026-06-20 14:09:35.851 +09:00 [INF] Executed DbCommand (0ms) [Parameters=[@p0='?' (DbType = DateTime), @p1='?' (Size = 5), @p2='?' (Size = 32), @p3='?' (Size = 6), @p4='?' (Size = 4)], CommandType='"Text"', CommandTimeout='30']
INSERT INTO "TicketHistories" ("Date", "PreviousValue", "TicketId", "Type", "Value")
VALUES (@p0, @p1, @p2, @p3, @p4)
RETURNING "Id";
2026-06-20 14:09:35.852 +09:00 [INF] Executed DbCommand (0ms) [Parameters=[@p1='?' (Size = 32), @p0='?' (DbType = Double)], CommandType='"Text"', CommandTimeout='30']
UPDATE "Tickets" SET "Position" = @p0
WHERE "TicketId" = @p1
RETURNING 1;
2026-06-20 14:09:35.853 +09:00 [INF] Executed DbCommand (0ms) [Parameters=[@p1='?' (Size = 32), @p0='?' (DbType = Double)], CommandType='"Text"', CommandTimeout='30']
UPDATE "Tickets" SET "Position" = @p0
WHERE "TicketId" = @p1
RETURNING 1;
2026-06-20 14:09:35.854 +09:00 [INF] Executed DbCommand (0ms) [Parameters=[@p1='?' (Size = 32), @p0='?' (DbType = Double)], CommandType='"Text"', CommandTimeout='30']
UPDATE "Tickets" SET "Position" = @p0
WHERE "TicketId" = @p1
RETURNING 1;
2026-06-20 14:09:35.855 +09:00 [INF] Executed DbCommand (0ms) [Parameters=[@p1='?' (Size = 32), @p0='?' (DbType = Double)], CommandType='"Text"', CommandTimeout='30']
UPDATE "Tickets" SET "Position" = @p0
WHERE "TicketId" = @p1
RETURNING 1;
2026-06-20 14:09:35.856 +09:00 [INF] Executed DbCommand (0ms) [Parameters=[@p1='?' (Size = 32), @p0='?' (DbType = Double)], CommandType='"Text"', CommandTimeout='30']
UPDATE "Tickets" SET "Position" = @p0
WHERE "TicketId" = @p1
RETURNING 1;
2026-06-20 14:09:35.857 +09:00 [INF] Executed DbCommand (0ms) [Parameters=[@p1='?' (Size = 32), @p0='?' (DbType = Double)], CommandType='"Text"', CommandTimeout='30']
UPDATE "Tickets" SET "Position" = @p0
WHERE "TicketId" = @p1
RETURNING 1;
2026-06-20 14:09:35.858 +09:00 [INF] Executed DbCommand (0ms) [Parameters=[@p1='?' (Size = 32), @p0='?' (DbType = Double)], CommandType='"Text"', CommandTimeout='30']
UPDATE "Tickets" SET "Position" = @p0
WHERE "TicketId" = @p1
RETURNING 1;
2026-06-20 14:09:35.859 +09:00 [INF] Executed DbCommand (0ms) [Parameters=[@p1='?' (Size = 32), @p0='?' (DbType = Double)], CommandType='"Text"', CommandTimeout='30']
UPDATE "Tickets" SET "Position" = @p0
WHERE "TicketId" = @p1
RETURNING 1;
2026-06-20 14:09:35.860 +09:00 [INF] Executed DbCommand (0ms) [Parameters=[@p1='?' (Size = 32), @p0='?' (DbType = Double)], CommandType='"Text"', CommandTimeout='30']
UPDATE "Tickets" SET "Position" = @p0
WHERE "TicketId" = @p1
RETURNING 1;
2026-06-20 14:09:35.861 +09:00 [INF] Executed DbCommand (0ms) [Parameters=[@p1='?' (Size = 32), @p0='?' (DbType = Double)], CommandType='"Text"', CommandTimeout='30']
UPDATE "Tickets" SET "Position" = @p0
WHERE "TicketId" = @p1
RETURNING 1;
2026-06-20 14:09:35.862 +09:00 [INF] Executed DbCommand (0ms) [Parameters=[@p1='?' (Size = 32), @p0='?' (DbType = Double)], CommandType='"Text"', CommandTimeout='30']
UPDATE "Tickets" SET "Position" = @p0
WHERE "TicketId" = @p1
RETURNING 1;
2026-06-20 14:09:35.863 +09:00 [INF] Executed DbCommand (0ms) [Parameters=[@p1='?' (Size = 32), @p0='?' (DbType = Double)], CommandType='"Text"', CommandTimeout='30']
UPDATE "Tickets" SET "Position" = @p0
WHERE "TicketId" = @p1
RETURNING 1;
2026-06-20 14:09:35.864 +09:00 [INF] Executed DbCommand (0ms) [Parameters=[@p1='?' (Size = 32), @p0='?' (DbType = Double)], CommandType='"Text"', CommandTimeout='30']
UPDATE "Tickets" SET "Position" = @p0
WHERE "TicketId" = @p1
RETURNING 1;
2026-06-20 14:09:35.865 +09:00 [INF] Executed DbCommand (0ms) [Parameters=[@p1='?' (Size = 32), @p0='?' (DbType = Double)], CommandType='"Text"', CommandTimeout='30']
UPDATE "Tickets" SET "Position" = @p0
WHERE "TicketId" = @p1
RETURNING 1;
2026-06-20 14:09:35.866 +09:00 [INF] Executed DbCommand (0ms) [Parameters=[@p1='?' (Size = 32), @p0='?' (DbType = Double)], CommandType='"Text"', CommandTimeout='30']
UPDATE "Tickets" SET "Position" = @p0
WHERE "TicketId" = @p1
RETURNING 1;
2026-06-20 14:09:35.867 +09:00 [INF] Executed DbCommand (0ms) [Parameters=[@p1='?' (Size = 32), @p0='?' (DbType = Double)], CommandType='"Text"', CommandTimeout='30']
UPDATE "Tickets" SET "Position" = @p0
WHERE "TicketId" = @p1
RETURNING 1;
2026-06-20 14:09:35.868 +09:00 [INF] Executed DbCommand (0ms) [Parameters=[@p1='?' (Size = 32), @p0='?' (DbType = Double)], CommandType='"Text"', CommandTimeout='30']
UPDATE "Tickets" SET "Position" = @p0
WHERE "TicketId" = @p1
RETURNING 1;
2026-06-20 14:09:35.869 +09:00 [INF] Executed DbCommand (0ms) [Parameters=[@p1='?' (Size = 32), @p0='?' (DbType = Double)], CommandType='"Text"', CommandTimeout='30']
UPDATE "Tickets" SET "Position" = @p0
WHERE "TicketId" = @p1
RETURNING 1;
2026-06-20 14:09:35.870 +09:00 [INF] Executed DbCommand (0ms) [Parameters=[@p1='?' (Size = 32), @p0='?' (DbType = Double)], CommandType='"Text"', CommandTimeout='30']
UPDATE "Tickets" SET "Position" = @p0
WHERE "TicketId" = @p1
RETURNING 1;
2026-06-20 14:09:35.871 +09:00 [INF] Executed DbCommand (0ms) [Parameters=[@p1='?' (Size = 32), @p0='?' (DbType = Double)], CommandType='"Text"', CommandTimeout='30']
UPDATE "Tickets" SET "Position" = @p0
WHERE "TicketId" = @p1
RETURNING 1;
2026-06-20 14:09:35.872 +09:00 [INF] Executed DbCommand (0ms) [Parameters=[@p1='?' (Size = 32), @p0='?' (DbType = Double)], CommandType='"Text"', CommandTimeout='30']
UPDATE "Tickets" SET "Position" = @p0
WHERE "TicketId" = @p1
RETURNING 1;
2026-06-20 14:09:35.873 +09:00 [INF] Executed DbCommand (0ms) [Parameters=[@p1='?' (Size = 32), @p0='?' (DbType = Double)], CommandType='"Text"', CommandTimeout='30']
UPDATE "Tickets" SET "Position" = @p0
WHERE "TicketId" = @p1
RETURNING 1;
2026-06-20 14:09:35.874 +09:00 [INF] Executed DbCommand (0ms) [Parameters=[@p1='?' (Size = 32), @p0='?' (DbType = Double)], CommandType='"Text"', CommandTimeout='30']
UPDATE "Tickets" SET "Position" = @p0
WHERE "TicketId" = @p1
RETURNING 1;
2026-06-20 14:09:35.874 +09:00 [INF] Executed DbCommand (0ms) [Parameters=[@p1='?' (Size = 32), @p0='?' (DbType = Double)], CommandType='"Text"', CommandTimeout='30']
UPDATE "Tickets" SET "Position" = @p0
WHERE "TicketId" = @p1
RETURNING 1;
2026-06-20 14:09:35.875 +09:00 [INF] Executed DbCommand (0ms) [Parameters=[@p1='?' (Size = 32), @p0='?' (DbType = Double)], CommandType='"Text"', CommandTimeout='30']
UPDATE "Tickets" SET "Position" = @p0
WHERE "TicketId" = @p1
RETURNING 1;
2026-06-20 14:09:35.876 +09:00 [INF] Executed DbCommand (0ms) [Parameters=[@p1='?' (Size = 32), @p0='?' (DbType = Double)], CommandType='"Text"', CommandTimeout='30']
UPDATE "Tickets" SET "Position" = @p0
WHERE "TicketId" = @p1
RETURNING 1;
2026-06-20 14:09:35.878 +09:00 [INF] Executed DbCommand (0ms) [Parameters=[@p1='?' (Size = 32), @p0='?' (DbType = Double)], CommandType='"Text"', CommandTimeout='30']
UPDATE "Tickets" SET "Position" = @p0
WHERE "TicketId" = @p1
RETURNING 1;
2026-06-20 14:09:35.879 +09:00 [INF] Executed DbCommand (0ms) [Parameters=[@p1='?' (Size = 32), @p0='?' (DbType = Double)], CommandType='"Text"', CommandTimeout='30']
UPDATE "Tickets" SET "Position" = @p0
WHERE "TicketId" = @p1
RETURNING 1;
2026-06-20 14:09:35.879 +09:00 [INF] Executed DbCommand (0ms) [Parameters=[@p1='?' (Size = 32), @p0='?' (DbType = Double)], CommandType='"Text"', CommandTimeout='30']
UPDATE "Tickets" SET "Position" = @p0
WHERE "TicketId" = @p1
RETURNING 1;
2026-06-20 14:09:35.880 +09:00 [INF] Executed DbCommand (0ms) [Parameters=[@p1='?' (Size = 32), @p0='?' (DbType = Double)], CommandType='"Text"', CommandTimeout='30']
UPDATE "Tickets" SET "Position" = @p0
WHERE "TicketId" = @p1
RETURNING 1;
2026-06-20 14:09:35.881 +09:00 [INF] Executed DbCommand (0ms) [Parameters=[@p1='?' (Size = 32), @p0='?' (DbType = Double)], CommandType='"Text"', CommandTimeout='30']
UPDATE "Tickets" SET "Position" = @p0
WHERE "TicketId" = @p1
RETURNING 1;
2026-06-20 14:09:35.882 +09:00 [INF] Executed DbCommand (0ms) [Parameters=[@p1='?' (Size = 32), @p0='?' (DbType = Double)], CommandType='"Text"', CommandTimeout='30']
UPDATE "Tickets" SET "Position" = @p0
WHERE "TicketId" = @p1
RETURNING 1;
2026-06-20 14:09:35.883 +09:00 [INF] Executed DbCommand (0ms) [Parameters=[@p1='?' (Size = 32), @p0='?' (DbType = Double)], CommandType='"Text"', CommandTimeout='30']
UPDATE "Tickets" SET "Position" = @p0
WHERE "TicketId" = @p1
RETURNING 1;
2026-06-20 14:09:35.884 +09:00 [INF] Executed DbCommand (0ms) [Parameters=[@p1='?' (Size = 32), @p0='?' (DbType = Double)], CommandType='"Text"', CommandTimeout='30']
UPDATE "Tickets" SET "Position" = @p0
WHERE "TicketId" = @p1
RETURNING 1;
2026-06-20 14:09:35.885 +09:00 [INF] Executed DbCommand (0ms) [Parameters=[@p1='?' (Size = 32), @p0='?' (DbType = Double)], CommandType='"Text"', CommandTimeout='30']
UPDATE "Tickets" SET "Position" = @p0
WHERE "TicketId" = @p1
RETURNING 1;
2026-06-20 14:09:35.887 +09:00 [INF] Executed DbCommand (0ms) [Parameters=[@p1='?' (Size = 32), @p0='?' (DbType = Double)], CommandType='"Text"', CommandTimeout='30']
UPDATE "Tickets" SET "Position" = @p0
WHERE "TicketId" = @p1
RETURNING 1;
2026-06-20 14:09:35.888 +09:00 [INF] Executed DbCommand (0ms) [Parameters=[@p1='?' (Size = 32), @p0='?' (DbType = Double)], CommandType='"Text"', CommandTimeout='30']
UPDATE "Tickets" SET "Position" = @p0
WHERE "TicketId" = @p1
RETURNING 1;
2026-06-20 14:09:35.889 +09:00 [INF] Executed DbCommand (0ms) [Parameters=[@p1='?' (Size = 32), @p0='?' (DbType = Double)], CommandType='"Text"', CommandTimeout='30']
UPDATE "Tickets" SET "Position" = @p0
WHERE "TicketId" = @p1
RETURNING 1;
2026-06-20 14:09:35.890 +09:00 [INF] Executed DbCommand (0ms) [Parameters=[@p1='?' (Size = 32), @p0='?' (DbType = Double)], CommandType='"Text"', CommandTimeout='30']
UPDATE "Tickets" SET "Position" = @p0
WHERE "TicketId" = @p1
RETURNING 1;
2026-06-20 14:09:35.891 +09:00 [INF] Executed DbCommand (0ms) [Parameters=[@p1='?' (Size = 32), @p0='?' (DbType = Double)], CommandType='"Text"', CommandTimeout='30']
UPDATE "Tickets" SET "Position" = @p0
WHERE "TicketId" = @p1
RETURNING 1;
2026-06-20 14:09:35.892 +09:00 [INF] Executed DbCommand (0ms) [Parameters=[@p1='?' (Size = 32), @p0='?' (DbType = Double)], CommandType='"Text"', CommandTimeout='30']
UPDATE "Tickets" SET "Position" = @p0
WHERE "TicketId" = @p1
RETURNING 1;
2026-06-20 14:09:35.893 +09:00 [INF] Executed DbCommand (0ms) [Parameters=[@p1='?' (Size = 32), @p0='?' (DbType = Double)], CommandType='"Text"', CommandTimeout='30']
UPDATE "Tickets" SET "Position" = @p0
WHERE "TicketId" = @p1
RETURNING 1;
2026-06-20 14:09:35.893 +09:00 [INF] Executed DbCommand (0ms) [Parameters=[@p1='?' (Size = 32), @p0='?' (DbType = Double)], CommandType='"Text"', CommandTimeout='30']
UPDATE "Tickets" SET "Position" = @p0
WHERE "TicketId" = @p1
RETURNING 1;
2026-06-20 14:09:35.894 +09:00 [INF] Executed DbCommand (0ms) [Parameters=[@p1='?' (Size = 32), @p0='?' (DbType = Double)], CommandType='"Text"', CommandTimeout='30']
UPDATE "Tickets" SET "Position" = @p0
WHERE "TicketId" = @p1
RETURNING 1;
2026-06-20 14:09:35.895 +09:00 [INF] Executed DbCommand (0ms) [Parameters=[@p1='?' (Size = 32), @p0='?' (DbType = Double)], CommandType='"Text"', CommandTimeout='30']
UPDATE "Tickets" SET "Position" = @p0
WHERE "TicketId" = @p1
RETURNING 1;
2026-06-20 14:09:35.896 +09:00 [INF] Executed DbCommand (0ms) [Parameters=[@p1='?' (Size = 32), @p0='?' (DbType = Double)], CommandType='"Text"', CommandTimeout='30']
UPDATE "Tickets" SET "Position" = @p0
WHERE "TicketId" = @p1
RETURNING 1;
2026-06-20 14:09:35.897 +09:00 [INF] Executed DbCommand (0ms) [Parameters=[@p1='?' (Size = 32), @p0='?' (DbType = Double)], CommandType='"Text"', CommandTimeout='30']
UPDATE "Tickets" SET "Position" = @p0
WHERE "TicketId" = @p1
RETURNING 1;
2026-06-20 14:09:35.898 +09:00 [INF] Executed DbCommand (0ms) [Parameters=[@p1='?' (Size = 32), @p0='?' (DbType = Double)], CommandType='"Text"', CommandTimeout='30']
UPDATE "Tickets" SET "Position" = @p0
WHERE "TicketId" = @p1
RETURNING 1;
2026-06-20 14:09:35.899 +09:00 [INF] Executed DbCommand (0ms) [Parameters=[@p1='?' (Size = 32), @p0='?' (DbType = Double)], CommandType='"Text"', CommandTimeout='30']
UPDATE "Tickets" SET "Position" = @p0
WHERE "TicketId" = @p1
RETURNING 1;
2026-06-20 14:09:35.900 +09:00 [INF] Executed DbCommand (0ms) [Parameters=[@p1='?' (Size = 32), @p0='?' (DbType = Double)], CommandType='"Text"', CommandTimeout='30']
UPDATE "Tickets" SET "Position" = @p0
WHERE "TicketId" = @p1
RETURNING 1;
2026-06-20 14:09:35.900 +09:00 [INF] Executed DbCommand (0ms) [Parameters=[@p1='?' (Size = 32), @p0='?' (DbType = Double)], CommandType='"Text"', CommandTimeout='30']
UPDATE "Tickets" SET "Position" = @p0
WHERE "TicketId" = @p1
RETURNING 1;
2026-06-20 14:09:35.903 +09:00 [INF] Executed DbCommand (0ms) [Parameters=[@p1='?' (Size = 32), @p0='?' (DbType = Double)], CommandType='"Text"', CommandTimeout='30']
UPDATE "Tickets" SET "Position" = @p0
WHERE "TicketId" = @p1
RETURNING 1;
2026-06-20 14:09:35.904 +09:00 [INF] Executed DbCommand (0ms) [Parameters=[@p1='?' (Size = 32), @p0='?' (DbType = Double)], CommandType='"Text"', CommandTimeout='30']
UPDATE "Tickets" SET "Position" = @p0
WHERE "TicketId" = @p1
RETURNING 1;
2026-06-20 14:09:35.905 +09:00 [INF] Executed DbCommand (0ms) [Parameters=[@p1='?' (Size = 32), @p0='?' (DbType = Double)], CommandType='"Text"', CommandTimeout='30']
UPDATE "Tickets" SET "Position" = @p0
WHERE "TicketId" = @p1
RETURNING 1;
2026-06-20 14:09:35.906 +09:00 [INF] Executed DbCommand (0ms) [Parameters=[@p1='?' (Size = 32), @p0='?' (DbType = Double)], CommandType='"Text"', CommandTimeout='30']
UPDATE "Tickets" SET "Position" = @p0
WHERE "TicketId" = @p1
RETURNING 1;
2026-06-20 14:09:35.907 +09:00 [INF] Executed DbCommand (0ms) [Parameters=[@p1='?' (Size = 32), @p0='?' (DbType = Double)], CommandType='"Text"', CommandTimeout='30']
UPDATE "Tickets" SET "Position" = @p0
WHERE "TicketId" = @p1
RETURNING 1;
2026-06-20 14:09:35.908 +09:00 [INF] Executed DbCommand (0ms) [Parameters=[@p1='?' (Size = 32), @p0='?' (DbType = Double)], CommandType='"Text"', CommandTimeout='30']
UPDATE "Tickets" SET "Position" = @p0
WHERE "TicketId" = @p1
RETURNING 1;
2026-06-20 14:09:35.909 +09:00 [INF] Executed DbCommand (0ms) [Parameters=[@p1='?' (Size = 32), @p0='?' (DbType = Double)], CommandType='"Text"', CommandTimeout='30']
UPDATE "Tickets" SET "Position" = @p0
WHERE "TicketId" = @p1
RETURNING 1;
2026-06-20 14:09:35.910 +09:00 [INF] Executed DbCommand (0ms) [Parameters=[@p1='?' (Size = 32), @p0='?' (DbType = Double)], CommandType='"Text"', CommandTimeout='30']
UPDATE "Tickets" SET "Position" = @p0
WHERE "TicketId" = @p1
RETURNING 1;
2026-06-20 14:09:35.911 +09:00 [INF] Executed DbCommand (0ms) [Parameters=[@p1='?' (Size = 32), @p0='?' (DbType = Double)], CommandType='"Text"', CommandTimeout='30']
UPDATE "Tickets" SET "Position" = @p0
WHERE "TicketId" = @p1
RETURNING 1;
2026-06-20 14:09:35.912 +09:00 [INF] Executed DbCommand (0ms) [Parameters=[@p1='?' (Size = 32), @p0='?' (DbType = Double)], CommandType='"Text"', CommandTimeout='30']
UPDATE "Tickets" SET "Position" = @p0
WHERE "TicketId" = @p1
RETURNING 1;
2026-06-20 14:09:35.913 +09:00 [INF] Executed DbCommand (0ms) [Parameters=[@p1='?' (Size = 32), @p0='?' (DbType = Double)], CommandType='"Text"', CommandTimeout='30']
UPDATE "Tickets" SET "Position" = @p0
WHERE "TicketId" = @p1
RETURNING 1;
2026-06-20 14:09:35.914 +09:00 [INF] Executed DbCommand (0ms) [Parameters=[@p1='?' (Size = 32), @p0='?' (DbType = Double)], CommandType='"Text"', CommandTimeout='30']
UPDATE "Tickets" SET "Position" = @p0
WHERE "TicketId" = @p1
RETURNING 1;
2026-06-20 14:09:35.915 +09:00 [INF] Executed DbCommand (0ms) [Parameters=[@p1='?' (Size = 32), @p0='?' (DbType = Double)], CommandType='"Text"', CommandTimeout='30']
UPDATE "Tickets" SET "Position" = @p0
WHERE "TicketId" = @p1
RETURNING 1;
2026-06-20 14:09:35.916 +09:00 [INF] Executed DbCommand (0ms) [Parameters=[@p1='?' (Size = 32), @p0='?' (DbType = Double)], CommandType='"Text"', CommandTimeout='30']
UPDATE "Tickets" SET "Position" = @p0
WHERE "TicketId" = @p1
RETURNING 1;
2026-06-20 14:09:35.917 +09:00 [INF] Executed DbCommand (0ms) [Parameters=[@p1='?' (Size = 32), @p0='?' (DbType = Double)], CommandType='"Text"', CommandTimeout='30']
UPDATE "Tickets" SET "Position" = @p0
WHERE "TicketId" = @p1
RETURNING 1;
2026-06-20 14:09:35.919 +09:00 [INF] Executed DbCommand (0ms) [Parameters=[@p1='?' (Size = 32), @p0='?' (DbType = Double)], CommandType='"Text"', CommandTimeout='30']
UPDATE "Tickets" SET "Position" = @p0
WHERE "TicketId" = @p1
RETURNING 1;
2026-06-20 14:09:35.919 +09:00 [INF] Executed DbCommand (0ms) [Parameters=[@p1='?' (Size = 32), @p0='?' (DbType = Double)], CommandType='"Text"', CommandTimeout='30']
UPDATE "Tickets" SET "Position" = @p0
WHERE "TicketId" = @p1
RETURNING 1;
2026-06-20 14:09:35.920 +09:00 [INF] Executed DbCommand (0ms) [Parameters=[@p1='?' (Size = 32), @p0='?' (DbType = Double)], CommandType='"Text"', CommandTimeout='30']
UPDATE "Tickets" SET "Position" = @p0
WHERE "TicketId" = @p1
RETURNING 1;
2026-06-20 14:09:35.922 +09:00 [INF] Executed DbCommand (0ms) [Parameters=[@p1='?' (Size = 32), @p0='?' (DbType = Double)], CommandType='"Text"', CommandTimeout='30']
UPDATE "Tickets" SET "Position" = @p0
WHERE "TicketId" = @p1
RETURNING 1;
2026-06-20 14:09:35.923 +09:00 [INF] Executed DbCommand (0ms) [Parameters=[@p1='?' (Size = 32), @p0='?' (DbType = Double)], CommandType='"Text"', CommandTimeout='30']
UPDATE "Tickets" SET "Position" = @p0
WHERE "TicketId" = @p1
RETURNING 1;
2026-06-20 14:09:35.923 +09:00 [INF] Executed DbCommand (0ms) [Parameters=[@p1='?' (Size = 32), @p0='?' (DbType = Double)], CommandType='"Text"', CommandTimeout='30']
UPDATE "Tickets" SET "Position" = @p0
WHERE "TicketId" = @p1
RETURNING 1;
2026-06-20 14:09:35.924 +09:00 [INF] Executed DbCommand (0ms) [Parameters=[@p1='?' (Size = 32), @p0='?' (DbType = Double)], CommandType='"Text"', CommandTimeout='30']
UPDATE "Tickets" SET "Position" = @p0
WHERE "TicketId" = @p1
RETURNING 1;
2026-06-20 14:09:35.925 +09:00 [INF] Executed DbCommand (0ms) [Parameters=[@p1='?' (Size = 32), @p0='?' (DbType = Double)], CommandType='"Text"', CommandTimeout='30']
UPDATE "Tickets" SET "Position" = @p0
WHERE "TicketId" = @p1
RETURNING 1;
2026-06-20 14:09:35.926 +09:00 [INF] Executed DbCommand (0ms) [Parameters=[@p1='?' (Size = 32), @p0='?' (DbType = Double)], CommandType='"Text"', CommandTimeout='30']
UPDATE "Tickets" SET "Position" = @p0
WHERE "TicketId" = @p1
RETURNING 1;
2026-06-20 14:09:35.927 +09:00 [INF] Executed DbCommand (0ms) [Parameters=[@p1='?' (Size = 32), @p0='?' (DbType = Double)], CommandType='"Text"', CommandTimeout='30']
UPDATE "Tickets" SET "Position" = @p0
WHERE "TicketId" = @p1
RETURNING 1;
2026-06-20 14:09:35.928 +09:00 [INF] Executed DbCommand (0ms) [Parameters=[@p1='?' (Size = 32), @p0='?' (DbType = Double)], CommandType='"Text"', CommandTimeout='30']
UPDATE "Tickets" SET "Position" = @p0
WHERE "TicketId" = @p1
RETURNING 1;
2026-06-20 14:09:35.929 +09:00 [INF] Executed DbCommand (0ms) [Parameters=[@p1='?' (Size = 32), @p0='?' (DbType = Double)], CommandType='"Text"', CommandTimeout='30']
UPDATE "Tickets" SET "Position" = @p0
WHERE "TicketId" = @p1
RETURNING 1;
2026-06-20 14:09:35.930 +09:00 [INF] Executed DbCommand (0ms) [Parameters=[@p2='?' (Size = 32), @p0='?' (Size = 4), @p1='?' (DbType = Double)], CommandType='"Text"', CommandTimeout='30']
UPDATE "Tickets" SET "Column" = @p0, "Position" = @p1
WHERE "TicketId" = @p2
RETURNING 1;
2026-06-20 14:09:35.942 +09:00 [INF] Executing StatusCodeResult, setting HTTP status code 204
2026-06-20 14:09:35.942 +09:00 [INF] Executed action KanbanServer.Controllers.TicketsController.UpdateColumn (KanbanServer) in 112.0067ms
2026-06-20 14:09:35.943 +09:00 [INF] Executed endpoint 'KanbanServer.Controllers.TicketsController.UpdateColumn (KanbanServer)'
2026-06-20 14:09:35.944 +09:00 [INF] Request finished HTTP/1.1 PATCH http://localhost:5000/api/tickets/f7db2c8312fc40f8a9c526d51c4cc94c/column - 204 null null 121.741ms
2026-06-20 14:09:35.946 +09:00 [INF] Request starting HTTP/1.1 GET http://localhost:5000/api/tickets - null null
2026-06-20 14:09:35.947 +09:00 [INF] Executing endpoint 'KanbanServer.Controllers.TicketsController.GetAll (KanbanServer)'
2026-06-20 14:09:35.947 +09:00 [INF] Route matched with {action = "GetAll", controller = "Tickets"}. Executing controller action with signature System.Threading.Tasks.Task`1[Microsoft.AspNetCore.Mvc.ActionResult`1[System.Collections.Generic.List`1[KanbanServer.Models.Ticket]]] GetAll() on controller KanbanServer.Controllers.TicketsController (KanbanServer).
2026-06-20 14:09:35.949 +09:00 [INF] Executed DbCommand (0ms) [Parameters=[], CommandType='"Text"', CommandTimeout='30']
SELECT "t"."TicketId", "t"."Assignees", "t"."AssigneesJson", "t"."Category", "t"."ChildTasksJson", "t"."Column", "t"."Effort", "t"."EndDate", "t"."Id", "t"."IsArchived", "t"."IsEmergency", "t"."IsLocked", "t"."Labels", "t"."LabelsJson", "t"."MainAssignee", "t"."Memo", "t"."Position", "t"."PreviousColumn", "t"."Progress", "t"."StartDate", "t"."Title"
FROM "Tickets" AS "t"
2026-06-20 14:09:35.965 +09:00 [INF] Executing OkObjectResult, writing value of type 'System.Collections.Generic.List`1[[KanbanServer.Models.Ticket, KanbanServer, Version=1.0.0.0, Culture=neutral, PublicKeyToken=null]]'.
2026-06-20 14:09:35.967 +09:00 [INF] Executed action KanbanServer.Controllers.TicketsController.GetAll (KanbanServer) in 18.6087ms
2026-06-20 14:09:35.968 +09:00 [INF] Executed endpoint 'KanbanServer.Controllers.TicketsController.GetAll (KanbanServer)'
2026-06-20 14:09:35.968 +09:00 [INF] Request finished HTTP/1.1 GET http://localhost:5000/api/tickets - 200 null application/json; charset=utf-8 22.7511ms
2026-06-20 14:09:37.032 +09:00 [INF] Request starting HTTP/1.1 DELETE http://localhost:5000/api/tickets/f7db2c8312fc40f8a9c526d51c4cc94c - null null
2026-06-20 14:09:37.035 +09:00 [INF] CORS policy execution successful.
2026-06-20 14:09:37.035 +09:00 [INF] Executing endpoint 'KanbanServer.Controllers.TicketsController.Delete (KanbanServer)'
2026-06-20 14:09:37.043 +09:00 [INF] Route matched with {action = "Delete", controller = "Tickets"}. Executing controller action with signature System.Threading.Tasks.Task`1[Microsoft.AspNetCore.Mvc.IActionResult] Delete(System.String) on controller KanbanServer.Controllers.TicketsController (KanbanServer).
2026-06-20 14:09:37.048 +09:00 [INF] Executed DbCommand (0ms) [Parameters=[@p='?' (Size = 32)], CommandType='"Text"', CommandTimeout='30']
SELECT "t"."TicketId", "t"."Assignees", "t"."AssigneesJson", "t"."Category", "t"."ChildTasksJson", "t"."Column", "t"."Effort", "t"."EndDate", "t"."Id", "t"."IsArchived", "t"."IsEmergency", "t"."IsLocked", "t"."Labels", "t"."LabelsJson", "t"."MainAssignee", "t"."Memo", "t"."Position", "t"."PreviousColumn", "t"."Progress", "t"."StartDate", "t"."Title"
FROM "Tickets" AS "t"
WHERE "t"."TicketId" = @p
LIMIT 1
2026-06-20 14:09:37.053 +09:00 [INF] Executed DbCommand (1ms) [Parameters=[@p4='?' (Size = 32), @p0='?' (Size = 7), @p1='?' (DbType = Boolean), @p2='?' (DbType = Double), @p3='?' (Size = 4)], CommandType='"Text"', CommandTimeout='30']
UPDATE "Tickets" SET "Column" = @p0, "IsArchived" = @p1, "Position" = @p2, "PreviousColumn" = @p3
WHERE "TicketId" = @p4
RETURNING 1;
2026-06-20 14:09:37.064 +09:00 [INF] Executing OkObjectResult, writing value of type 'KanbanServer.Models.Ticket'.
2026-06-20 14:09:37.065 +09:00 [INF] Executed action KanbanServer.Controllers.TicketsController.Delete (KanbanServer) in 20.7527ms
2026-06-20 14:09:37.066 +09:00 [INF] Executed endpoint 'KanbanServer.Controllers.TicketsController.Delete (KanbanServer)'
2026-06-20 14:09:37.067 +09:00 [INF] Request finished HTTP/1.1 DELETE http://localhost:5000/api/tickets/f7db2c8312fc40f8a9c526d51c4cc94c - 200 null application/json; charset=utf-8 34.7517ms
2026-06-20 14:09:37.070 +09:00 [INF] Request starting HTTP/1.1 PATCH http://localhost:5000/api/tickets/f7db2c8312fc40f8a9c526d51c4cc94c/column - application/json 37
2026-06-20 14:09:37.072 +09:00 [INF] CORS policy execution successful.
2026-06-20 14:09:37.072 +09:00 [INF] Executing endpoint 'KanbanServer.Controllers.TicketsController.UpdateColumn (KanbanServer)'
2026-06-20 14:09:37.073 +09:00 [INF] Route matched with {action = "UpdateColumn", controller = "Tickets"}. Executing controller action with signature System.Threading.Tasks.Task`1[Microsoft.AspNetCore.Mvc.IActionResult] UpdateColumn(System.String, KanbanServer.Models.ColumnUpdateDto) on controller KanbanServer.Controllers.TicketsController (KanbanServer).
2026-06-20 14:09:37.076 +09:00 [INF] Executed DbCommand (0ms) [Parameters=[@p='?' (Size = 32)], CommandType='"Text"', CommandTimeout='30']
SELECT "t"."TicketId", "t"."Assignees", "t"."AssigneesJson", "t"."Category", "t"."ChildTasksJson", "t"."Column", "t"."Effort", "t"."EndDate", "t"."Id", "t"."IsArchived", "t"."IsEmergency", "t"."IsLocked", "t"."Labels", "t"."LabelsJson", "t"."MainAssignee", "t"."Memo", "t"."Position", "t"."PreviousColumn", "t"."Progress", "t"."StartDate", "t"."Title"
FROM "Tickets" AS "t"
WHERE "t"."TicketId" = @p
LIMIT 1
2026-06-20 14:09:37.078 +09:00 [INF] Executed DbCommand (0ms) [Parameters=[@newColumn='?' (Size = 7), @ticketId='?' (Size = 32)], CommandType='"Text"', CommandTimeout='30']
SELECT "t"."TicketId", "t"."Assignees", "t"."AssigneesJson", "t"."Category", "t"."ChildTasksJson", "t"."Column", "t"."Effort", "t"."EndDate", "t"."Id", "t"."IsArchived", "t"."IsEmergency", "t"."IsLocked", "t"."Labels", "t"."LabelsJson", "t"."MainAssignee", "t"."Memo", "t"."Position", "t"."PreviousColumn", "t"."Progress", "t"."StartDate", "t"."Title"
FROM "Tickets" AS "t"
WHERE "t"."Column" = @newColumn AND "t"."TicketId" <> @ticketId
ORDER BY "t"."Position", "t"."Id"
2026-06-20 14:09:37.081 +09:00 [INF] Executed DbCommand (0ms) [Parameters=[@newColumn='?' (Size = 7), @ticketId='?' (Size = 32), @newPos='?' (DbType = Double)], CommandType='"Text"', CommandTimeout='30']
SELECT EXISTS (
    SELECT 1
    FROM "Tickets" AS "t"
    WHERE "t"."Column" = @newColumn AND "t"."TicketId" <> @ticketId AND abs("t"."Position" - @newPos) < 100.0)
2026-06-20 14:09:37.083 +09:00 [INF] Executed DbCommand (0ms) [Parameters=[@p1='?' (Size = 32), @p0='?' (DbType = Double)], CommandType='"Text"', CommandTimeout='30']
UPDATE "Tickets" SET "Position" = @p0
WHERE "TicketId" = @p1
RETURNING 1;
2026-06-20 14:09:37.086 +09:00 [INF] Executing StatusCodeResult, setting HTTP status code 204
2026-06-20 14:09:37.086 +09:00 [INF] Executed action KanbanServer.Controllers.TicketsController.UpdateColumn (KanbanServer) in 11.6941ms
2026-06-20 14:09:37.087 +09:00 [INF] Executed endpoint 'KanbanServer.Controllers.TicketsController.UpdateColumn (KanbanServer)'
2026-06-20 14:09:37.088 +09:00 [INF] Request finished HTTP/1.1 PATCH http://localhost:5000/api/tickets/f7db2c8312fc40f8a9c526d51c4cc94c/column - 204 null null 18.6611ms
2026-06-20 14:09:37.091 +09:00 [INF] Request starting HTTP/1.1 GET http://localhost:5000/api/tickets - null null
2026-06-20 14:09:37.093 +09:00 [INF] Executing endpoint 'KanbanServer.Controllers.TicketsController.GetAll (KanbanServer)'
2026-06-20 14:09:37.094 +09:00 [INF] Route matched with {action = "GetAll", controller = "Tickets"}. Executing controller action with signature System.Threading.Tasks.Task`1[Microsoft.AspNetCore.Mvc.ActionResult`1[System.Collections.Generic.List`1[KanbanServer.Models.Ticket]]] GetAll() on controller KanbanServer.Controllers.TicketsController (KanbanServer).
2026-06-20 14:09:37.096 +09:00 [INF] Executed DbCommand (0ms) [Parameters=[], CommandType='"Text"', CommandTimeout='30']
SELECT "t"."TicketId", "t"."Assignees", "t"."AssigneesJson", "t"."Category", "t"."ChildTasksJson", "t"."Column", "t"."Effort", "t"."EndDate", "t"."Id", "t"."IsArchived", "t"."IsEmergency", "t"."IsLocked", "t"."Labels", "t"."LabelsJson", "t"."MainAssignee", "t"."Memo", "t"."Position", "t"."PreviousColumn", "t"."Progress", "t"."StartDate", "t"."Title"
FROM "Tickets" AS "t"
2026-06-20 14:09:37.106 +09:00 [INF] Executing OkObjectResult, writing value of type 'System.Collections.Generic.List`1[[KanbanServer.Models.Ticket, KanbanServer, Version=1.0.0.0, Culture=neutral, PublicKeyToken=null]]'.
2026-06-20 14:09:37.108 +09:00 [INF] Executed action KanbanServer.Controllers.TicketsController.GetAll (KanbanServer) in 12.7324ms
2026-06-20 14:09:37.109 +09:00 [INF] Executed endpoint 'KanbanServer.Controllers.TicketsController.GetAll (KanbanServer)'
2026-06-20 14:09:37.110 +09:00 [INF] Request finished HTTP/1.1 GET http://localhost:5000/api/tickets - 200 null application/json; charset=utf-8 19.0634ms
2026-06-20 14:12:47.925 +09:00 [INF] Executed DbCommand (11ms) [Parameters=[], CommandType='"Text"', CommandTimeout='30']
SELECT COUNT(*) FROM "sqlite_master" WHERE "type" = 'table' AND "rootpage" IS NOT NULL;
2026-06-20 14:12:48.006 +09:00 [WRN] Overriding address(es) 'http://localhost:5171'. Binding to endpoints defined via IConfiguration and/or UseKestrel() instead.
2026-06-20 14:12:48.013 +09:00 [INF] Now listening on: http://0.0.0.0:5000
2026-06-20 14:12:48.013 +09:00 [INF] Application started. Press Ctrl+C to shut down.
2026-06-20 14:12:48.014 +09:00 [INF] Hosting environment: Development
2026-06-20 14:12:48.014 +09:00 [INF] Content root path: C:\repos\mykanban
2026-06-20 14:12:54.906 +09:00 [INF] Request starting HTTP/1.1 GET http://localhost:5000/ - null null
2026-06-20 14:12:54.940 +09:00 [INF] Executing endpoint 'Fallback {*path:nonfile}'
2026-06-20 14:12:54.949 +09:00 [INF] Executed endpoint 'Fallback {*path:nonfile}'
2026-06-20 14:12:54.953 +09:00 [INF] Request finished HTTP/1.1 GET http://localhost:5000/ - 200 null text/html; charset=utf-8 49.3678ms
2026-06-20 14:12:54.960 +09:00 [INF] Request starting HTTP/1.1 GET http://localhost:5000/styles.css - null null
2026-06-20 14:12:54.984 +09:00 [INF] Sending file. Request path: '/styles.css'. Physical path: 'C:\repos\mykanban\bin\Debug\net10.0\wwwroot\styles.css'
2026-06-20 14:12:54.986 +09:00 [INF] Request finished HTTP/1.1 GET http://localhost:5000/styles.css - 200 59852 text/css 26.1692ms
2026-06-20 14:12:55.781 +09:00 [INF] Request starting HTTP/1.1 GET http://localhost:5000/ - null null
2026-06-20 14:12:55.783 +09:00 [INF] Executing endpoint 'Fallback {*path:nonfile}'
2026-06-20 14:12:55.784 +09:00 [INF] Executed endpoint 'Fallback {*path:nonfile}'
2026-06-20 14:12:55.785 +09:00 [INF] Request finished HTTP/1.1 GET http://localhost:5000/ - 200 null text/html; charset=utf-8 4.301ms
2026-06-20 14:12:55.789 +09:00 [INF] Request starting HTTP/1.1 GET http://localhost:5000/styles.css - null null
2026-06-20 14:12:55.792 +09:00 [INF] Request starting HTTP/1.1 GET http://localhost:5000/app.js - null null
2026-06-20 14:12:55.795 +09:00 [INF] Sending file. Request path: '/styles.css'. Physical path: 'C:\repos\mykanban\bin\Debug\net10.0\wwwroot\styles.css'
2026-06-20 14:12:55.797 +09:00 [INF] Request finished HTTP/1.1 GET http://localhost:5000/styles.css - 200 59852 text/css 7.3258ms
2026-06-20 14:12:55.798 +09:00 [INF] CORS policy execution successful.
2026-06-20 14:12:55.802 +09:00 [INF] Sending file. Request path: '/app.js'. Physical path: 'C:\repos\mykanban\bin\Debug\net10.0\wwwroot\app.js'
2026-06-20 14:12:55.803 +09:00 [INF] Request finished HTTP/1.1 GET http://localhost:5000/app.js - 200 23659 text/javascript 11.0537ms
2026-06-20 14:12:55.806 +09:00 [INF] Request starting HTTP/1.1 GET http://localhost:5000/modules/state.js - null null
2026-06-20 14:12:55.806 +09:00 [INF] Request starting HTTP/1.1 GET http://localhost:5000/modules/api.js - null null
2026-06-20 14:12:55.806 +09:00 [INF] Request starting HTTP/1.1 GET http://localhost:5000/modules/renderer.js - null null
2026-06-20 14:12:55.812 +09:00 [INF] CORS policy execution successful.
2026-06-20 14:12:55.812 +09:00 [INF] CORS policy execution successful.
2026-06-20 14:12:55.812 +09:00 [INF] CORS policy execution successful.
2026-06-20 14:12:55.815 +09:00 [INF] Sending file. Request path: '/modules/state.js'. Physical path: 'C:\repos\mykanban\bin\Debug\net10.0\wwwroot\modules\state.js'
2026-06-20 14:12:55.815 +09:00 [INF] Sending file. Request path: '/modules/renderer.js'. Physical path: 'C:\repos\mykanban\bin\Debug\net10.0\wwwroot\modules\renderer.js'
2026-06-20 14:12:55.816 +09:00 [INF] Request finished HTTP/1.1 GET http://localhost:5000/modules/state.js - 200 20762 text/javascript 9.543ms
2026-06-20 14:12:55.816 +09:00 [INF] Sending file. Request path: '/modules/api.js'. Physical path: 'C:\repos\mykanban\bin\Debug\net10.0\wwwroot\modules\api.js'
2026-06-20 14:12:55.817 +09:00 [INF] Request finished HTTP/1.1 GET http://localhost:5000/modules/renderer.js - 200 29602 text/javascript 10.942ms
2026-06-20 14:12:55.823 +09:00 [INF] Request finished HTTP/1.1 GET http://localhost:5000/modules/api.js - 200 6109 text/javascript 16.969ms
2026-06-20 14:12:55.823 +09:00 [INF] Request starting HTTP/1.1 GET http://localhost:5000/modules/dragdrop.js - null null
2026-06-20 14:12:55.823 +09:00 [INF] Request starting HTTP/1.1 GET http://localhost:5000/modules/labels.js - null null
2026-06-20 14:12:55.830 +09:00 [INF] Request starting HTTP/1.1 GET http://localhost:5000/modules/modal.js - null null
2026-06-20 14:12:55.832 +09:00 [INF] CORS policy execution successful.
2026-06-20 14:12:55.832 +09:00 [INF] CORS policy execution successful.
2026-06-20 14:12:55.833 +09:00 [INF] CORS policy execution successful.
2026-06-20 14:12:55.834 +09:00 [INF] Sending file. Request path: '/modules/labels.js'. Physical path: 'C:\repos\mykanban\bin\Debug\net10.0\wwwroot\modules\labels.js'
2026-06-20 14:12:55.835 +09:00 [INF] Sending file. Request path: '/modules/dragdrop.js'. Physical path: 'C:\repos\mykanban\bin\Debug\net10.0\wwwroot\modules\dragdrop.js'
2026-06-20 14:12:55.835 +09:00 [INF] Request finished HTTP/1.1 GET http://localhost:5000/modules/labels.js - 200 5192 text/javascript 11.7116ms
2026-06-20 14:12:55.839 +09:00 [INF] Sending file. Request path: '/modules/modal.js'. Physical path: 'C:\repos\mykanban\bin\Debug\net10.0\wwwroot\modules\modal.js'
2026-06-20 14:12:55.840 +09:00 [INF] Request finished HTTP/1.1 GET http://localhost:5000/modules/modal.js - 200 18173 text/javascript 10.1717ms
2026-06-20 14:12:55.840 +09:00 [INF] Request finished HTTP/1.1 GET http://localhost:5000/modules/dragdrop.js - 200 7088 text/javascript 15.4686ms
2026-06-20 14:12:55.844 +09:00 [INF] Request starting HTTP/1.1 GET http://localhost:5000/modules/assignees.js - null null
2026-06-20 14:12:55.844 +09:00 [INF] Request starting HTTP/1.1 GET http://localhost:5000/modules/childtasks.js - null null
2026-06-20 14:12:55.849 +09:00 [INF] Request starting HTTP/1.1 GET http://localhost:5000/modules/history.js - null null
2026-06-20 14:12:55.851 +09:00 [INF] CORS policy execution successful.
2026-06-20 14:12:55.851 +09:00 [INF] CORS policy execution successful.
2026-06-20 14:12:55.852 +09:00 [INF] CORS policy execution successful.
2026-06-20 14:12:55.853 +09:00 [INF] Sending file. Request path: '/modules/childtasks.js'. Physical path: 'C:\repos\mykanban\bin\Debug\net10.0\wwwroot\modules\childtasks.js'
2026-06-20 14:12:55.854 +09:00 [INF] Sending file. Request path: '/modules/assignees.js'. Physical path: 'C:\repos\mykanban\bin\Debug\net10.0\wwwroot\modules\assignees.js'
2026-06-20 14:12:55.854 +09:00 [INF] Request finished HTTP/1.1 GET http://localhost:5000/modules/childtasks.js - 200 11906 text/javascript 9.9687ms
2026-06-20 14:12:55.858 +09:00 [INF] Sending file. Request path: '/modules/history.js'. Physical path: 'C:\repos\mykanban\bin\Debug\net10.0\wwwroot\modules\history.js'
2026-06-20 14:12:55.858 +09:00 [INF] Request finished HTTP/1.1 GET http://localhost:5000/modules/assignees.js - 200 8700 text/javascript 13.9046ms
2026-06-20 14:12:55.862 +09:00 [INF] Request starting HTTP/1.1 GET http://localhost:5000/modules/actual.js - null null
2026-06-20 14:12:55.862 +09:00 [INF] Request finished HTTP/1.1 GET http://localhost:5000/modules/history.js - 200 9423 text/javascript 10.4198ms
2026-06-20 14:12:55.867 +09:00 [INF] Request starting HTTP/1.1 GET http://localhost:5000/modules/filter.js - null null
2026-06-20 14:12:55.867 +09:00 [INF] Request starting HTTP/1.1 GET http://localhost:5000/modules/archive.js - null null
2026-06-20 14:12:55.871 +09:00 [INF] CORS policy execution successful.
2026-06-20 14:12:55.871 +09:00 [INF] CORS policy execution successful.
2026-06-20 14:12:55.871 +09:00 [INF] CORS policy execution successful.
2026-06-20 14:12:55.873 +09:00 [INF] Sending file. Request path: '/modules/filter.js'. Physical path: 'C:\repos\mykanban\bin\Debug\net10.0\wwwroot\modules\filter.js'
2026-06-20 14:12:55.873 +09:00 [INF] Sending file. Request path: '/modules/archive.js'. Physical path: 'C:\repos\mykanban\bin\Debug\net10.0\wwwroot\modules\archive.js'
2026-06-20 14:12:55.873 +09:00 [INF] Sending file. Request path: '/modules/actual.js'. Physical path: 'C:\repos\mykanban\bin\Debug\net10.0\wwwroot\modules\actual.js'
2026-06-20 14:12:55.877 +09:00 [INF] Request finished HTTP/1.1 GET http://localhost:5000/modules/filter.js - 200 7563 text/javascript 10.0061ms
2026-06-20 14:12:55.877 +09:00 [INF] Request finished HTTP/1.1 GET http://localhost:5000/modules/archive.js - 200 944 text/javascript 9.9735ms
2026-06-20 14:12:55.877 +09:00 [INF] Request finished HTTP/1.1 GET http://localhost:5000/modules/actual.js - 200 11688 text/javascript 14.8558ms
2026-06-20 14:12:55.884 +09:00 [INF] Request starting HTTP/1.1 GET http://localhost:5000/modules/auth.js - null null
2026-06-20 14:12:55.884 +09:00 [INF] Request starting HTTP/1.1 GET http://localhost:5000/modules/settings.js - null null
2026-06-20 14:12:55.884 +09:00 [INF] Request starting HTTP/1.1 GET http://localhost:5000/modules/memo.js - null null
2026-06-20 14:12:55.890 +09:00 [INF] CORS policy execution successful.
2026-06-20 14:12:55.890 +09:00 [INF] CORS policy execution successful.
2026-06-20 14:12:55.890 +09:00 [INF] CORS policy execution successful.
2026-06-20 14:12:55.893 +09:00 [INF] Sending file. Request path: '/modules/auth.js'. Physical path: 'C:\repos\mykanban\bin\Debug\net10.0\wwwroot\modules\auth.js'
2026-06-20 14:12:55.893 +09:00 [INF] Sending file. Request path: '/modules/memo.js'. Physical path: 'C:\repos\mykanban\bin\Debug\net10.0\wwwroot\modules\memo.js'
2026-06-20 14:12:55.895 +09:00 [INF] Sending file. Request path: '/modules/settings.js'. Physical path: 'C:\repos\mykanban\bin\Debug\net10.0\wwwroot\modules\settings.js'
2026-06-20 14:12:55.897 +09:00 [INF] Request finished HTTP/1.1 GET http://localhost:5000/modules/settings.js - 200 28809 text/javascript 12.291ms
2026-06-20 14:12:55.897 +09:00 [INF] Request finished HTTP/1.1 GET http://localhost:5000/modules/auth.js - 200 4113 text/javascript 11.0512ms
2026-06-20 14:12:55.897 +09:00 [INF] Request finished HTTP/1.1 GET http://localhost:5000/modules/memo.js - 200 3562 text/javascript 11.0639ms
2026-06-20 14:12:55.904 +09:00 [INF] Request starting HTTP/1.1 GET http://localhost:5000/modules/charts.js - null null
2026-06-20 14:12:55.904 +09:00 [INF] Request starting HTTP/1.1 GET http://localhost:5000/modules/ticketService.js - null null
2026-06-20 14:12:55.904 +09:00 [INF] Request starting HTTP/1.1 GET http://localhost:5000/modules/logger.js - null null
2026-06-20 14:12:55.908 +09:00 [INF] CORS policy execution successful.
2026-06-20 14:12:55.908 +09:00 [INF] CORS policy execution successful.
2026-06-20 14:12:55.908 +09:00 [INF] CORS policy execution successful.
2026-06-20 14:12:55.910 +09:00 [INF] Sending file. Request path: '/modules/logger.js'. Physical path: 'C:\repos\mykanban\bin\Debug\net10.0\wwwroot\modules\logger.js'
2026-06-20 14:12:55.911 +09:00 [INF] Sending file. Request path: '/modules/ticketService.js'. Physical path: 'C:\repos\mykanban\bin\Debug\net10.0\wwwroot\modules\ticketService.js'
2026-06-20 14:12:55.911 +09:00 [INF] Sending file. Request path: '/modules/charts.js'. Physical path: 'C:\repos\mykanban\bin\Debug\net10.0\wwwroot\modules\charts.js'
2026-06-20 14:12:55.913 +09:00 [INF] Request finished HTTP/1.1 GET http://localhost:5000/modules/logger.js - 200 6900 text/javascript 9.1957ms
2026-06-20 14:12:55.913 +09:00 [INF] Request finished HTTP/1.1 GET http://localhost:5000/modules/charts.js - 200 46291 text/javascript 9.2145ms
2026-06-20 14:12:55.913 +09:00 [INF] Request finished HTTP/1.1 GET http://localhost:5000/modules/ticketService.js - 200 1719 text/javascript 9.2178ms
2026-06-20 14:12:55.919 +09:00 [INF] Request starting HTTP/1.1 GET http://localhost:5000/favicon.ico - null null
2026-06-20 14:12:55.920 +09:00 [INF] Request finished HTTP/1.1 GET http://localhost:5000/favicon.ico - 404 0 null 1.2234ms
2026-06-20 14:12:55.922 +09:00 [INF] Request reached the end of the middleware pipeline without being handled by application code. Request path: GET http://localhost:5000/favicon.ico, Response status code: 404
2026-06-20 14:12:56.950 +09:00 [INF] Request starting HTTP/1.1 POST http://localhost:5000/api/auth/login - application/json 38
2026-06-20 14:12:56.956 +09:00 [INF] CORS policy execution successful.
2026-06-20 14:12:56.958 +09:00 [INF] Executing endpoint 'KanbanServer.Controllers.AuthController.Login (KanbanServer)'
2026-06-20 14:12:56.984 +09:00 [INF] Route matched with {action = "Login", controller = "Auth"}. Executing controller action with signature Microsoft.AspNetCore.Mvc.IActionResult Login(LoginRequest) on controller KanbanServer.Controllers.AuthController (KanbanServer).
2026-06-20 14:12:57.022 +09:00 [INF] Executing OkObjectResult, writing value of type '<>f__AnonymousType1`3[[System.String, System.Private.CoreLib, Version=10.0.0.0, Culture=neutral, PublicKeyToken=7cec85d7bea7798e],[System.Boolean, System.Private.CoreLib, Version=10.0.0.0, Culture=neutral, PublicKeyToken=7cec85d7bea7798e],[System.String, System.Private.CoreLib, Version=10.0.0.0, Culture=neutral, PublicKeyToken=7cec85d7bea7798e]]'.
2026-06-20 14:12:57.034 +09:00 [INF] Executed action KanbanServer.Controllers.AuthController.Login (KanbanServer) in 45.5964ms
2026-06-20 14:12:57.035 +09:00 [INF] Executed endpoint 'KanbanServer.Controllers.AuthController.Login (KanbanServer)'
2026-06-20 14:12:57.036 +09:00 [INF] Request finished HTTP/1.1 POST http://localhost:5000/api/auth/login - 200 null application/json; charset=utf-8 86.3298ms
2026-06-20 14:12:57.038 +09:00 [INF] Request starting HTTP/1.1 GET http://localhost:5000/api/settings - null null
2026-06-20 14:12:57.042 +09:00 [INF] Executing endpoint 'KanbanServer.Controllers.SettingsController.Get (KanbanServer)'
2026-06-20 14:12:57.050 +09:00 [INF] Route matched with {action = "Get", controller = "Settings"}. Executing controller action with signature System.Threading.Tasks.Task`1[Microsoft.AspNetCore.Mvc.ActionResult`1[KanbanServer.Models.Setting]] Get() on controller KanbanServer.Controllers.SettingsController (KanbanServer).
2026-06-20 14:12:57.183 +09:00 [WRN] The query uses the 'First'/'FirstOrDefault' operator without 'OrderBy' and filter operators. This may lead to unpredictable results.
2026-06-20 14:12:57.415 +09:00 [INF] Executed DbCommand (1ms) [Parameters=[], CommandType='"Text"', CommandTimeout='30']
SELECT "s"."Id", "s"."Holidays", "s"."HolidaysJson", "s"."LabelsJson", "s"."Users", "s"."UsersJson"
FROM "Settings" AS "s"
LIMIT 1
2026-06-20 14:12:57.457 +09:00 [INF] Executing OkObjectResult, writing value of type 'KanbanServer.Models.Setting'.
2026-06-20 14:12:57.461 +09:00 [INF] Executed action KanbanServer.Controllers.SettingsController.Get (KanbanServer) in 409.6452ms
2026-06-20 14:12:57.463 +09:00 [INF] Executed endpoint 'KanbanServer.Controllers.SettingsController.Get (KanbanServer)'
2026-06-20 14:12:57.465 +09:00 [INF] Request starting HTTP/1.1 GET http://localhost:5000/api/tickets/labels/suggest - null null
2026-06-20 14:12:57.466 +09:00 [INF] Request starting HTTP/1.1 GET http://localhost:5000/api/tickets/assignees/suggest - null null
2026-06-20 14:12:57.468 +09:00 [INF] Executing endpoint 'KanbanServer.Controllers.TicketsController.GetLabelsSuggest (KanbanServer)'
2026-06-20 14:12:57.468 +09:00 [INF] Request finished HTTP/1.1 GET http://localhost:5000/api/settings - 200 null application/json; charset=utf-8 429.1374ms
2026-06-20 14:12:57.469 +09:00 [INF] Executing endpoint 'KanbanServer.Controllers.TicketsController.GetAssigneesSuggest (KanbanServer)'
2026-06-20 14:12:57.470 +09:00 [INF] Request starting HTTP/1.1 GET http://localhost:5000/api/tickets - null null
2026-06-20 14:12:57.471 +09:00 [INF] Executing endpoint 'KanbanServer.Controllers.TicketsController.GetAll (KanbanServer)'
2026-06-20 14:12:57.473 +09:00 [INF] Route matched with {action = "GetLabelsSuggest", controller = "Tickets"}. Executing controller action with signature System.Threading.Tasks.Task`1[Microsoft.AspNetCore.Mvc.ActionResult`1[System.Collections.Generic.List`1[KanbanServer.Models.LabelSuggestDto]]] GetLabelsSuggest() on controller KanbanServer.Controllers.TicketsController (KanbanServer).
2026-06-20 14:12:57.474 +09:00 [INF] Route matched with {action = "GetAssigneesSuggest", controller = "Tickets"}. Executing controller action with signature System.Threading.Tasks.Task`1[Microsoft.AspNetCore.Mvc.ActionResult`1[System.Collections.Generic.List`1[System.String]]] GetAssigneesSuggest() on controller KanbanServer.Controllers.TicketsController (KanbanServer).
2026-06-20 14:12:57.475 +09:00 [INF] Route matched with {action = "GetAll", controller = "Tickets"}. Executing controller action with signature System.Threading.Tasks.Task`1[Microsoft.AspNetCore.Mvc.ActionResult`1[System.Collections.Generic.List`1[KanbanServer.Models.Ticket]]] GetAll() on controller KanbanServer.Controllers.TicketsController (KanbanServer).
2026-06-20 14:12:57.527 +09:00 [INF] Executed DbCommand (0ms) [Parameters=[], CommandType='"Text"', CommandTimeout='30']
SELECT "s"."Id", "s"."Holidays", "s"."HolidaysJson", "s"."LabelsJson", "s"."Users", "s"."UsersJson"
FROM "Settings" AS "s"
LIMIT 1
2026-06-20 14:12:57.534 +09:00 [INF] Executed DbCommand (6ms) [Parameters=[], CommandType='"Text"', CommandTimeout='30']
SELECT "s"."Id", "s"."Holidays", "s"."HolidaysJson", "s"."LabelsJson", "s"."Users", "s"."UsersJson"
FROM "Settings" AS "s"
LIMIT 1
2026-06-20 14:12:57.535 +09:00 [INF] Executed DbCommand (0ms) [Parameters=[], CommandType='"Text"', CommandTimeout='30']
SELECT "t"."TicketId", "t"."Assignees", "t"."AssigneesJson", "t"."Category", "t"."ChildTasksJson", "t"."Column", "t"."Effort", "t"."EndDate", "t"."Id", "t"."IsArchived", "t"."IsEmergency", "t"."IsLocked", "t"."Labels", "t"."LabelsJson", "t"."MainAssignee", "t"."Memo", "t"."Position", "t"."PreviousColumn", "t"."Progress", "t"."StartDate", "t"."Title"
FROM "Tickets" AS "t"
2026-06-20 14:12:57.560 +09:00 [INF] Executed DbCommand (0ms) [Parameters=[], CommandType='"Text"', CommandTimeout='30']
SELECT "t"."TicketId", "t"."Assignees", "t"."AssigneesJson", "t"."Category", "t"."ChildTasksJson", "t"."Column", "t"."Effort", "t"."EndDate", "t"."Id", "t"."IsArchived", "t"."IsEmergency", "t"."IsLocked", "t"."Labels", "t"."LabelsJson", "t"."MainAssignee", "t"."Memo", "t"."Position", "t"."PreviousColumn", "t"."Progress", "t"."StartDate", "t"."Title"
FROM "Tickets" AS "t"
WHERE length("t"."AssigneesJson") > 2
2026-06-20 14:12:57.561 +09:00 [INF] Executed DbCommand (1ms) [Parameters=[], CommandType='"Text"', CommandTimeout='30']
SELECT "t"."TicketId", "t"."Assignees", "t"."AssigneesJson", "t"."Category", "t"."ChildTasksJson", "t"."Column", "t"."Effort", "t"."EndDate", "t"."Id", "t"."IsArchived", "t"."IsEmergency", "t"."IsLocked", "t"."Labels", "t"."LabelsJson", "t"."MainAssignee", "t"."Memo", "t"."Position", "t"."PreviousColumn", "t"."Progress", "t"."StartDate", "t"."Title"
FROM "Tickets" AS "t"
WHERE length("t"."LabelsJson") > 2
2026-06-20 14:12:57.566 +09:00 [INF] Executing OkObjectResult, writing value of type 'System.Collections.Generic.List`1[[System.String, System.Private.CoreLib, Version=10.0.0.0, Culture=neutral, PublicKeyToken=7cec85d7bea7798e]]'.
2026-06-20 14:12:57.567 +09:00 [INF] Executed action KanbanServer.Controllers.TicketsController.GetAssigneesSuggest (KanbanServer) in 92.0394ms
2026-06-20 14:12:57.567 +09:00 [INF] Executed endpoint 'KanbanServer.Controllers.TicketsController.GetAssigneesSuggest (KanbanServer)'
2026-06-20 14:12:57.568 +09:00 [INF] Executing OkObjectResult, writing value of type 'System.Collections.Generic.List`1[[KanbanServer.Models.LabelSuggestDto, KanbanServer, Version=1.0.0.0, Culture=neutral, PublicKeyToken=null]]'.
2026-06-20 14:12:57.569 +09:00 [INF] Executed action KanbanServer.Controllers.TicketsController.GetLabelsSuggest (KanbanServer) in 95.5796ms
2026-06-20 14:12:57.570 +09:00 [INF] Executed endpoint 'KanbanServer.Controllers.TicketsController.GetLabelsSuggest (KanbanServer)'
2026-06-20 14:12:57.571 +09:00 [INF] Request finished HTTP/1.1 GET http://localhost:5000/api/tickets/assignees/suggest - 200 null application/json; charset=utf-8 104.5834ms
2026-06-20 14:12:57.573 +09:00 [INF] Request finished HTTP/1.1 GET http://localhost:5000/api/tickets/labels/suggest - 200 null application/json; charset=utf-8 107.339ms
2026-06-20 14:12:57.595 +09:00 [INF] Executing OkObjectResult, writing value of type 'System.Collections.Generic.List`1[[KanbanServer.Models.Ticket, KanbanServer, Version=1.0.0.0, Culture=neutral, PublicKeyToken=null]]'.
2026-06-20 14:12:57.611 +09:00 [INF] Executed action KanbanServer.Controllers.TicketsController.GetAll (KanbanServer) in 135.8483ms
2026-06-20 14:12:57.612 +09:00 [INF] Executed endpoint 'KanbanServer.Controllers.TicketsController.GetAll (KanbanServer)'
2026-06-20 14:12:57.612 +09:00 [INF] Request finished HTTP/1.1 GET http://localhost:5000/api/tickets - 200 null application/json; charset=utf-8 142.895ms
2026-06-20 14:13:40.852 +09:00 [INF] Request starting HTTP/1.1 POST http://localhost:5000/api/tickets - application/json 367
2026-06-20 14:13:40.856 +09:00 [INF] CORS policy execution successful.
2026-06-20 14:13:40.857 +09:00 [INF] Executing endpoint 'KanbanServer.Controllers.TicketsController.Create (KanbanServer)'
2026-06-20 14:13:40.866 +09:00 [INF] Route matched with {action = "Create", controller = "Tickets"}. Executing controller action with signature System.Threading.Tasks.Task`1[Microsoft.AspNetCore.Mvc.ActionResult`1[KanbanServer.Models.Ticket]] Create(KanbanServer.Models.TicketDto) on controller KanbanServer.Controllers.TicketsController (KanbanServer).
2026-06-20 14:13:40.928 +09:00 [INF] Executed DbCommand (0ms) [Parameters=[], CommandType='"Text"', CommandTimeout='30']
SELECT MAX("t"."Id")
FROM "Tickets" AS "t"
2026-06-20 14:13:40.956 +09:00 [INF] Executed DbCommand (3ms) [Parameters=[@column='?' (Size = 4)], CommandType='"Text"', CommandTimeout='30']
SELECT "t"."Position"
FROM "Tickets" AS "t"
WHERE "t"."Column" = @column
2026-06-20 14:13:41.058 +09:00 [INF] Executed DbCommand (2ms) [Parameters=[@p0='?' (Size = 32), @p1='?' (Size = 7), @p2='?' (Size = 7), @p3='?' (Size = 10), @p4='?' (Size = 111), @p5='?' (Size = 4), @p6='?' (DbType = Int32), @p7='?' (DbType = DateTime), @p8='?' (DbType = Int32), @p9='?' (DbType = Boolean), @p10='?' (DbType = Boolean), @p11='?' (Size = 40), @p12='?' (Size = 40), @p13='?' (Size = 3), @p14='?', @p15='?' (DbType = Double), @p16='?', @p17='?' (DbType = Int32), @p18='?' (DbType = DateTime), @p19='?' (Size = 10)], CommandType='"Text"', CommandTimeout='30']
INSERT INTO "Tickets" ("TicketId", "Assignees", "AssigneesJson", "Category", "ChildTasksJson", "Column", "Effort", "EndDate", "Id", "IsEmergency", "IsLocked", "Labels", "LabelsJson", "MainAssignee", "Memo", "Position", "PreviousColumn", "Progress", "StartDate", "Title")
VALUES (@p0, @p1, @p2, @p3, @p4, @p5, @p6, @p7, @p8, @p9, @p10, @p11, @p12, @p13, @p14, @p15, @p16, @p17, @p18, @p19)
RETURNING "IsArchived";
2026-06-20 14:13:41.069 +09:00 [INF] Executed DbCommand (0ms) [Parameters=[@p0='?' (DbType = DateTime), @p1='?', @p2='?' (Size = 32), @p3='?' (Size = 7), @p4='?'], CommandType='"Text"', CommandTimeout='30']
INSERT INTO "TicketHistories" ("Date", "PreviousValue", "TicketId", "Type", "Value")
VALUES (@p0, @p1, @p2, @p3, @p4)
RETURNING "Id";
2026-06-20 14:13:41.097 +09:00 [INF] Executing CreatedAtActionResult, writing value of type 'KanbanServer.Models.Ticket'.
2026-06-20 14:13:41.112 +09:00 [INF] Executed action KanbanServer.Controllers.TicketsController.Create (KanbanServer) in 244.264ms
2026-06-20 14:13:41.114 +09:00 [INF] Executed endpoint 'KanbanServer.Controllers.TicketsController.Create (KanbanServer)'
2026-06-20 14:13:41.116 +09:00 [INF] Request finished HTTP/1.1 POST http://localhost:5000/api/tickets - 201 null application/json; charset=utf-8 264.0616ms
2026-06-20 14:13:57.876 +09:00 [INF] Request starting HTTP/1.1 POST http://localhost:5000/api/tickets - application/json 213
2026-06-20 14:13:57.879 +09:00 [INF] CORS policy execution successful.
2026-06-20 14:13:57.881 +09:00 [INF] Executing endpoint 'KanbanServer.Controllers.TicketsController.Create (KanbanServer)'
2026-06-20 14:13:57.882 +09:00 [INF] Route matched with {action = "Create", controller = "Tickets"}. Executing controller action with signature System.Threading.Tasks.Task`1[Microsoft.AspNetCore.Mvc.ActionResult`1[KanbanServer.Models.Ticket]] Create(KanbanServer.Models.TicketDto) on controller KanbanServer.Controllers.TicketsController (KanbanServer).
2026-06-20 14:13:57.891 +09:00 [INF] Executed DbCommand (0ms) [Parameters=[], CommandType='"Text"', CommandTimeout='30']
SELECT MAX("t"."Id")
FROM "Tickets" AS "t"
2026-06-20 14:13:57.894 +09:00 [INF] Executed DbCommand (0ms) [Parameters=[@column='?' (Size = 5)], CommandType='"Text"', CommandTimeout='30']
SELECT "t"."Position"
FROM "Tickets" AS "t"
WHERE "t"."Column" = @column
2026-06-20 14:13:57.898 +09:00 [INF] Executed DbCommand (0ms) [Parameters=[@p0='?' (Size = 32), @p1='?' (Size = 2), @p2='?' (Size = 2), @p3='?' (Size = 7), @p4='?' (Size = 2), @p5='?' (Size = 5), @p6='?' (DbType = Int32), @p7='?' (DbType = DateTime), @p8='?' (DbType = Int32), @p9='?' (DbType = Boolean), @p10='?' (DbType = Boolean), @p11='?' (Size = 2), @p12='?' (Size = 2), @p13='?', @p14='?', @p15='?' (DbType = Double), @p16='?', @p17='?' (DbType = Int32), @p18='?' (DbType = DateTime), @p19='?' (Size = 7)], CommandType='"Text"', CommandTimeout='30']
INSERT INTO "Tickets" ("TicketId", "Assignees", "AssigneesJson", "Category", "ChildTasksJson", "Column", "Effort", "EndDate", "Id", "IsEmergency", "IsLocked", "Labels", "LabelsJson", "MainAssignee", "Memo", "Position", "PreviousColumn", "Progress", "StartDate", "Title")
VALUES (@p0, @p1, @p2, @p3, @p4, @p5, @p6, @p7, @p8, @p9, @p10, @p11, @p12, @p13, @p14, @p15, @p16, @p17, @p18, @p19)
RETURNING "IsArchived";
2026-06-20 14:13:57.900 +09:00 [INF] Executed DbCommand (0ms) [Parameters=[@p0='?' (DbType = DateTime), @p1='?', @p2='?' (Size = 32), @p3='?' (Size = 7), @p4='?'], CommandType='"Text"', CommandTimeout='30']
INSERT INTO "TicketHistories" ("Date", "PreviousValue", "TicketId", "Type", "Value")
VALUES (@p0, @p1, @p2, @p3, @p4)
RETURNING "Id";
2026-06-20 14:13:57.911 +09:00 [INF] Executing CreatedAtActionResult, writing value of type 'KanbanServer.Models.Ticket'.
2026-06-20 14:13:57.913 +09:00 [INF] Executed action KanbanServer.Controllers.TicketsController.Create (KanbanServer) in 29.3067ms
2026-06-20 14:13:57.914 +09:00 [INF] Executed endpoint 'KanbanServer.Controllers.TicketsController.Create (KanbanServer)'
2026-06-20 14:13:57.915 +09:00 [INF] Request finished HTTP/1.1 POST http://localhost:5000/api/tickets - 201 null application/json; charset=utf-8 39.0222ms
2026-06-20 14:14:30.691 +09:00 [INF] Request starting HTTP/1.1 POST http://localhost:5000/api/tickets - application/json 208
2026-06-20 14:14:30.694 +09:00 [INF] CORS policy execution successful.
2026-06-20 14:14:30.695 +09:00 [INF] Executing endpoint 'KanbanServer.Controllers.TicketsController.Create (KanbanServer)'
2026-06-20 14:14:30.697 +09:00 [INF] Route matched with {action = "Create", controller = "Tickets"}. Executing controller action with signature System.Threading.Tasks.Task`1[Microsoft.AspNetCore.Mvc.ActionResult`1[KanbanServer.Models.Ticket]] Create(KanbanServer.Models.TicketDto) on controller KanbanServer.Controllers.TicketsController (KanbanServer).
2026-06-20 14:14:30.700 +09:00 [INF] Executed DbCommand (0ms) [Parameters=[], CommandType='"Text"', CommandTimeout='30']
SELECT MAX("t"."Id")
FROM "Tickets" AS "t"
2026-06-20 14:14:30.702 +09:00 [INF] Executed DbCommand (0ms) [Parameters=[@column='?' (Size = 4)], CommandType='"Text"', CommandTimeout='30']
SELECT "t"."Position"
FROM "Tickets" AS "t"
WHERE "t"."Column" = @column
2026-06-20 14:14:30.705 +09:00 [INF] Executed DbCommand (0ms) [Parameters=[@p0='?' (Size = 32), @p1='?' (Size = 2), @p2='?' (Size = 2), @p3='?' (Size = 5), @p4='?' (Size = 2), @p5='?' (Size = 4), @p6='?' (DbType = Int32), @p7='?' (DbType = DateTime), @p8='?' (DbType = Int32), @p9='?' (DbType = Boolean), @p10='?' (DbType = Boolean), @p11='?' (Size = 2), @p12='?' (Size = 2), @p13='?', @p14='?', @p15='?' (DbType = Double), @p16='?', @p17='?' (DbType = Int32), @p18='?' (DbType = DateTime), @p19='?' (Size = 5)], CommandType='"Text"', CommandTimeout='30']
INSERT INTO "Tickets" ("TicketId", "Assignees", "AssigneesJson", "Category", "ChildTasksJson", "Column", "Effort", "EndDate", "Id", "IsEmergency", "IsLocked", "Labels", "LabelsJson", "MainAssignee", "Memo", "Position", "PreviousColumn", "Progress", "StartDate", "Title")
VALUES (@p0, @p1, @p2, @p3, @p4, @p5, @p6, @p7, @p8, @p9, @p10, @p11, @p12, @p13, @p14, @p15, @p16, @p17, @p18, @p19)
RETURNING "IsArchived";
2026-06-20 14:14:30.716 +09:00 [INF] Executed DbCommand (9ms) [Parameters=[@p0='?' (DbType = DateTime), @p1='?', @p2='?' (Size = 32), @p3='?' (Size = 7), @p4='?'], CommandType='"Text"', CommandTimeout='30']
INSERT INTO "TicketHistories" ("Date", "PreviousValue", "TicketId", "Type", "Value")
VALUES (@p0, @p1, @p2, @p3, @p4)
RETURNING "Id";
2026-06-20 14:14:30.721 +09:00 [INF] Executing CreatedAtActionResult, writing value of type 'KanbanServer.Models.Ticket'.
2026-06-20 14:14:30.722 +09:00 [INF] Executed action KanbanServer.Controllers.TicketsController.Create (KanbanServer) in 23.3213ms
2026-06-20 14:14:30.724 +09:00 [INF] Executed endpoint 'KanbanServer.Controllers.TicketsController.Create (KanbanServer)'
2026-06-20 14:14:30.725 +09:00 [INF] Request finished HTTP/1.1 POST http://localhost:5000/api/tickets - 201 null application/json; charset=utf-8 33.6413ms
2026-06-20 14:36:36.745 +09:00 [INF] Executed DbCommand (8ms) [Parameters=[], CommandType='"Text"', CommandTimeout='30']
SELECT COUNT(*) FROM "sqlite_master" WHERE "type" = 'table' AND "rootpage" IS NOT NULL;
2026-06-20 14:36:36.846 +09:00 [WRN] Overriding address(es) 'http://localhost:5171'. Binding to endpoints defined via IConfiguration and/or UseKestrel() instead.
2026-06-20 14:36:36.856 +09:00 [INF] Now listening on: http://0.0.0.0:5000
2026-06-20 14:36:36.857 +09:00 [INF] Application started. Press Ctrl+C to shut down.
2026-06-20 14:36:36.858 +09:00 [INF] Hosting environment: Development
2026-06-20 14:36:36.859 +09:00 [INF] Content root path: C:\repos\mykanban
2026-06-20 14:36:40.357 +09:00 [INF] Request starting HTTP/1.1 GET http://localhost:5000/ - null null
2026-06-20 14:36:40.395 +09:00 [INF] Executing endpoint 'Fallback {*path:nonfile}'
2026-06-20 14:36:40.402 +09:00 [INF] Executed endpoint 'Fallback {*path:nonfile}'
2026-06-20 14:36:40.404 +09:00 [INF] Request finished HTTP/1.1 GET http://localhost:5000/ - 200 null text/html; charset=utf-8 48.3639ms
2026-06-20 14:36:40.412 +09:00 [INF] Request starting HTTP/1.1 GET http://localhost:5000/styles.css - null null
2026-06-20 14:36:40.421 +09:00 [INF] The file /styles.css was not modified
2026-06-20 14:36:40.424 +09:00 [INF] Request finished HTTP/1.1 GET http://localhost:5000/styles.css - 304 null text/css 12.2066ms
2026-06-20 14:36:41.113 +09:00 [INF] Request starting HTTP/1.1 GET http://localhost:5000/ - null null
2026-06-20 14:36:41.116 +09:00 [INF] Executing endpoint 'Fallback {*path:nonfile}'
2026-06-20 14:36:41.118 +09:00 [INF] Executed endpoint 'Fallback {*path:nonfile}'
2026-06-20 14:36:41.119 +09:00 [INF] Request finished HTTP/1.1 GET http://localhost:5000/ - 200 null text/html; charset=utf-8 6.1351ms
2026-06-20 14:36:41.123 +09:00 [INF] Request starting HTTP/1.1 GET http://localhost:5000/styles.css - null null
2026-06-20 14:36:41.125 +09:00 [INF] Request starting HTTP/1.1 GET http://localhost:5000/app.js - null null
2026-06-20 14:36:41.130 +09:00 [INF] CORS policy execution successful.
2026-06-20 14:36:41.134 +09:00 [INF] Sending file. Request path: '/app.js'. Physical path: 'C:\repos\mykanban\bin\Debug\net10.0\wwwroot\app.js'
2026-06-20 14:36:41.134 +09:00 [INF] Sending file. Request path: '/styles.css'. Physical path: 'C:\repos\mykanban\bin\Debug\net10.0\wwwroot\styles.css'
2026-06-20 14:36:41.137 +09:00 [INF] Request finished HTTP/1.1 GET http://localhost:5000/app.js - 200 23659 text/javascript 11.7835ms
2026-06-20 14:36:41.137 +09:00 [INF] Request finished HTTP/1.1 GET http://localhost:5000/styles.css - 200 59852 text/css 14.1522ms
2026-06-20 14:36:41.145 +09:00 [INF] Request starting HTTP/1.1 GET http://localhost:5000/modules/state.js - null null
2026-06-20 14:36:41.148 +09:00 [INF] Request starting HTTP/1.1 GET http://localhost:5000/modules/api.js - null null
2026-06-20 14:36:41.152 +09:00 [INF] CORS policy execution successful.
2026-06-20 14:36:41.152 +09:00 [INF] CORS policy execution successful.
2026-06-20 14:36:41.154 +09:00 [INF] Sending file. Request path: '/modules/api.js'. Physical path: 'C:\repos\mykanban\bin\Debug\net10.0\wwwroot\modules\api.js'
2026-06-20 14:36:41.156 +09:00 [INF] Sending file. Request path: '/modules/state.js'. Physical path: 'C:\repos\mykanban\bin\Debug\net10.0\wwwroot\modules\state.js'
2026-06-20 14:36:41.158 +09:00 [INF] Request finished HTTP/1.1 GET http://localhost:5000/modules/api.js - 200 6109 text/javascript 7.7755ms
2026-06-20 14:36:41.158 +09:00 [INF] Request finished HTTP/1.1 GET http://localhost:5000/modules/state.js - 200 20762 text/javascript 12.8126ms
2026-06-20 14:36:41.165 +09:00 [INF] Request starting HTTP/1.1 GET http://localhost:5000/modules/renderer.js - null null
2026-06-20 14:36:41.165 +09:00 [INF] Request starting HTTP/1.1 GET http://localhost:5000/modules/dragdrop.js - null null
2026-06-20 14:36:41.172 +09:00 [INF] CORS policy execution successful.
2026-06-20 14:36:41.172 +09:00 [INF] CORS policy execution successful.
2026-06-20 14:36:41.175 +09:00 [INF] Sending file. Request path: '/modules/dragdrop.js'. Physical path: 'C:\repos\mykanban\bin\Debug\net10.0\wwwroot\modules\dragdrop.js'
2026-06-20 14:36:41.176 +09:00 [INF] Request finished HTTP/1.1 GET http://localhost:5000/modules/dragdrop.js - 200 7088 text/javascript 10.783ms
2026-06-20 14:36:41.180 +09:00 [INF] Request starting HTTP/1.1 GET http://localhost:5000/modules/modal.js - null null
2026-06-20 14:36:41.183 +09:00 [INF] CORS policy execution successful.
2026-06-20 14:36:41.185 +09:00 [INF] Sending file. Request path: '/modules/modal.js'. Physical path: 'C:\repos\mykanban\bin\Debug\net10.0\wwwroot\modules\modal.js'
2026-06-20 14:36:41.187 +09:00 [INF] Request finished HTTP/1.1 GET http://localhost:5000/modules/modal.js - 200 18173 text/javascript 6.4526ms
2026-06-20 14:36:41.191 +09:00 [INF] Sending file. Request path: '/modules/renderer.js'. Physical path: 'C:\repos\mykanban\bin\Debug\net10.0\wwwroot\modules\renderer.js'
2026-06-20 14:36:41.192 +09:00 [INF] Request finished HTTP/1.1 GET http://localhost:5000/modules/renderer.js - 200 29602 text/javascript 26.9763ms
2026-06-20 14:36:41.192 +09:00 [INF] Request starting HTTP/1.1 GET http://localhost:5000/modules/labels.js - null null
2026-06-20 14:36:41.200 +09:00 [INF] Request starting HTTP/1.1 GET http://localhost:5000/modules/assignees.js - null null
2026-06-20 14:36:41.203 +09:00 [INF] CORS policy execution successful.
2026-06-20 14:36:41.204 +09:00 [INF] CORS policy execution successful.
2026-06-20 14:36:41.205 +09:00 [INF] Sending file. Request path: '/modules/labels.js'. Physical path: 'C:\repos\mykanban\bin\Debug\net10.0\wwwroot\modules\labels.js'
2026-06-20 14:36:41.205 +09:00 [INF] Sending file. Request path: '/modules/assignees.js'. Physical path: 'C:\repos\mykanban\bin\Debug\net10.0\wwwroot\modules\assignees.js'
2026-06-20 14:36:41.209 +09:00 [INF] Request finished HTTP/1.1 GET http://localhost:5000/modules/assignees.js - 200 8700 text/javascript 9.3345ms
2026-06-20 14:36:41.209 +09:00 [INF] Request finished HTTP/1.1 GET http://localhost:5000/modules/labels.js - 200 5192 text/javascript 16.5271ms
2026-06-20 14:36:41.217 +09:00 [INF] Request starting HTTP/1.1 GET http://localhost:5000/modules/childtasks.js - null null
2026-06-20 14:36:41.217 +09:00 [INF] Request starting HTTP/1.1 GET http://localhost:5000/modules/history.js - null null
2026-06-20 14:36:41.224 +09:00 [INF] CORS policy execution successful.
2026-06-20 14:36:41.224 +09:00 [INF] CORS policy execution successful.
2026-06-20 14:36:41.227 +09:00 [INF] Sending file. Request path: '/modules/history.js'. Physical path: 'C:\repos\mykanban\bin\Debug\net10.0\wwwroot\modules\history.js'
2026-06-20 14:36:41.227 +09:00 [INF] Sending file. Request path: '/modules/childtasks.js'. Physical path: 'C:\repos\mykanban\bin\Debug\net10.0\wwwroot\modules\childtasks.js'
2026-06-20 14:36:41.231 +09:00 [INF] Request finished HTTP/1.1 GET http://localhost:5000/modules/childtasks.js - 200 11906 text/javascript 13.4286ms
2026-06-20 14:36:41.231 +09:00 [INF] Request finished HTTP/1.1 GET http://localhost:5000/modules/history.js - 200 9423 text/javascript 13.3711ms
2026-06-20 14:36:41.238 +09:00 [INF] Request starting HTTP/1.1 GET http://localhost:5000/modules/actual.js - null null
2026-06-20 14:36:41.238 +09:00 [INF] Request starting HTTP/1.1 GET http://localhost:5000/modules/filter.js - null null
2026-06-20 14:36:41.243 +09:00 [INF] CORS policy execution successful.
2026-06-20 14:36:41.243 +09:00 [INF] CORS policy execution successful.
2026-06-20 14:36:41.246 +09:00 [INF] Sending file. Request path: '/modules/actual.js'. Physical path: 'C:\repos\mykanban\bin\Debug\net10.0\wwwroot\modules\actual.js'
2026-06-20 14:36:41.246 +09:00 [INF] Sending file. Request path: '/modules/filter.js'. Physical path: 'C:\repos\mykanban\bin\Debug\net10.0\wwwroot\modules\filter.js'
2026-06-20 14:36:41.249 +09:00 [INF] Request finished HTTP/1.1 GET http://localhost:5000/modules/filter.js - 200 7563 text/javascript 11.1281ms
2026-06-20 14:36:41.249 +09:00 [INF] Request finished HTTP/1.1 GET http://localhost:5000/modules/actual.js - 200 11688 text/javascript 11.1317ms
2026-06-20 14:36:41.257 +09:00 [INF] Request starting HTTP/1.1 GET http://localhost:5000/modules/memo.js - null null
2026-06-20 14:36:41.257 +09:00 [INF] Request starting HTTP/1.1 GET http://localhost:5000/modules/archive.js - null null
2026-06-20 14:36:41.263 +09:00 [INF] CORS policy execution successful.
2026-06-20 14:36:41.263 +09:00 [INF] CORS policy execution successful.
2026-06-20 14:36:41.265 +09:00 [INF] Sending file. Request path: '/modules/memo.js'. Physical path: 'C:\repos\mykanban\bin\Debug\net10.0\wwwroot\modules\memo.js'
2026-06-20 14:36:41.265 +09:00 [INF] Sending file. Request path: '/modules/archive.js'. Physical path: 'C:\repos\mykanban\bin\Debug\net10.0\wwwroot\modules\archive.js'
2026-06-20 14:36:41.269 +09:00 [INF] Request finished HTTP/1.1 GET http://localhost:5000/modules/archive.js - 200 944 text/javascript 11.7595ms
2026-06-20 14:36:41.269 +09:00 [INF] Request finished HTTP/1.1 GET http://localhost:5000/modules/memo.js - 200 3562 text/javascript 11.7764ms
2026-06-20 14:36:41.276 +09:00 [INF] Request starting HTTP/1.1 GET http://localhost:5000/modules/settings.js - null null
2026-06-20 14:36:41.280 +09:00 [INF] Request starting HTTP/1.1 GET http://localhost:5000/modules/auth.js - null null
2026-06-20 14:36:41.283 +09:00 [INF] CORS policy execution successful.
2026-06-20 14:36:41.284 +09:00 [INF] CORS policy execution successful.
2026-06-20 14:36:41.286 +09:00 [INF] Sending file. Request path: '/modules/auth.js'. Physical path: 'C:\repos\mykanban\bin\Debug\net10.0\wwwroot\modules\auth.js'
2026-06-20 14:36:41.288 +09:00 [INF] Sending file. Request path: '/modules/settings.js'. Physical path: 'C:\repos\mykanban\bin\Debug\net10.0\wwwroot\modules\settings.js'
2026-06-20 14:36:41.289 +09:00 [INF] Request finished HTTP/1.1 GET http://localhost:5000/modules/auth.js - 200 4113 text/javascript 7.5189ms
2026-06-20 14:36:41.289 +09:00 [INF] Request finished HTTP/1.1 GET http://localhost:5000/modules/settings.js - 200 28809 text/javascript 12.8ms
2026-06-20 14:36:41.298 +09:00 [INF] Request starting HTTP/1.1 GET http://localhost:5000/modules/charts.js - null null
2026-06-20 14:36:41.298 +09:00 [INF] Request starting HTTP/1.1 GET http://localhost:5000/modules/logger.js - null null
2026-06-20 14:36:41.304 +09:00 [INF] CORS policy execution successful.
2026-06-20 14:36:41.304 +09:00 [INF] CORS policy execution successful.
2026-06-20 14:36:41.307 +09:00 [INF] Sending file. Request path: '/modules/logger.js'. Physical path: 'C:\repos\mykanban\bin\Debug\net10.0\wwwroot\modules\logger.js'
2026-06-20 14:36:41.309 +09:00 [INF] Sending file. Request path: '/modules/charts.js'. Physical path: 'C:\repos\mykanban\bin\Debug\net10.0\wwwroot\modules\charts.js'
2026-06-20 14:36:41.309 +09:00 [INF] Request finished HTTP/1.1 GET http://localhost:5000/modules/logger.js - 200 6900 text/javascript 10.8434ms
2026-06-20 14:36:41.314 +09:00 [INF] Request finished HTTP/1.1 GET http://localhost:5000/modules/charts.js - 200 46291 text/javascript 16.2714ms
2026-06-20 14:36:41.318 +09:00 [INF] Request starting HTTP/1.1 GET http://localhost:5000/modules/ticketService.js - null null
2026-06-20 14:36:41.321 +09:00 [INF] CORS policy execution successful.
2026-06-20 14:36:41.323 +09:00 [INF] Sending file. Request path: '/modules/ticketService.js'. Physical path: 'C:\repos\mykanban\bin\Debug\net10.0\wwwroot\modules\ticketService.js'
2026-06-20 14:36:41.325 +09:00 [INF] Request finished HTTP/1.1 GET http://localhost:5000/modules/ticketService.js - 200 1719 text/javascript 6.6599ms
2026-06-20 14:36:41.332 +09:00 [INF] Request starting HTTP/1.1 GET http://localhost:5000/favicon.ico - null null
2026-06-20 14:36:41.336 +09:00 [INF] Request finished HTTP/1.1 GET http://localhost:5000/favicon.ico - 404 0 null 3.7084ms
2026-06-20 14:36:41.340 +09:00 [INF] Request reached the end of the middleware pipeline without being handled by application code. Request path: GET http://localhost:5000/favicon.ico, Response status code: 404
2026-06-20 14:36:42.448 +09:00 [INF] Request starting HTTP/1.1 POST http://localhost:5000/api/auth/login - application/json 38
2026-06-20 14:36:42.454 +09:00 [INF] CORS policy execution successful.
2026-06-20 14:36:42.455 +09:00 [INF] Executing endpoint 'KanbanServer.Controllers.AuthController.Login (KanbanServer)'
2026-06-20 14:36:42.471 +09:00 [INF] Route matched with {action = "Login", controller = "Auth"}. Executing controller action with signature Microsoft.AspNetCore.Mvc.IActionResult Login(LoginRequest) on controller KanbanServer.Controllers.AuthController (KanbanServer).
2026-06-20 14:36:42.508 +09:00 [INF] Executing OkObjectResult, writing value of type '<>f__AnonymousType1`3[[System.String, System.Private.CoreLib, Version=10.0.0.0, Culture=neutral, PublicKeyToken=7cec85d7bea7798e],[System.Boolean, System.Private.CoreLib, Version=10.0.0.0, Culture=neutral, PublicKeyToken=7cec85d7bea7798e],[System.String, System.Private.CoreLib, Version=10.0.0.0, Culture=neutral, PublicKeyToken=7cec85d7bea7798e]]'.
2026-06-20 14:36:42.521 +09:00 [INF] Executed action KanbanServer.Controllers.AuthController.Login (KanbanServer) in 45.3767ms
2026-06-20 14:36:42.522 +09:00 [INF] Executed endpoint 'KanbanServer.Controllers.AuthController.Login (KanbanServer)'
2026-06-20 14:36:42.524 +09:00 [INF] Request finished HTTP/1.1 POST http://localhost:5000/api/auth/login - 200 null application/json; charset=utf-8 75.1842ms
2026-06-20 14:36:42.527 +09:00 [INF] Request starting HTTP/1.1 GET http://localhost:5000/api/settings - null null
2026-06-20 14:36:42.531 +09:00 [INF] Executing endpoint 'KanbanServer.Controllers.SettingsController.Get (KanbanServer)'
2026-06-20 14:36:42.539 +09:00 [INF] Route matched with {action = "Get", controller = "Settings"}. Executing controller action with signature System.Threading.Tasks.Task`1[Microsoft.AspNetCore.Mvc.ActionResult`1[KanbanServer.Models.Setting]] Get() on controller KanbanServer.Controllers.SettingsController (KanbanServer).
2026-06-20 14:36:42.709 +09:00 [WRN] The query uses the 'First'/'FirstOrDefault' operator without 'OrderBy' and filter operators. This may lead to unpredictable results.
2026-06-20 14:36:42.968 +09:00 [INF] Executed DbCommand (2ms) [Parameters=[], CommandType='"Text"', CommandTimeout='30']
SELECT "s"."Id", "s"."Holidays", "s"."HolidaysJson", "s"."LabelsJson", "s"."Users", "s"."UsersJson"
FROM "Settings" AS "s"
LIMIT 1
2026-06-20 14:36:43.035 +09:00 [INF] Executing OkObjectResult, writing value of type 'KanbanServer.Models.Setting'.
2026-06-20 14:36:43.041 +09:00 [INF] Executed action KanbanServer.Controllers.SettingsController.Get (KanbanServer) in 499.9599ms
2026-06-20 14:36:43.043 +09:00 [INF] Executed endpoint 'KanbanServer.Controllers.SettingsController.Get (KanbanServer)'
2026-06-20 14:36:43.047 +09:00 [INF] Request starting HTTP/1.1 GET http://localhost:5000/api/tickets/assignees/suggest - null null
2026-06-20 14:36:43.047 +09:00 [INF] Request starting HTTP/1.1 GET http://localhost:5000/api/tickets/labels/suggest - null null
2026-06-20 14:36:43.047 +09:00 [INF] Request finished HTTP/1.1 GET http://localhost:5000/api/settings - 200 null application/json; charset=utf-8 519.6576ms
2026-06-20 14:36:43.053 +09:00 [INF] Request starting HTTP/1.1 GET http://localhost:5000/api/tickets - null null
2026-06-20 14:36:43.055 +09:00 [INF] Executing endpoint 'KanbanServer.Controllers.TicketsController.GetLabelsSuggest (KanbanServer)'
2026-06-20 14:36:43.055 +09:00 [INF] Executing endpoint 'KanbanServer.Controllers.TicketsController.GetAll (KanbanServer)'
2026-06-20 14:36:43.055 +09:00 [INF] Executing endpoint 'KanbanServer.Controllers.TicketsController.GetAssigneesSuggest (KanbanServer)'
2026-06-20 14:36:43.062 +09:00 [INF] Route matched with {action = "GetAll", controller = "Tickets"}. Executing controller action with signature System.Threading.Tasks.Task`1[Microsoft.AspNetCore.Mvc.ActionResult`1[System.Collections.Generic.List`1[KanbanServer.Models.Ticket]]] GetAll() on controller KanbanServer.Controllers.TicketsController (KanbanServer).
2026-06-20 14:36:43.064 +09:00 [INF] Route matched with {action = "GetAssigneesSuggest", controller = "Tickets"}. Executing controller action with signature System.Threading.Tasks.Task`1[Microsoft.AspNetCore.Mvc.ActionResult`1[System.Collections.Generic.List`1[System.String]]] GetAssigneesSuggest() on controller KanbanServer.Controllers.TicketsController (KanbanServer).
2026-06-20 14:36:43.067 +09:00 [INF] Route matched with {action = "GetLabelsSuggest", controller = "Tickets"}. Executing controller action with signature System.Threading.Tasks.Task`1[Microsoft.AspNetCore.Mvc.ActionResult`1[System.Collections.Generic.List`1[KanbanServer.Models.LabelSuggestDto]]] GetLabelsSuggest() on controller KanbanServer.Controllers.TicketsController (KanbanServer).
2026-06-20 14:36:43.141 +09:00 [INF] Executed DbCommand (0ms) [Parameters=[], CommandType='"Text"', CommandTimeout='30']
SELECT "s"."Id", "s"."Holidays", "s"."HolidaysJson", "s"."LabelsJson", "s"."Users", "s"."UsersJson"
FROM "Settings" AS "s"
LIMIT 1
2026-06-20 14:36:43.152 +09:00 [INF] Executed DbCommand (8ms) [Parameters=[], CommandType='"Text"', CommandTimeout='30']
SELECT "s"."Id", "s"."Holidays", "s"."HolidaysJson", "s"."LabelsJson", "s"."Users", "s"."UsersJson"
FROM "Settings" AS "s"
LIMIT 1
2026-06-20 14:36:43.155 +09:00 [INF] Executed DbCommand (0ms) [Parameters=[], CommandType='"Text"', CommandTimeout='30']
SELECT "t"."TicketId", "t"."Assignees", "t"."AssigneesJson", "t"."Category", "t"."ChildTasksJson", "t"."Column", "t"."Effort", "t"."EndDate", "t"."Id", "t"."IsArchived", "t"."IsEmergency", "t"."IsLocked", "t"."Labels", "t"."LabelsJson", "t"."MainAssignee", "t"."Memo", "t"."Position", "t"."PreviousColumn", "t"."Progress", "t"."StartDate", "t"."Title"
FROM "Tickets" AS "t"
2026-06-20 14:36:43.190 +09:00 [INF] Executed DbCommand (0ms) [Parameters=[], CommandType='"Text"', CommandTimeout='30']
SELECT "t"."TicketId", "t"."Assignees", "t"."AssigneesJson", "t"."Category", "t"."ChildTasksJson", "t"."Column", "t"."Effort", "t"."EndDate", "t"."Id", "t"."IsArchived", "t"."IsEmergency", "t"."IsLocked", "t"."Labels", "t"."LabelsJson", "t"."MainAssignee", "t"."Memo", "t"."Position", "t"."PreviousColumn", "t"."Progress", "t"."StartDate", "t"."Title"
FROM "Tickets" AS "t"
WHERE length("t"."LabelsJson") > 2
2026-06-20 14:36:43.192 +09:00 [INF] Executed DbCommand (1ms) [Parameters=[], CommandType='"Text"', CommandTimeout='30']
SELECT "t"."TicketId", "t"."Assignees", "t"."AssigneesJson", "t"."Category", "t"."ChildTasksJson", "t"."Column", "t"."Effort", "t"."EndDate", "t"."Id", "t"."IsArchived", "t"."IsEmergency", "t"."IsLocked", "t"."Labels", "t"."LabelsJson", "t"."MainAssignee", "t"."Memo", "t"."Position", "t"."PreviousColumn", "t"."Progress", "t"."StartDate", "t"."Title"
FROM "Tickets" AS "t"
WHERE length("t"."AssigneesJson") > 2
2026-06-20 14:36:43.204 +09:00 [INF] Executing OkObjectResult, writing value of type 'System.Collections.Generic.List`1[[System.String, System.Private.CoreLib, Version=10.0.0.0, Culture=neutral, PublicKeyToken=7cec85d7bea7798e]]'.
2026-06-20 14:36:43.205 +09:00 [INF] Executed action KanbanServer.Controllers.TicketsController.GetAssigneesSuggest (KanbanServer) in 138.496ms
2026-06-20 14:36:43.206 +09:00 [INF] Executed endpoint 'KanbanServer.Controllers.TicketsController.GetAssigneesSuggest (KanbanServer)'
2026-06-20 14:36:43.208 +09:00 [INF] Executing OkObjectResult, writing value of type 'System.Collections.Generic.List`1[[KanbanServer.Models.LabelSuggestDto, KanbanServer, Version=1.0.0.0, Culture=neutral, PublicKeyToken=null]]'.
2026-06-20 14:36:43.209 +09:00 [INF] Executed action KanbanServer.Controllers.TicketsController.GetLabelsSuggest (KanbanServer) in 140.7269ms
2026-06-20 14:36:43.211 +09:00 [INF] Executed endpoint 'KanbanServer.Controllers.TicketsController.GetLabelsSuggest (KanbanServer)'
2026-06-20 14:36:43.212 +09:00 [INF] Request finished HTTP/1.1 GET http://localhost:5000/api/tickets/labels/suggest - 200 null application/json; charset=utf-8 165.0621ms
2026-06-20 14:36:43.212 +09:00 [INF] Request finished HTTP/1.1 GET http://localhost:5000/api/tickets/assignees/suggest - 200 null application/json; charset=utf-8 165.0459ms
2026-06-20 14:36:43.231 +09:00 [INF] Executing OkObjectResult, writing value of type 'System.Collections.Generic.List`1[[KanbanServer.Models.Ticket, KanbanServer, Version=1.0.0.0, Culture=neutral, PublicKeyToken=null]]'.
2026-06-20 14:36:43.258 +09:00 [INF] Executed action KanbanServer.Controllers.TicketsController.GetAll (KanbanServer) in 193.9762ms
2026-06-20 14:36:43.259 +09:00 [INF] Executed endpoint 'KanbanServer.Controllers.TicketsController.GetAll (KanbanServer)'
2026-06-20 14:36:43.261 +09:00 [INF] Request finished HTTP/1.1 GET http://localhost:5000/api/tickets - 200 null application/json; charset=utf-8 207.4424ms
2026-06-20 14:36:47.930 +09:00 [INF] Request starting HTTP/1.1 POST http://localhost:5000/api/tickets - application/json 205
2026-06-20 14:36:47.934 +09:00 [INF] CORS policy execution successful.
2026-06-20 14:36:47.935 +09:00 [INF] Executing endpoint 'KanbanServer.Controllers.TicketsController.Create (KanbanServer)'
2026-06-20 14:36:47.943 +09:00 [INF] Route matched with {action = "Create", controller = "Tickets"}. Executing controller action with signature System.Threading.Tasks.Task`1[Microsoft.AspNetCore.Mvc.ActionResult`1[KanbanServer.Models.Ticket]] Create(KanbanServer.Models.TicketDto) on controller KanbanServer.Controllers.TicketsController (KanbanServer).
2026-06-20 14:36:47.989 +09:00 [INF] Executed DbCommand (0ms) [Parameters=[], CommandType='"Text"', CommandTimeout='30']
SELECT MAX("t"."Id")
FROM "Tickets" AS "t"
2026-06-20 14:36:48.011 +09:00 [INF] Executed DbCommand (2ms) [Parameters=[@column='?' (Size = 5)], CommandType='"Text"', CommandTimeout='30']
SELECT MAX("t"."Position")
FROM "Tickets" AS "t"
WHERE "t"."Column" = @column
2026-06-20 14:36:48.105 +09:00 [INF] Executed DbCommand (1ms) [Parameters=[@p0='?' (Size = 32), @p1='?' (Size = 2), @p2='?' (Size = 2), @p3='?' (Size = 3), @p4='?' (Size = 2), @p5='?' (Size = 5), @p6='?' (DbType = Int32), @p7='?' (DbType = DateTime), @p8='?' (DbType = Int32), @p9='?' (DbType = Boolean), @p10='?' (DbType = Boolean), @p11='?' (Size = 2), @p12='?' (Size = 2), @p13='?', @p14='?', @p15='?' (DbType = Double), @p16='?', @p17='?' (DbType = Int32), @p18='?' (DbType = DateTime), @p19='?' (Size = 3)], CommandType='"Text"', CommandTimeout='30']
INSERT INTO "Tickets" ("TicketId", "Assignees", "AssigneesJson", "Category", "ChildTasksJson", "Column", "Effort", "EndDate", "Id", "IsEmergency", "IsLocked", "Labels", "LabelsJson", "MainAssignee", "Memo", "Position", "PreviousColumn", "Progress", "StartDate", "Title")
VALUES (@p0, @p1, @p2, @p3, @p4, @p5, @p6, @p7, @p8, @p9, @p10, @p11, @p12, @p13, @p14, @p15, @p16, @p17, @p18, @p19)
RETURNING "IsArchived";
2026-06-20 14:36:48.113 +09:00 [INF] Executed DbCommand (0ms) [Parameters=[@p0='?' (DbType = DateTime), @p1='?', @p2='?' (Size = 32), @p3='?' (Size = 7), @p4='?'], CommandType='"Text"', CommandTimeout='30']
INSERT INTO "TicketHistories" ("Date", "PreviousValue", "TicketId", "Type", "Value")
VALUES (@p0, @p1, @p2, @p3, @p4)
RETURNING "Id";
2026-06-20 14:36:48.137 +09:00 [INF] Executing CreatedAtActionResult, writing value of type 'KanbanServer.Models.Ticket'.
2026-06-20 14:36:48.146 +09:00 [INF] Executed action KanbanServer.Controllers.TicketsController.Create (KanbanServer) in 200.429ms
2026-06-20 14:36:48.147 +09:00 [INF] Executed endpoint 'KanbanServer.Controllers.TicketsController.Create (KanbanServer)'
2026-06-20 14:36:48.148 +09:00 [INF] Request finished HTTP/1.1 POST http://localhost:5000/api/tickets - 201 null application/json; charset=utf-8 217.291ms
2026-06-20 14:36:52.446 +09:00 [INF] Request starting HTTP/1.1 POST http://localhost:5000/api/tickets - application/json 204
2026-06-20 14:36:52.450 +09:00 [INF] CORS policy execution successful.
2026-06-20 14:36:52.451 +09:00 [INF] Executing endpoint 'KanbanServer.Controllers.TicketsController.Create (KanbanServer)'
2026-06-20 14:36:52.452 +09:00 [INF] Route matched with {action = "Create", controller = "Tickets"}. Executing controller action with signature System.Threading.Tasks.Task`1[Microsoft.AspNetCore.Mvc.ActionResult`1[KanbanServer.Models.Ticket]] Create(KanbanServer.Models.TicketDto) on controller KanbanServer.Controllers.TicketsController (KanbanServer).
2026-06-20 14:36:52.459 +09:00 [INF] Executed DbCommand (0ms) [Parameters=[], CommandType='"Text"', CommandTimeout='30']
SELECT MAX("t"."Id")
FROM "Tickets" AS "t"
2026-06-20 14:36:52.462 +09:00 [INF] Executed DbCommand (0ms) [Parameters=[@column='?' (Size = 4)], CommandType='"Text"', CommandTimeout='30']
SELECT MAX("t"."Position")
FROM "Tickets" AS "t"
WHERE "t"."Column" = @column
2026-06-20 14:36:52.466 +09:00 [INF] Executed DbCommand (0ms) [Parameters=[@p0='?' (Size = 32), @p1='?' (Size = 2), @p2='?' (Size = 2), @p3='?' (Size = 3), @p4='?' (Size = 2), @p5='?' (Size = 4), @p6='?' (DbType = Int32), @p7='?' (DbType = DateTime), @p8='?' (DbType = Int32), @p9='?' (DbType = Boolean), @p10='?' (DbType = Boolean), @p11='?' (Size = 2), @p12='?' (Size = 2), @p13='?', @p14='?', @p15='?' (DbType = Double), @p16='?', @p17='?' (DbType = Int32), @p18='?' (DbType = DateTime), @p19='?' (Size = 3)], CommandType='"Text"', CommandTimeout='30']
INSERT INTO "Tickets" ("TicketId", "Assignees", "AssigneesJson", "Category", "ChildTasksJson", "Column", "Effort", "EndDate", "Id", "IsEmergency", "IsLocked", "Labels", "LabelsJson", "MainAssignee", "Memo", "Position", "PreviousColumn", "Progress", "StartDate", "Title")
VALUES (@p0, @p1, @p2, @p3, @p4, @p5, @p6, @p7, @p8, @p9, @p10, @p11, @p12, @p13, @p14, @p15, @p16, @p17, @p18, @p19)
RETURNING "IsArchived";
2026-06-20 14:36:52.468 +09:00 [INF] Executed DbCommand (0ms) [Parameters=[@p0='?' (DbType = DateTime), @p1='?', @p2='?' (Size = 32), @p3='?' (Size = 7), @p4='?'], CommandType='"Text"', CommandTimeout='30']
INSERT INTO "TicketHistories" ("Date", "PreviousValue", "TicketId", "Type", "Value")
VALUES (@p0, @p1, @p2, @p3, @p4)
RETURNING "Id";
2026-06-20 14:36:52.479 +09:00 [INF] Executing CreatedAtActionResult, writing value of type 'KanbanServer.Models.Ticket'.
2026-06-20 14:36:52.480 +09:00 [INF] Executed action KanbanServer.Controllers.TicketsController.Create (KanbanServer) in 26.4959ms
2026-06-20 14:36:52.481 +09:00 [INF] Executed endpoint 'KanbanServer.Controllers.TicketsController.Create (KanbanServer)'
2026-06-20 14:36:52.482 +09:00 [INF] Request finished HTTP/1.1 POST http://localhost:5000/api/tickets - 201 null application/json; charset=utf-8 35.8809ms
2026-06-20 14:36:55.946 +09:00 [INF] Request starting HTTP/1.1 POST http://localhost:5000/api/tickets - application/json 204
2026-06-20 14:36:55.948 +09:00 [INF] CORS policy execution successful.
2026-06-20 14:36:55.949 +09:00 [INF] Executing endpoint 'KanbanServer.Controllers.TicketsController.Create (KanbanServer)'
2026-06-20 14:36:55.950 +09:00 [INF] Route matched with {action = "Create", controller = "Tickets"}. Executing controller action with signature System.Threading.Tasks.Task`1[Microsoft.AspNetCore.Mvc.ActionResult`1[KanbanServer.Models.Ticket]] Create(KanbanServer.Models.TicketDto) on controller KanbanServer.Controllers.TicketsController (KanbanServer).
2026-06-20 14:36:55.952 +09:00 [INF] Executed DbCommand (0ms) [Parameters=[], CommandType='"Text"', CommandTimeout='30']
SELECT MAX("t"."Id")
FROM "Tickets" AS "t"
2026-06-20 14:36:55.955 +09:00 [INF] Executed DbCommand (0ms) [Parameters=[@column='?' (Size = 4)], CommandType='"Text"', CommandTimeout='30']
SELECT MAX("t"."Position")
FROM "Tickets" AS "t"
WHERE "t"."Column" = @column
2026-06-20 14:36:55.957 +09:00 [INF] Executed DbCommand (0ms) [Parameters=[@p0='?' (Size = 32), @p1='?' (Size = 2), @p2='?' (Size = 2), @p3='?' (Size = 3), @p4='?' (Size = 2), @p5='?' (Size = 4), @p6='?' (DbType = Int32), @p7='?' (DbType = DateTime), @p8='?' (DbType = Int32), @p9='?' (DbType = Boolean), @p10='?' (DbType = Boolean), @p11='?' (Size = 2), @p12='?' (Size = 2), @p13='?', @p14='?', @p15='?' (DbType = Double), @p16='?', @p17='?' (DbType = Int32), @p18='?' (DbType = DateTime), @p19='?' (Size = 3)], CommandType='"Text"', CommandTimeout='30']
INSERT INTO "Tickets" ("TicketId", "Assignees", "AssigneesJson", "Category", "ChildTasksJson", "Column", "Effort", "EndDate", "Id", "IsEmergency", "IsLocked", "Labels", "LabelsJson", "MainAssignee", "Memo", "Position", "PreviousColumn", "Progress", "StartDate", "Title")
VALUES (@p0, @p1, @p2, @p3, @p4, @p5, @p6, @p7, @p8, @p9, @p10, @p11, @p12, @p13, @p14, @p15, @p16, @p17, @p18, @p19)
RETURNING "IsArchived";
2026-06-20 14:36:55.959 +09:00 [INF] Executed DbCommand (0ms) [Parameters=[@p0='?' (DbType = DateTime), @p1='?', @p2='?' (Size = 32), @p3='?' (Size = 7), @p4='?'], CommandType='"Text"', CommandTimeout='30']
INSERT INTO "TicketHistories" ("Date", "PreviousValue", "TicketId", "Type", "Value")
VALUES (@p0, @p1, @p2, @p3, @p4)
RETURNING "Id";
2026-06-20 14:36:55.971 +09:00 [INF] Executing CreatedAtActionResult, writing value of type 'KanbanServer.Models.Ticket'.
2026-06-20 14:36:55.972 +09:00 [INF] Executed action KanbanServer.Controllers.TicketsController.Create (KanbanServer) in 21.2155ms
2026-06-20 14:36:55.974 +09:00 [INF] Executed endpoint 'KanbanServer.Controllers.TicketsController.Create (KanbanServer)'
2026-06-20 14:36:55.974 +09:00 [INF] Request finished HTTP/1.1 POST http://localhost:5000/api/tickets - 201 null application/json; charset=utf-8 28.5711ms
2026-06-20 15:00:27.419 +09:00 [INF] Executed DbCommand (25ms) [Parameters=[], CommandType='"Text"', CommandTimeout='30']
SELECT COUNT(*) FROM "sqlite_master" WHERE "type" = 'table' AND "rootpage" IS NOT NULL;
2026-06-20 15:00:27.529 +09:00 [WRN] Overriding address(es) 'http://localhost:5171'. Binding to endpoints defined via IConfiguration and/or UseKestrel() instead.
2026-06-20 15:00:27.538 +09:00 [INF] Now listening on: http://0.0.0.0:5000
2026-06-20 15:00:27.539 +09:00 [INF] Application started. Press Ctrl+C to shut down.
2026-06-20 15:00:27.540 +09:00 [INF] Hosting environment: Development
2026-06-20 15:00:27.541 +09:00 [INF] Content root path: C:\repos\mykanban
2026-06-20 15:00:29.783 +09:00 [INF] Request starting HTTP/1.1 GET http://localhost:5000/ - null null
2026-06-20 15:00:29.805 +09:00 [INF] Executing endpoint 'Fallback {*path:nonfile}'
2026-06-20 15:00:29.811 +09:00 [INF] Executed endpoint 'Fallback {*path:nonfile}'
2026-06-20 15:00:29.813 +09:00 [INF] Request finished HTTP/1.1 GET http://localhost:5000/ - 200 null text/html; charset=utf-8 30.4273ms
2026-06-20 15:00:29.820 +09:00 [INF] Request starting HTTP/1.1 GET http://localhost:5000/styles.css - null null
2026-06-20 15:00:29.827 +09:00 [INF] The file /styles.css was not modified
2026-06-20 15:00:29.829 +09:00 [INF] Request finished HTTP/1.1 GET http://localhost:5000/styles.css - 304 null text/css 9.9503ms
2026-06-20 15:00:29.927 +09:00 [INF] Request starting HTTP/1.1 GET http://localhost:5000/modules/renderer.js - null null
2026-06-20 15:00:29.936 +09:00 [INF] CORS policy execution successful.
2026-06-20 15:00:29.938 +09:00 [INF] The file /modules/renderer.js was not modified
2026-06-20 15:00:29.940 +09:00 [INF] Request finished HTTP/1.1 GET http://localhost:5000/modules/renderer.js - 304 null text/javascript 13.3695ms
2026-06-20 15:00:30.505 +09:00 [INF] Request starting HTTP/1.1 GET http://localhost:5000/ - null null
2026-06-20 15:00:30.507 +09:00 [INF] Executing endpoint 'Fallback {*path:nonfile}'
2026-06-20 15:00:30.509 +09:00 [INF] Executed endpoint 'Fallback {*path:nonfile}'
2026-06-20 15:00:30.511 +09:00 [INF] Request finished HTTP/1.1 GET http://localhost:5000/ - 200 null text/html; charset=utf-8 5.6157ms
2026-06-20 15:00:30.516 +09:00 [INF] Request starting HTTP/1.1 GET http://localhost:5000/styles.css - null null
2026-06-20 15:00:30.518 +09:00 [INF] Request starting HTTP/1.1 GET http://localhost:5000/app.js - null null
2026-06-20 15:00:30.520 +09:00 [INF] CORS policy execution successful.
2026-06-20 15:00:30.525 +09:00 [INF] Sending file. Request path: '/styles.css'. Physical path: 'C:\repos\mykanban\bin\Debug\net10.0\wwwroot\styles.css'
2026-06-20 15:00:30.526 +09:00 [INF] Sending file. Request path: '/app.js'. Physical path: 'C:\repos\mykanban\bin\Debug\net10.0\wwwroot\app.js'
2026-06-20 15:00:30.527 +09:00 [INF] Request finished HTTP/1.1 GET http://localhost:5000/styles.css - 200 59852 text/css 11.5597ms
2026-06-20 15:00:30.527 +09:00 [INF] Request finished HTTP/1.1 GET http://localhost:5000/app.js - 200 23659 text/javascript 9.4059ms
2026-06-20 15:00:30.531 +09:00 [INF] Request starting HTTP/1.1 GET http://localhost:5000/modules/state.js - null null
2026-06-20 15:00:30.531 +09:00 [INF] Request starting HTTP/1.1 GET http://localhost:5000/modules/api.js - null null
2026-06-20 15:00:30.533 +09:00 [INF] CORS policy execution successful.
2026-06-20 15:00:30.533 +09:00 [INF] CORS policy execution successful.
2026-06-20 15:00:30.534 +09:00 [INF] Sending file. Request path: '/modules/state.js'. Physical path: 'C:\repos\mykanban\bin\Debug\net10.0\wwwroot\modules\state.js'
2026-06-20 15:00:30.536 +09:00 [INF] Sending file. Request path: '/modules/api.js'. Physical path: 'C:\repos\mykanban\bin\Debug\net10.0\wwwroot\modules\api.js'
2026-06-20 15:00:30.536 +09:00 [INF] Request finished HTTP/1.1 GET http://localhost:5000/modules/state.js - 200 20762 text/javascript 4.9662ms
2026-06-20 15:00:30.541 +09:00 [INF] Request finished HTTP/1.1 GET http://localhost:5000/modules/api.js - 200 6109 text/javascript 10.3957ms
2026-06-20 15:00:30.545 +09:00 [INF] Request starting HTTP/1.1 GET http://localhost:5000/modules/renderer.js - null null
2026-06-20 15:00:30.545 +09:00 [INF] Request starting HTTP/1.1 GET http://localhost:5000/modules/dragdrop.js - null null
2026-06-20 15:00:30.551 +09:00 [INF] CORS policy execution successful.
2026-06-20 15:00:30.551 +09:00 [INF] CORS policy execution successful.
2026-06-20 15:00:30.554 +09:00 [INF] Sending file. Request path: '/modules/renderer.js'. Physical path: 'C:\repos\mykanban\bin\Debug\net10.0\wwwroot\modules\renderer.js'
2026-06-20 15:00:30.555 +09:00 [INF] Sending file. Request path: '/modules/dragdrop.js'. Physical path: 'C:\repos\mykanban\bin\Debug\net10.0\wwwroot\modules\dragdrop.js'
2026-06-20 15:00:30.555 +09:00 [INF] Request finished HTTP/1.1 GET http://localhost:5000/modules/renderer.js - 200 29602 text/javascript 9.9546ms
2026-06-20 15:00:30.561 +09:00 [INF] Request finished HTTP/1.1 GET http://localhost:5000/modules/dragdrop.js - 200 7088 text/javascript 15.3006ms
2026-06-20 15:00:30.564 +09:00 [INF] Request starting HTTP/1.1 GET http://localhost:5000/modules/modal.js - null null
2026-06-20 15:00:30.564 +09:00 [INF] Request starting HTTP/1.1 GET http://localhost:5000/modules/labels.js - null null
2026-06-20 15:00:30.570 +09:00 [INF] CORS policy execution successful.
2026-06-20 15:00:30.570 +09:00 [INF] CORS policy execution successful.
2026-06-20 15:00:30.573 +09:00 [INF] Sending file. Request path: '/modules/modal.js'. Physical path: 'C:\repos\mykanban\bin\Debug\net10.0\wwwroot\modules\modal.js'
2026-06-20 15:00:30.575 +09:00 [INF] Sending file. Request path: '/modules/labels.js'. Physical path: 'C:\repos\mykanban\bin\Debug\net10.0\wwwroot\modules\labels.js'
2026-06-20 15:00:30.575 +09:00 [INF] Request finished HTTP/1.1 GET http://localhost:5000/modules/modal.js - 200 18173 text/javascript 10.9213ms
2026-06-20 15:00:30.579 +09:00 [INF] Request finished HTTP/1.1 GET http://localhost:5000/modules/labels.js - 200 5192 text/javascript 14.848ms
2026-06-20 15:00:30.583 +09:00 [INF] Request starting HTTP/1.1 GET http://localhost:5000/modules/assignees.js - null null
2026-06-20 15:00:30.585 +09:00 [INF] Request starting HTTP/1.1 GET http://localhost:5000/modules/childtasks.js - null null
2026-06-20 15:00:30.588 +09:00 [INF] CORS policy execution successful.
2026-06-20 15:00:30.588 +09:00 [INF] CORS policy execution successful.
2026-06-20 15:00:30.589 +09:00 [INF] Sending file. Request path: '/modules/childtasks.js'. Physical path: 'C:\repos\mykanban\bin\Debug\net10.0\wwwroot\modules\childtasks.js'
2026-06-20 15:00:30.591 +09:00 [INF] Sending file. Request path: '/modules/assignees.js'. Physical path: 'C:\repos\mykanban\bin\Debug\net10.0\wwwroot\modules\assignees.js'
2026-06-20 15:00:30.591 +09:00 [INF] Request finished HTTP/1.1 GET http://localhost:5000/modules/childtasks.js - 200 11906 text/javascript 5.7575ms
2026-06-20 15:00:30.596 +09:00 [INF] Request finished HTTP/1.1 GET http://localhost:5000/modules/assignees.js - 200 8700 text/javascript 9.671ms
2026-06-20 15:00:30.600 +09:00 [INF] Request starting HTTP/1.1 GET http://localhost:5000/modules/history.js - null null
2026-06-20 15:00:30.603 +09:00 [INF] Request starting HTTP/1.1 GET http://localhost:5000/modules/actual.js - null null
2026-06-20 15:00:30.606 +09:00 [INF] CORS policy execution successful.
2026-06-20 15:00:30.607 +09:00 [INF] CORS policy execution successful.
2026-06-20 15:00:30.609 +09:00 [INF] Sending file. Request path: '/modules/history.js'. Physical path: 'C:\repos\mykanban\bin\Debug\net10.0\wwwroot\modules\history.js'
2026-06-20 15:00:30.611 +09:00 [INF] Sending file. Request path: '/modules/actual.js'. Physical path: 'C:\repos\mykanban\bin\Debug\net10.0\wwwroot\modules\actual.js'
2026-06-20 15:00:30.613 +09:00 [INF] Request finished HTTP/1.1 GET http://localhost:5000/modules/history.js - 200 9423 text/javascript 11.0149ms
2026-06-20 15:00:30.613 +09:00 [INF] Request finished HTTP/1.1 GET http://localhost:5000/modules/actual.js - 200 11688 text/javascript 9.6417ms
2026-06-20 15:00:30.621 +09:00 [INF] Request starting HTTP/1.1 GET http://localhost:5000/modules/archive.js - null null
2026-06-20 15:00:30.621 +09:00 [INF] Request starting HTTP/1.1 GET http://localhost:5000/modules/filter.js - null null
2026-06-20 15:00:30.627 +09:00 [INF] CORS policy execution successful.
2026-06-20 15:00:30.627 +09:00 [INF] CORS policy execution successful.
2026-06-20 15:00:30.630 +09:00 [INF] Sending file. Request path: '/modules/archive.js'. Physical path: 'C:\repos\mykanban\bin\Debug\net10.0\wwwroot\modules\archive.js'
2026-06-20 15:00:30.630 +09:00 [INF] Sending file. Request path: '/modules/filter.js'. Physical path: 'C:\repos\mykanban\bin\Debug\net10.0\wwwroot\modules\filter.js'
2026-06-20 15:00:30.633 +09:00 [INF] Request finished HTTP/1.1 GET http://localhost:5000/modules/filter.js - 200 7563 text/javascript 12.5608ms
2026-06-20 15:00:30.633 +09:00 [INF] Request finished HTTP/1.1 GET http://localhost:5000/modules/archive.js - 200 944 text/javascript 12.5968ms
2026-06-20 15:00:30.641 +09:00 [INF] Request starting HTTP/1.1 GET http://localhost:5000/modules/settings.js - null null
2026-06-20 15:00:30.641 +09:00 [INF] Request starting HTTP/1.1 GET http://localhost:5000/modules/memo.js - null null
2026-06-20 15:00:30.648 +09:00 [INF] CORS policy execution successful.
2026-06-20 15:00:30.648 +09:00 [INF] CORS policy execution successful.
2026-06-20 15:00:30.651 +09:00 [INF] Sending file. Request path: '/modules/memo.js'. Physical path: 'C:\repos\mykanban\bin\Debug\net10.0\wwwroot\modules\memo.js'
2026-06-20 15:00:30.652 +09:00 [INF] Sending file. Request path: '/modules/settings.js'. Physical path: 'C:\repos\mykanban\bin\Debug\net10.0\wwwroot\modules\settings.js'
2026-06-20 15:00:30.654 +09:00 [INF] Request finished HTTP/1.1 GET http://localhost:5000/modules/memo.js - 200 3562 text/javascript 10.8158ms
2026-06-20 15:00:30.654 +09:00 [INF] Request finished HTTP/1.1 GET http://localhost:5000/modules/settings.js - 200 28809 text/javascript 12.5218ms
2026-06-20 15:00:30.662 +09:00 [INF] Request starting HTTP/1.1 GET http://localhost:5000/modules/auth.js - null null
2026-06-20 15:00:30.662 +09:00 [INF] Request starting HTTP/1.1 GET http://localhost:5000/modules/logger.js - null null
2026-06-20 15:00:30.669 +09:00 [INF] CORS policy execution successful.
2026-06-20 15:00:30.669 +09:00 [INF] CORS policy execution successful.
2026-06-20 15:00:30.671 +09:00 [INF] Sending file. Request path: '/modules/logger.js'. Physical path: 'C:\repos\mykanban\bin\Debug\net10.0\wwwroot\modules\logger.js'
2026-06-20 15:00:30.671 +09:00 [INF] Sending file. Request path: '/modules/auth.js'. Physical path: 'C:\repos\mykanban\bin\Debug\net10.0\wwwroot\modules\auth.js'
2026-06-20 15:00:30.675 +09:00 [INF] Request finished HTTP/1.1 GET http://localhost:5000/modules/auth.js - 200 4113 text/javascript 12.5872ms
2026-06-20 15:00:30.675 +09:00 [INF] Request finished HTTP/1.1 GET http://localhost:5000/modules/logger.js - 200 6900 text/javascript 12.5574ms
2026-06-20 15:00:30.683 +09:00 [INF] Request starting HTTP/1.1 GET http://localhost:5000/modules/charts.js - null null
2026-06-20 15:00:30.683 +09:00 [INF] Request starting HTTP/1.1 GET http://localhost:5000/modules/ticketService.js - null null
2026-06-20 15:00:30.688 +09:00 [INF] CORS policy execution successful.
2026-06-20 15:00:30.688 +09:00 [INF] CORS policy execution successful.
2026-06-20 15:00:30.690 +09:00 [INF] Sending file. Request path: '/modules/ticketService.js'. Physical path: 'C:\repos\mykanban\bin\Debug\net10.0\wwwroot\modules\ticketService.js'
2026-06-20 15:00:30.691 +09:00 [INF] Sending file. Request path: '/modules/charts.js'. Physical path: 'C:\repos\mykanban\bin\Debug\net10.0\wwwroot\modules\charts.js'
2026-06-20 15:00:30.692 +09:00 [INF] Request finished HTTP/1.1 GET http://localhost:5000/modules/ticketService.js - 200 1719 text/javascript 8.0429ms
2026-06-20 15:00:30.692 +09:00 [INF] Request finished HTTP/1.1 GET http://localhost:5000/modules/charts.js - 200 46291 text/javascript 9.1612ms
2026-06-20 15:00:30.699 +09:00 [INF] Request starting HTTP/1.1 GET http://localhost:5000/favicon.ico - null null
2026-06-20 15:00:30.701 +09:00 [INF] Request finished HTTP/1.1 GET http://localhost:5000/favicon.ico - 404 0 null 2.0969ms
2026-06-20 15:00:30.704 +09:00 [INF] Request reached the end of the middleware pipeline without being handled by application code. Request path: GET http://localhost:5000/favicon.ico, Response status code: 404
2026-06-20 15:00:31.768 +09:00 [INF] Request starting HTTP/1.1 POST http://localhost:5000/api/auth/login - application/json 38
2026-06-20 15:00:31.774 +09:00 [INF] CORS policy execution successful.
2026-06-20 15:00:31.775 +09:00 [INF] Executing endpoint 'KanbanServer.Controllers.AuthController.Login (KanbanServer)'
2026-06-20 15:00:31.792 +09:00 [INF] Route matched with {action = "Login", controller = "Auth"}. Executing controller action with signature Microsoft.AspNetCore.Mvc.IActionResult Login(LoginRequest) on controller KanbanServer.Controllers.AuthController (KanbanServer).
2026-06-20 15:00:31.831 +09:00 [INF] Executing OkObjectResult, writing value of type '<>f__AnonymousType1`3[[System.String, System.Private.CoreLib, Version=10.0.0.0, Culture=neutral, PublicKeyToken=7cec85d7bea7798e],[System.Boolean, System.Private.CoreLib, Version=10.0.0.0, Culture=neutral, PublicKeyToken=7cec85d7bea7798e],[System.String, System.Private.CoreLib, Version=10.0.0.0, Culture=neutral, PublicKeyToken=7cec85d7bea7798e]]'.
2026-06-20 15:00:31.845 +09:00 [INF] Executed action KanbanServer.Controllers.AuthController.Login (KanbanServer) in 46.2831ms
2026-06-20 15:00:31.846 +09:00 [INF] Executed endpoint 'KanbanServer.Controllers.AuthController.Login (KanbanServer)'
2026-06-20 15:00:31.848 +09:00 [INF] Request finished HTTP/1.1 POST http://localhost:5000/api/auth/login - 200 null application/json; charset=utf-8 79.6761ms
2026-06-20 15:00:31.855 +09:00 [INF] Request starting HTTP/1.1 GET http://localhost:5000/api/settings - null null
2026-06-20 15:00:31.860 +09:00 [INF] Executing endpoint 'KanbanServer.Controllers.SettingsController.Get (KanbanServer)'
2026-06-20 15:00:31.870 +09:00 [INF] Route matched with {action = "Get", controller = "Settings"}. Executing controller action with signature System.Threading.Tasks.Task`1[Microsoft.AspNetCore.Mvc.ActionResult`1[KanbanServer.Models.Setting]] Get() on controller KanbanServer.Controllers.SettingsController (KanbanServer).
2026-06-20 15:00:32.027 +09:00 [WRN] The query uses the 'First'/'FirstOrDefault' operator without 'OrderBy' and filter operators. This may lead to unpredictable results.
2026-06-20 15:00:32.250 +09:00 [INF] Executed DbCommand (1ms) [Parameters=[], CommandType='"Text"', CommandTimeout='30']
SELECT "s"."Id", "s"."Holidays", "s"."HolidaysJson", "s"."LabelsJson", "s"."Users", "s"."UsersJson"
FROM "Settings" AS "s"
LIMIT 1
2026-06-20 15:00:32.308 +09:00 [INF] Executing OkObjectResult, writing value of type 'KanbanServer.Models.Setting'.
2026-06-20 15:00:32.313 +09:00 [INF] Executed action KanbanServer.Controllers.SettingsController.Get (KanbanServer) in 440.9685ms
2026-06-20 15:00:32.314 +09:00 [INF] Executed endpoint 'KanbanServer.Controllers.SettingsController.Get (KanbanServer)'
2026-06-20 15:00:32.316 +09:00 [INF] Request starting HTTP/1.1 GET http://localhost:5000/api/tickets/labels/suggest - null null
2026-06-20 15:00:32.317 +09:00 [INF] Request starting HTTP/1.1 GET http://localhost:5000/api/tickets/assignees/suggest - null null
2026-06-20 15:00:32.318 +09:00 [INF] Executing endpoint 'KanbanServer.Controllers.TicketsController.GetLabelsSuggest (KanbanServer)'
2026-06-20 15:00:32.318 +09:00 [INF] Request finished HTTP/1.1 GET http://localhost:5000/api/settings - 200 null application/json; charset=utf-8 462.7955ms
2026-06-20 15:00:32.320 +09:00 [INF] Executing endpoint 'KanbanServer.Controllers.TicketsController.GetAssigneesSuggest (KanbanServer)'
2026-06-20 15:00:32.320 +09:00 [INF] Request starting HTTP/1.1 GET http://localhost:5000/api/tickets - null null
2026-06-20 15:00:32.321 +09:00 [INF] Executing endpoint 'KanbanServer.Controllers.TicketsController.GetAll (KanbanServer)'
2026-06-20 15:00:32.323 +09:00 [INF] Route matched with {action = "GetLabelsSuggest", controller = "Tickets"}. Executing controller action with signature System.Threading.Tasks.Task`1[Microsoft.AspNetCore.Mvc.ActionResult`1[System.Collections.Generic.List`1[KanbanServer.Models.LabelSuggestDto]]] GetLabelsSuggest() on controller KanbanServer.Controllers.TicketsController (KanbanServer).
2026-06-20 15:00:32.324 +09:00 [INF] Route matched with {action = "GetAssigneesSuggest", controller = "Tickets"}. Executing controller action with signature System.Threading.Tasks.Task`1[Microsoft.AspNetCore.Mvc.ActionResult`1[System.Collections.Generic.List`1[System.String]]] GetAssigneesSuggest() on controller KanbanServer.Controllers.TicketsController (KanbanServer).
2026-06-20 15:00:32.325 +09:00 [INF] Route matched with {action = "GetAll", controller = "Tickets"}. Executing controller action with signature System.Threading.Tasks.Task`1[Microsoft.AspNetCore.Mvc.ActionResult`1[System.Collections.Generic.List`1[KanbanServer.Models.Ticket]]] GetAll() on controller KanbanServer.Controllers.TicketsController (KanbanServer).
2026-06-20 15:00:32.388 +09:00 [INF] Executed DbCommand (0ms) [Parameters=[], CommandType='"Text"', CommandTimeout='30']
SELECT "s"."Id", "s"."Holidays", "s"."HolidaysJson", "s"."LabelsJson", "s"."Users", "s"."UsersJson"
FROM "Settings" AS "s"
LIMIT 1
2026-06-20 15:00:32.395 +09:00 [INF] Executed DbCommand (6ms) [Parameters=[], CommandType='"Text"', CommandTimeout='30']
SELECT "s"."Id", "s"."Holidays", "s"."HolidaysJson", "s"."LabelsJson", "s"."Users", "s"."UsersJson"
FROM "Settings" AS "s"
LIMIT 1
2026-06-20 15:00:32.396 +09:00 [INF] Executed DbCommand (0ms) [Parameters=[], CommandType='"Text"', CommandTimeout='30']
SELECT "t"."TicketId", "t"."Assignees", "t"."AssigneesJson", "t"."Category", "t"."ChildTasksJson", "t"."Column", "t"."Effort", "t"."EndDate", "t"."Id", "t"."IsArchived", "t"."IsEmergency", "t"."IsLocked", "t"."Labels", "t"."LabelsJson", "t"."MainAssignee", "t"."Memo", "t"."Position", "t"."PreviousColumn", "t"."Progress", "t"."StartDate", "t"."Title"
FROM "Tickets" AS "t"
2026-06-20 15:00:32.421 +09:00 [INF] Executed DbCommand (0ms) [Parameters=[], CommandType='"Text"', CommandTimeout='30']
SELECT "t"."TicketId", "t"."Assignees", "t"."AssigneesJson", "t"."Category", "t"."ChildTasksJson", "t"."Column", "t"."Effort", "t"."EndDate", "t"."Id", "t"."IsArchived", "t"."IsEmergency", "t"."IsLocked", "t"."Labels", "t"."LabelsJson", "t"."MainAssignee", "t"."Memo", "t"."Position", "t"."PreviousColumn", "t"."Progress", "t"."StartDate", "t"."Title"
FROM "Tickets" AS "t"
WHERE length("t"."LabelsJson") > 2
2026-06-20 15:00:32.423 +09:00 [INF] Executed DbCommand (1ms) [Parameters=[], CommandType='"Text"', CommandTimeout='30']
SELECT "t"."TicketId", "t"."Assignees", "t"."AssigneesJson", "t"."Category", "t"."ChildTasksJson", "t"."Column", "t"."Effort", "t"."EndDate", "t"."Id", "t"."IsArchived", "t"."IsEmergency", "t"."IsLocked", "t"."Labels", "t"."LabelsJson", "t"."MainAssignee", "t"."Memo", "t"."Position", "t"."PreviousColumn", "t"."Progress", "t"."StartDate", "t"."Title"
FROM "Tickets" AS "t"
WHERE length("t"."AssigneesJson") > 2
2026-06-20 15:00:32.435 +09:00 [INF] Executing OkObjectResult, writing value of type 'System.Collections.Generic.List`1[[System.String, System.Private.CoreLib, Version=10.0.0.0, Culture=neutral, PublicKeyToken=7cec85d7bea7798e]]'.
2026-06-20 15:00:32.436 +09:00 [INF] Executing OkObjectResult, writing value of type 'System.Collections.Generic.List`1[[KanbanServer.Models.LabelSuggestDto, KanbanServer, Version=1.0.0.0, Culture=neutral, PublicKeyToken=null]]'.
2026-06-20 15:00:32.437 +09:00 [INF] Executed action KanbanServer.Controllers.TicketsController.GetAssigneesSuggest (KanbanServer) in 111.9139ms
2026-06-20 15:00:32.437 +09:00 [INF] Executed endpoint 'KanbanServer.Controllers.TicketsController.GetAssigneesSuggest (KanbanServer)'
2026-06-20 15:00:32.438 +09:00 [INF] Executed action KanbanServer.Controllers.TicketsController.GetLabelsSuggest (KanbanServer) in 114.0806ms
2026-06-20 15:00:32.439 +09:00 [INF] Executed endpoint 'KanbanServer.Controllers.TicketsController.GetLabelsSuggest (KanbanServer)'
2026-06-20 15:00:32.442 +09:00 [INF] Request finished HTTP/1.1 GET http://localhost:5000/api/tickets/assignees/suggest - 200 null application/json; charset=utf-8 124.8068ms
2026-06-20 15:00:32.442 +09:00 [INF] Request finished HTTP/1.1 GET http://localhost:5000/api/tickets/labels/suggest - 200 null application/json; charset=utf-8 125.8045ms
2026-06-20 15:00:32.448 +09:00 [INF] Executing OkObjectResult, writing value of type 'System.Collections.Generic.List`1[[KanbanServer.Models.Ticket, KanbanServer, Version=1.0.0.0, Culture=neutral, PublicKeyToken=null]]'.
2026-06-20 15:00:32.461 +09:00 [INF] Executed action KanbanServer.Controllers.TicketsController.GetAll (KanbanServer) in 135.6581ms
2026-06-20 15:00:32.462 +09:00 [INF] Executed endpoint 'KanbanServer.Controllers.TicketsController.GetAll (KanbanServer)'
2026-06-20 15:00:32.463 +09:00 [INF] Request finished HTTP/1.1 GET http://localhost:5000/api/tickets - 200 null application/json; charset=utf-8 142.5119ms
2026-06-20 15:00:37.001 +09:00 [INF] Request starting HTTP/1.1 POST http://localhost:5000/api/tickets - application/json 205
2026-06-20 15:00:37.004 +09:00 [INF] CORS policy execution successful.
2026-06-20 15:00:37.005 +09:00 [INF] Executing endpoint 'KanbanServer.Controllers.TicketsController.Create (KanbanServer)'
2026-06-20 15:00:37.013 +09:00 [INF] Route matched with {action = "Create", controller = "Tickets"}. Executing controller action with signature System.Threading.Tasks.Task`1[Microsoft.AspNetCore.Mvc.ActionResult`1[KanbanServer.Models.Ticket]] Create(KanbanServer.Models.TicketDto) on controller KanbanServer.Controllers.TicketsController (KanbanServer).
2026-06-20 15:00:37.049 +09:00 [INF] Executed DbCommand (0ms) [Parameters=[], CommandType='"Text"', CommandTimeout='30']
SELECT MAX("t"."Id")
FROM "Tickets" AS "t"
2026-06-20 15:00:37.064 +09:00 [INF] Executed DbCommand (2ms) [Parameters=[@column='?' (Size = 5)], CommandType='"Text"', CommandTimeout='30']
SELECT MAX("t"."Position")
FROM "Tickets" AS "t"
WHERE "t"."Column" = @column
2026-06-20 15:00:37.169 +09:00 [INF] Executed DbCommand (2ms) [Parameters=[@p0='?' (Size = 32), @p1='?' (Size = 2), @p2='?' (Size = 2), @p3='?' (Size = 3), @p4='?' (Size = 2), @p5='?' (Size = 5), @p6='?' (DbType = Int32), @p7='?' (DbType = DateTime), @p8='?' (DbType = Int32), @p9='?' (DbType = Boolean), @p10='?' (DbType = Boolean), @p11='?' (Size = 2), @p12='?' (Size = 2), @p13='?', @p14='?', @p15='?' (DbType = Double), @p16='?', @p17='?' (DbType = Int32), @p18='?' (DbType = DateTime), @p19='?' (Size = 3)], CommandType='"Text"', CommandTimeout='30']
INSERT INTO "Tickets" ("TicketId", "Assignees", "AssigneesJson", "Category", "ChildTasksJson", "Column", "Effort", "EndDate", "Id", "IsEmergency", "IsLocked", "Labels", "LabelsJson", "MainAssignee", "Memo", "Position", "PreviousColumn", "Progress", "StartDate", "Title")
VALUES (@p0, @p1, @p2, @p3, @p4, @p5, @p6, @p7, @p8, @p9, @p10, @p11, @p12, @p13, @p14, @p15, @p16, @p17, @p18, @p19)
RETURNING "IsArchived";
2026-06-20 15:00:37.176 +09:00 [INF] Executed DbCommand (0ms) [Parameters=[@p0='?' (DbType = DateTime), @p1='?', @p2='?' (Size = 32), @p3='?' (Size = 7), @p4='?'], CommandType='"Text"', CommandTimeout='30']
INSERT INTO "TicketHistories" ("Date", "PreviousValue", "TicketId", "Type", "Value")
VALUES (@p0, @p1, @p2, @p3, @p4)
RETURNING "Id";
2026-06-20 15:00:37.200 +09:00 [INF] Executing CreatedAtActionResult, writing value of type 'KanbanServer.Models.Ticket'.
2026-06-20 15:00:37.210 +09:00 [INF] Executed action KanbanServer.Controllers.TicketsController.Create (KanbanServer) in 194.6928ms
2026-06-20 15:00:37.211 +09:00 [INF] Executed endpoint 'KanbanServer.Controllers.TicketsController.Create (KanbanServer)'
2026-06-20 15:00:37.212 +09:00 [INF] Request finished HTTP/1.1 POST http://localhost:5000/api/tickets - 201 null application/json; charset=utf-8 210.3784ms
2026-06-20 15:01:00.852 +09:00 [INF] Request starting HTTP/1.1 POST http://localhost:5000/api/tickets - application/json 206
2026-06-20 15:01:00.856 +09:00 [INF] CORS policy execution successful.
2026-06-20 15:01:00.858 +09:00 [INF] Executing endpoint 'KanbanServer.Controllers.TicketsController.Create (KanbanServer)'
2026-06-20 15:01:00.860 +09:00 [INF] Route matched with {action = "Create", controller = "Tickets"}. Executing controller action with signature System.Threading.Tasks.Task`1[Microsoft.AspNetCore.Mvc.ActionResult`1[KanbanServer.Models.Ticket]] Create(KanbanServer.Models.TicketDto) on controller KanbanServer.Controllers.TicketsController (KanbanServer).
2026-06-20 15:01:00.871 +09:00 [INF] Executed DbCommand (0ms) [Parameters=[], CommandType='"Text"', CommandTimeout='30']
SELECT MAX("t"."Id")
FROM "Tickets" AS "t"
2026-06-20 15:01:00.875 +09:00 [INF] Executed DbCommand (0ms) [Parameters=[@column='?' (Size = 4)], CommandType='"Text"', CommandTimeout='30']
SELECT MAX("t"."Position")
FROM "Tickets" AS "t"
WHERE "t"."Column" = @column
2026-06-20 15:01:00.879 +09:00 [INF] Executed DbCommand (0ms) [Parameters=[@p0='?' (Size = 32), @p1='?' (Size = 2), @p2='?' (Size = 2), @p3='?' (Size = 4), @p4='?' (Size = 2), @p5='?' (Size = 4), @p6='?' (DbType = Int32), @p7='?' (DbType = DateTime), @p8='?' (DbType = Int32), @p9='?' (DbType = Boolean), @p10='?' (DbType = Boolean), @p11='?' (Size = 2), @p12='?' (Size = 2), @p13='?', @p14='?', @p15='?' (DbType = Double), @p16='?', @p17='?' (DbType = Int32), @p18='?' (DbType = DateTime), @p19='?' (Size = 4)], CommandType='"Text"', CommandTimeout='30']
INSERT INTO "Tickets" ("TicketId", "Assignees", "AssigneesJson", "Category", "ChildTasksJson", "Column", "Effort", "EndDate", "Id", "IsEmergency", "IsLocked", "Labels", "LabelsJson", "MainAssignee", "Memo", "Position", "PreviousColumn", "Progress", "StartDate", "Title")
VALUES (@p0, @p1, @p2, @p3, @p4, @p5, @p6, @p7, @p8, @p9, @p10, @p11, @p12, @p13, @p14, @p15, @p16, @p17, @p18, @p19)
RETURNING "IsArchived";
2026-06-20 15:01:00.883 +09:00 [INF] Executed DbCommand (0ms) [Parameters=[@p0='?' (DbType = DateTime), @p1='?', @p2='?' (Size = 32), @p3='?' (Size = 7), @p4='?'], CommandType='"Text"', CommandTimeout='30']
INSERT INTO "TicketHistories" ("Date", "PreviousValue", "TicketId", "Type", "Value")
VALUES (@p0, @p1, @p2, @p3, @p4)
RETURNING "Id";
2026-06-20 15:01:00.896 +09:00 [INF] Executing CreatedAtActionResult, writing value of type 'KanbanServer.Models.Ticket'.
2026-06-20 15:01:00.899 +09:00 [INF] Executed action KanbanServer.Controllers.TicketsController.Create (KanbanServer) in 36.5913ms
2026-06-20 15:01:00.901 +09:00 [INF] Executed endpoint 'KanbanServer.Controllers.TicketsController.Create (KanbanServer)'
2026-06-20 15:01:00.903 +09:00 [INF] Request finished HTTP/1.1 POST http://localhost:5000/api/tickets - 201 null application/json; charset=utf-8 51.014ms
2026-06-20 15:01:06.293 +09:00 [INF] Request starting HTTP/1.1 PATCH http://localhost:5000/api/tickets/991cb4d6c0ec4644bcef2538ff5da047/column - application/json 33
2026-06-20 15:01:06.296 +09:00 [INF] CORS policy execution successful.
2026-06-20 15:01:06.297 +09:00 [INF] Executing endpoint 'KanbanServer.Controllers.TicketsController.UpdateColumn (KanbanServer)'
2026-06-20 15:01:06.306 +09:00 [INF] Route matched with {action = "UpdateColumn", controller = "Tickets"}. Executing controller action with signature System.Threading.Tasks.Task`1[Microsoft.AspNetCore.Mvc.IActionResult] UpdateColumn(System.String, KanbanServer.Models.ColumnUpdateDto) on controller KanbanServer.Controllers.TicketsController (KanbanServer).
2026-06-20 15:01:06.333 +09:00 [INF] Executed DbCommand (0ms) [Parameters=[@p='?' (Size = 32)], CommandType='"Text"', CommandTimeout='30']
SELECT "t"."TicketId", "t"."Assignees", "t"."AssigneesJson", "t"."Category", "t"."ChildTasksJson", "t"."Column", "t"."Effort", "t"."EndDate", "t"."Id", "t"."IsArchived", "t"."IsEmergency", "t"."IsLocked", "t"."Labels", "t"."LabelsJson", "t"."MainAssignee", "t"."Memo", "t"."Position", "t"."PreviousColumn", "t"."Progress", "t"."StartDate", "t"."Title"
FROM "Tickets" AS "t"
WHERE "t"."TicketId" = @p
LIMIT 1
2026-06-20 15:01:06.358 +09:00 [INF] Executed DbCommand (0ms) [Parameters=[@newColumn='?' (Size = 4), @ticketId='?' (Size = 32)], CommandType='"Text"', CommandTimeout='30']
SELECT "t"."TicketId", "t"."Assignees", "t"."AssigneesJson", "t"."Category", "t"."ChildTasksJson", "t"."Column", "t"."Effort", "t"."EndDate", "t"."Id", "t"."IsArchived", "t"."IsEmergency", "t"."IsLocked", "t"."Labels", "t"."LabelsJson", "t"."MainAssignee", "t"."Memo", "t"."Position", "t"."PreviousColumn", "t"."Progress", "t"."StartDate", "t"."Title"
FROM "Tickets" AS "t"
WHERE "t"."Column" = @newColumn AND "t"."TicketId" <> @ticketId
ORDER BY "t"."Position", "t"."Id"
2026-06-20 15:01:06.391 +09:00 [INF] Executed DbCommand (0ms) [Parameters=[@newColumn='?' (Size = 4), @ticketId='?' (Size = 32), @newPos='?' (DbType = Double)], CommandType='"Text"', CommandTimeout='30']
SELECT EXISTS (
    SELECT 1
    FROM "Tickets" AS "t"
    WHERE "t"."Column" = @newColumn AND "t"."TicketId" <> @ticketId AND abs("t"."Position" - @newPos) < 100.0)
2026-06-20 15:01:06.400 +09:00 [INF] Executed DbCommand (0ms) [Parameters=[@p1='?' (Size = 32), @p0='?' (DbType = Double)], CommandType='"Text"', CommandTimeout='30']
UPDATE "Tickets" SET "Position" = @p0
WHERE "TicketId" = @p1
RETURNING 1;
2026-06-20 15:01:06.406 +09:00 [INF] Executing StatusCodeResult, setting HTTP status code 204
2026-06-20 15:01:06.406 +09:00 [INF] Executed action KanbanServer.Controllers.TicketsController.UpdateColumn (KanbanServer) in 98.5494ms
2026-06-20 15:01:06.407 +09:00 [INF] Executed endpoint 'KanbanServer.Controllers.TicketsController.UpdateColumn (KanbanServer)'
2026-06-20 15:01:06.407 +09:00 [INF] Request finished HTTP/1.1 PATCH http://localhost:5000/api/tickets/991cb4d6c0ec4644bcef2538ff5da047/column - 204 null null 113.7814ms
2026-06-20 15:01:06.409 +09:00 [INF] Request starting HTTP/1.1 GET http://localhost:5000/api/tickets - null null
2026-06-20 15:01:06.411 +09:00 [INF] Executing endpoint 'KanbanServer.Controllers.TicketsController.GetAll (KanbanServer)'
2026-06-20 15:01:06.411 +09:00 [INF] Route matched with {action = "GetAll", controller = "Tickets"}. Executing controller action with signature System.Threading.Tasks.Task`1[Microsoft.AspNetCore.Mvc.ActionResult`1[System.Collections.Generic.List`1[KanbanServer.Models.Ticket]]] GetAll() on controller KanbanServer.Controllers.TicketsController (KanbanServer).
2026-06-20 15:01:06.412 +09:00 [INF] Executed DbCommand (0ms) [Parameters=[], CommandType='"Text"', CommandTimeout='30']
SELECT "t"."TicketId", "t"."Assignees", "t"."AssigneesJson", "t"."Category", "t"."ChildTasksJson", "t"."Column", "t"."Effort", "t"."EndDate", "t"."Id", "t"."IsArchived", "t"."IsEmergency", "t"."IsLocked", "t"."Labels", "t"."LabelsJson", "t"."MainAssignee", "t"."Memo", "t"."Position", "t"."PreviousColumn", "t"."Progress", "t"."StartDate", "t"."Title"
FROM "Tickets" AS "t"
2026-06-20 15:01:06.421 +09:00 [INF] Executing OkObjectResult, writing value of type 'System.Collections.Generic.List`1[[KanbanServer.Models.Ticket, KanbanServer, Version=1.0.0.0, Culture=neutral, PublicKeyToken=null]]'.
2026-06-20 15:01:06.425 +09:00 [INF] Executed action KanbanServer.Controllers.TicketsController.GetAll (KanbanServer) in 13.4128ms
2026-06-20 15:01:06.426 +09:00 [INF] Executed endpoint 'KanbanServer.Controllers.TicketsController.GetAll (KanbanServer)'
2026-06-20 15:01:06.426 +09:00 [INF] Request finished HTTP/1.1 GET http://localhost:5000/api/tickets - 200 null application/json; charset=utf-8 17.2698ms
2026-06-20 15:09:20.411 +09:00 [INF] Executed DbCommand (7ms) [Parameters=[], CommandType='"Text"', CommandTimeout='30']
SELECT COUNT(*) FROM "sqlite_master" WHERE "type" = 'table' AND "rootpage" IS NOT NULL;
2026-06-20 15:09:20.500 +09:00 [WRN] Overriding address(es) 'http://localhost:5171'. Binding to endpoints defined via IConfiguration and/or UseKestrel() instead.
2026-06-20 15:09:20.508 +09:00 [INF] Now listening on: http://0.0.0.0:5000
2026-06-20 15:09:20.508 +09:00 [INF] Application started. Press Ctrl+C to shut down.
2026-06-20 15:09:20.509 +09:00 [INF] Hosting environment: Development
2026-06-20 15:09:20.509 +09:00 [INF] Content root path: C:\repos\mykanban
2026-06-20 15:10:39.636 +09:00 [INF] Request starting HTTP/1.1 GET http://localhost:5000/ - null null
2026-06-20 15:10:39.656 +09:00 [INF] Executing endpoint 'Fallback {*path:nonfile}'
2026-06-20 15:10:39.663 +09:00 [INF] Executed endpoint 'Fallback {*path:nonfile}'
2026-06-20 15:10:39.667 +09:00 [INF] Request finished HTTP/1.1 GET http://localhost:5000/ - 200 null text/html; charset=utf-8 32.0932ms
2026-06-20 15:10:39.675 +09:00 [INF] Request starting HTTP/1.1 GET http://localhost:5000/styles.css - null null
2026-06-20 15:10:39.685 +09:00 [INF] The file /styles.css was not modified
2026-06-20 15:10:39.686 +09:00 [INF] Request finished HTTP/1.1 GET http://localhost:5000/styles.css - 304 null text/css 12.0481ms
2026-06-20 15:10:39.748 +09:00 [INF] Request starting HTTP/1.1 GET http://localhost:5000/modules/renderer.js - null null
2026-06-20 15:10:39.754 +09:00 [INF] CORS policy execution successful.
2026-06-20 15:10:39.756 +09:00 [INF] The file /modules/renderer.js was not modified
2026-06-20 15:10:39.757 +09:00 [INF] Request finished HTTP/1.1 GET http://localhost:5000/modules/renderer.js - 304 null text/javascript 9.8467ms
2026-06-20 15:10:39.761 +09:00 [INF] Request starting HTTP/1.1 GET http://localhost:5000/modules/dragdrop.js - null null
2026-06-20 15:10:39.764 +09:00 [INF] CORS policy execution successful.
2026-06-20 15:10:39.771 +09:00 [INF] Sending file. Request path: '/modules/dragdrop.js'. Physical path: 'C:\repos\mykanban\bin\Debug\net10.0\wwwroot\modules\dragdrop.js'
2026-06-20 15:10:39.772 +09:00 [INF] Request finished HTTP/1.1 GET http://localhost:5000/modules/dragdrop.js - 200 7088 text/javascript 10.8206ms
2026-06-20 15:10:40.505 +09:00 [INF] Request starting HTTP/1.1 GET http://localhost:5000/ - null null
2026-06-20 15:10:40.507 +09:00 [INF] Executing endpoint 'Fallback {*path:nonfile}'
2026-06-20 15:10:40.508 +09:00 [INF] Executed endpoint 'Fallback {*path:nonfile}'
2026-06-20 15:10:40.509 +09:00 [INF] Request finished HTTP/1.1 GET http://localhost:5000/ - 200 null text/html; charset=utf-8 4.0195ms
2026-06-20 15:10:40.515 +09:00 [INF] Request starting HTTP/1.1 GET http://localhost:5000/styles.css - null null
2026-06-20 15:10:40.518 +09:00 [INF] Request starting HTTP/1.1 GET http://localhost:5000/app.js - null null
2026-06-20 15:10:40.520 +09:00 [INF] CORS policy execution successful.
2026-06-20 15:10:40.522 +09:00 [INF] Sending file. Request path: '/styles.css'. Physical path: 'C:\repos\mykanban\bin\Debug\net10.0\wwwroot\styles.css'
2026-06-20 15:10:40.522 +09:00 [INF] Sending file. Request path: '/app.js'. Physical path: 'C:\repos\mykanban\bin\Debug\net10.0\wwwroot\app.js'
2026-06-20 15:10:40.524 +09:00 [INF] Request finished HTTP/1.1 GET http://localhost:5000/styles.css - 200 59852 text/css 8.9931ms
2026-06-20 15:10:40.524 +09:00 [INF] Request finished HTTP/1.1 GET http://localhost:5000/app.js - 200 23659 text/javascript 6.4176ms
2026-06-20 15:10:40.530 +09:00 [INF] Request starting HTTP/1.1 GET http://localhost:5000/modules/state.js - null null
2026-06-20 15:10:40.530 +09:00 [INF] Request starting HTTP/1.1 GET http://localhost:5000/modules/renderer.js - null null
2026-06-20 15:10:40.530 +09:00 [INF] Request starting HTTP/1.1 GET http://localhost:5000/modules/api.js - null null
2026-06-20 15:10:40.535 +09:00 [INF] CORS policy execution successful.
2026-06-20 15:10:40.535 +09:00 [INF] CORS policy execution successful.
2026-06-20 15:10:40.535 +09:00 [INF] CORS policy execution successful.
2026-06-20 15:10:40.537 +09:00 [INF] Sending file. Request path: '/modules/state.js'. Physical path: 'C:\repos\mykanban\bin\Debug\net10.0\wwwroot\modules\state.js'
2026-06-20 15:10:40.539 +09:00 [INF] Sending file. Request path: '/modules/renderer.js'. Physical path: 'C:\repos\mykanban\bin\Debug\net10.0\wwwroot\modules\renderer.js'
2026-06-20 15:10:40.539 +09:00 [INF] Sending file. Request path: '/modules/api.js'. Physical path: 'C:\repos\mykanban\bin\Debug\net10.0\wwwroot\modules\api.js'
2026-06-20 15:10:40.541 +09:00 [INF] Request finished HTTP/1.1 GET http://localhost:5000/modules/api.js - 200 6109 text/javascript 11.2053ms
2026-06-20 15:10:40.541 +09:00 [INF] Request finished HTTP/1.1 GET http://localhost:5000/modules/state.js - 200 20762 text/javascript 11.1922ms
2026-06-20 15:10:40.541 +09:00 [INF] Request finished HTTP/1.1 GET http://localhost:5000/modules/renderer.js - 200 29602 text/javascript 11.2241ms
2026-06-20 15:10:40.548 +09:00 [INF] Request starting HTTP/1.1 GET http://localhost:5000/modules/labels.js - null null
2026-06-20 15:10:40.548 +09:00 [INF] Request starting HTTP/1.1 GET http://localhost:5000/modules/dragdrop.js - null null
2026-06-20 15:10:40.548 +09:00 [INF] Request starting HTTP/1.1 GET http://localhost:5000/modules/modal.js - null null
2026-06-20 15:10:40.553 +09:00 [INF] CORS policy execution successful.
2026-06-20 15:10:40.553 +09:00 [INF] CORS policy execution successful.
2026-06-20 15:10:40.553 +09:00 [INF] CORS policy execution successful.
2026-06-20 15:10:40.555 +09:00 [INF] Sending file. Request path: '/modules/dragdrop.js'. Physical path: 'C:\repos\mykanban\bin\Debug\net10.0\wwwroot\modules\dragdrop.js'
2026-06-20 15:10:40.557 +09:00 [INF] Sending file. Request path: '/modules/modal.js'. Physical path: 'C:\repos\mykanban\bin\Debug\net10.0\wwwroot\modules\modal.js'
2026-06-20 15:10:40.557 +09:00 [INF] Sending file. Request path: '/modules/labels.js'. Physical path: 'C:\repos\mykanban\bin\Debug\net10.0\wwwroot\modules\labels.js'
2026-06-20 15:10:40.557 +09:00 [INF] Request finished HTTP/1.1 GET http://localhost:5000/modules/dragdrop.js - 200 7088 text/javascript 8.8387ms
2026-06-20 15:10:40.562 +09:00 [INF] Request finished HTTP/1.1 GET http://localhost:5000/modules/modal.js - 200 18173 text/javascript 13.5818ms
2026-06-20 15:10:40.562 +09:00 [INF] Request finished HTTP/1.1 GET http://localhost:5000/modules/labels.js - 200 5192 text/javascript 13.6029ms
2026-06-20 15:10:40.566 +09:00 [INF] Request starting HTTP/1.1 GET http://localhost:5000/modules/assignees.js - null null
2026-06-20 15:10:40.568 +09:00 [INF] Request starting HTTP/1.1 GET http://localhost:5000/modules/childtasks.js - null null
2026-06-20 15:10:40.571 +09:00 [INF] Request starting HTTP/1.1 GET http://localhost:5000/modules/history.js - null null
2026-06-20 15:10:40.573 +09:00 [INF] CORS policy execution successful.
2026-06-20 15:10:40.573 +09:00 [INF] CORS policy execution successful.
2026-06-20 15:10:40.574 +09:00 [INF] CORS policy execution successful.
2026-06-20 15:10:40.575 +09:00 [INF] Sending file. Request path: '/modules/childtasks.js'. Physical path: 'C:\repos\mykanban\bin\Debug\net10.0\wwwroot\modules\childtasks.js'
2026-06-20 15:10:40.576 +09:00 [INF] Sending file. Request path: '/modules/assignees.js'. Physical path: 'C:\repos\mykanban\bin\Debug\net10.0\wwwroot\modules\assignees.js'
2026-06-20 15:10:40.576 +09:00 [INF] Request finished HTTP/1.1 GET http://localhost:5000/modules/childtasks.js - 200 11906 text/javascript 8.0918ms
2026-06-20 15:10:40.581 +09:00 [INF] Sending file. Request path: '/modules/history.js'. Physical path: 'C:\repos\mykanban\bin\Debug\net10.0\wwwroot\modules\history.js'
2026-06-20 15:10:40.582 +09:00 [INF] Request finished HTTP/1.1 GET http://localhost:5000/modules/assignees.js - 200 8700 text/javascript 14.4115ms
2026-06-20 15:10:40.582 +09:00 [INF] Request finished HTTP/1.1 GET http://localhost:5000/modules/history.js - 200 9423 text/javascript 11.3357ms
2026-06-20 15:10:40.582 +09:00 [INF] Request starting HTTP/1.1 GET http://localhost:5000/modules/actual.js - null null
2026-06-20 15:10:40.589 +09:00 [INF] Request starting HTTP/1.1 GET http://localhost:5000/modules/filter.js - null null
2026-06-20 15:10:40.589 +09:00 [INF] Request starting HTTP/1.1 GET http://localhost:5000/modules/archive.js - null null
2026-06-20 15:10:40.593 +09:00 [INF] CORS policy execution successful.
2026-06-20 15:10:40.594 +09:00 [INF] CORS policy execution successful.
2026-06-20 15:10:40.594 +09:00 [INF] CORS policy execution successful.
2026-06-20 15:10:40.596 +09:00 [INF] Sending file. Request path: '/modules/archive.js'. Physical path: 'C:\repos\mykanban\bin\Debug\net10.0\wwwroot\modules\archive.js'
2026-06-20 15:10:40.596 +09:00 [INF] Sending file. Request path: '/modules/actual.js'. Physical path: 'C:\repos\mykanban\bin\Debug\net10.0\wwwroot\modules\actual.js'
2026-06-20 15:10:40.596 +09:00 [INF] Sending file. Request path: '/modules/filter.js'. Physical path: 'C:\repos\mykanban\bin\Debug\net10.0\wwwroot\modules\filter.js'
2026-06-20 15:10:40.600 +09:00 [INF] Request finished HTTP/1.1 GET http://localhost:5000/modules/actual.js - 200 11688 text/javascript 17.8809ms
2026-06-20 15:10:40.600 +09:00 [INF] Request finished HTTP/1.1 GET http://localhost:5000/modules/archive.js - 200 944 text/javascript 10.642ms
2026-06-20 15:10:40.600 +09:00 [INF] Request finished HTTP/1.1 GET http://localhost:5000/modules/filter.js - 200 7563 text/javascript 10.6558ms
2026-06-20 15:10:40.607 +09:00 [INF] Request starting HTTP/1.1 GET http://localhost:5000/modules/auth.js - null null
2026-06-20 15:10:40.607 +09:00 [INF] Request starting HTTP/1.1 GET http://localhost:5000/modules/memo.js - null null
2026-06-20 15:10:40.612 +09:00 [INF] Request starting HTTP/1.1 GET http://localhost:5000/modules/settings.js - null null
2026-06-20 15:10:40.613 +09:00 [INF] CORS policy execution successful.
2026-06-20 15:10:40.613 +09:00 [INF] CORS policy execution successful.
2026-06-20 15:10:40.613 +09:00 [INF] CORS policy execution successful.
2026-06-20 15:10:40.616 +09:00 [INF] Sending file. Request path: '/modules/memo.js'. Physical path: 'C:\repos\mykanban\bin\Debug\net10.0\wwwroot\modules\memo.js'
2026-06-20 15:10:40.617 +09:00 [INF] Sending file. Request path: '/modules/auth.js'. Physical path: 'C:\repos\mykanban\bin\Debug\net10.0\wwwroot\modules\auth.js'
2026-06-20 15:10:40.617 +09:00 [INF] Sending file. Request path: '/modules/settings.js'. Physical path: 'C:\repos\mykanban\bin\Debug\net10.0\wwwroot\modules\settings.js'
2026-06-20 15:10:40.617 +09:00 [INF] Request finished HTTP/1.1 GET http://localhost:5000/modules/memo.js - 200 3562 text/javascript 9.6292ms
2026-06-20 15:10:40.622 +09:00 [INF] Request finished HTTP/1.1 GET http://localhost:5000/modules/auth.js - 200 4113 text/javascript 10.7298ms
2026-06-20 15:10:40.622 +09:00 [INF] Request finished HTTP/1.1 GET http://localhost:5000/modules/settings.js - 200 28809 text/javascript 10.325ms
2026-06-20 15:10:40.627 +09:00 [INF] Request starting HTTP/1.1 GET http://localhost:5000/modules/logger.js - null null
2026-06-20 15:10:40.627 +09:00 [INF] Request starting HTTP/1.1 GET http://localhost:5000/modules/charts.js - null null
2026-06-20 15:10:40.629 +09:00 [INF] Request starting HTTP/1.1 GET http://localhost:5000/modules/ticketService.js - null null
2026-06-20 15:10:40.633 +09:00 [INF] CORS policy execution successful.
2026-06-20 15:10:40.634 +09:00 [INF] CORS policy execution successful.
2026-06-20 15:10:40.633 +09:00 [INF] CORS policy execution successful.
2026-06-20 15:10:40.635 +09:00 [INF] Sending file. Request path: '/modules/logger.js'. Physical path: 'C:\repos\mykanban\bin\Debug\net10.0\wwwroot\modules\logger.js'
2026-06-20 15:10:40.635 +09:00 [INF] Sending file. Request path: '/modules/ticketService.js'. Physical path: 'C:\repos\mykanban\bin\Debug\net10.0\wwwroot\modules\ticketService.js'
2026-06-20 15:10:40.637 +09:00 [INF] Sending file. Request path: '/modules/charts.js'. Physical path: 'C:\repos\mykanban\bin\Debug\net10.0\wwwroot\modules\charts.js'
2026-06-20 15:10:40.638 +09:00 [INF] Request finished HTTP/1.1 GET http://localhost:5000/modules/ticketService.js - 200 1719 text/javascript 10.108ms
2026-06-20 15:10:40.638 +09:00 [INF] Request finished HTTP/1.1 GET http://localhost:5000/modules/logger.js - 200 6900 text/javascript 10.1504ms
2026-06-20 15:10:40.638 +09:00 [INF] Request finished HTTP/1.1 GET http://localhost:5000/modules/charts.js - 200 46291 text/javascript 10.7311ms
2026-06-20 15:10:40.645 +09:00 [INF] Request starting HTTP/1.1 GET http://localhost:5000/favicon.ico - null null
2026-06-20 15:10:40.647 +09:00 [INF] Request finished HTTP/1.1 GET http://localhost:5000/favicon.ico - 404 0 null 1.5763ms
2026-06-20 15:10:40.648 +09:00 [INF] Request reached the end of the middleware pipeline without being handled by application code. Request path: GET http://localhost:5000/favicon.ico, Response status code: 404
2026-06-20 15:10:41.638 +09:00 [INF] Request starting HTTP/1.1 POST http://localhost:5000/api/auth/login - application/json 38
2026-06-20 15:10:41.644 +09:00 [INF] CORS policy execution successful.
2026-06-20 15:10:41.646 +09:00 [INF] Executing endpoint 'KanbanServer.Controllers.AuthController.Login (KanbanServer)'
2026-06-20 15:10:41.658 +09:00 [INF] Route matched with {action = "Login", controller = "Auth"}. Executing controller action with signature Microsoft.AspNetCore.Mvc.IActionResult Login(LoginRequest) on controller KanbanServer.Controllers.AuthController (KanbanServer).
2026-06-20 15:10:41.683 +09:00 [INF] Executing OkObjectResult, writing value of type '<>f__AnonymousType1`3[[System.String, System.Private.CoreLib, Version=10.0.0.0, Culture=neutral, PublicKeyToken=7cec85d7bea7798e],[System.Boolean, System.Private.CoreLib, Version=10.0.0.0, Culture=neutral, PublicKeyToken=7cec85d7bea7798e],[System.String, System.Private.CoreLib, Version=10.0.0.0, Culture=neutral, PublicKeyToken=7cec85d7bea7798e]]'.
2026-06-20 15:10:41.690 +09:00 [INF] Executed action KanbanServer.Controllers.AuthController.Login (KanbanServer) in 28.3753ms
2026-06-20 15:10:41.692 +09:00 [INF] Executed endpoint 'KanbanServer.Controllers.AuthController.Login (KanbanServer)'
2026-06-20 15:10:41.693 +09:00 [INF] Request finished HTTP/1.1 POST http://localhost:5000/api/auth/login - 200 null application/json; charset=utf-8 54.5167ms
2026-06-20 15:10:41.696 +09:00 [INF] Request starting HTTP/1.1 GET http://localhost:5000/api/settings - null null
2026-06-20 15:10:41.699 +09:00 [INF] Executing endpoint 'KanbanServer.Controllers.SettingsController.Get (KanbanServer)'
2026-06-20 15:10:41.705 +09:00 [INF] Route matched with {action = "Get", controller = "Settings"}. Executing controller action with signature System.Threading.Tasks.Task`1[Microsoft.AspNetCore.Mvc.ActionResult`1[KanbanServer.Models.Setting]] Get() on controller KanbanServer.Controllers.SettingsController (KanbanServer).
2026-06-20 15:10:41.817 +09:00 [WRN] The query uses the 'First'/'FirstOrDefault' operator without 'OrderBy' and filter operators. This may lead to unpredictable results.
2026-06-20 15:10:42.015 +09:00 [INF] Executed DbCommand (1ms) [Parameters=[], CommandType='"Text"', CommandTimeout='30']
SELECT "s"."Id", "s"."Holidays", "s"."HolidaysJson", "s"."LabelsJson", "s"."Users", "s"."UsersJson"
FROM "Settings" AS "s"
LIMIT 1
2026-06-20 15:10:42.053 +09:00 [INF] Executing OkObjectResult, writing value of type 'KanbanServer.Models.Setting'.
2026-06-20 15:10:42.057 +09:00 [INF] Executed action KanbanServer.Controllers.SettingsController.Get (KanbanServer) in 350.4396ms
2026-06-20 15:10:42.058 +09:00 [INF] Executed endpoint 'KanbanServer.Controllers.SettingsController.Get (KanbanServer)'
2026-06-20 15:10:42.060 +09:00 [INF] Request starting HTTP/1.1 GET http://localhost:5000/api/tickets/labels/suggest - null null
2026-06-20 15:10:42.060 +09:00 [INF] Request starting HTTP/1.1 GET http://localhost:5000/api/tickets/assignees/suggest - null null
2026-06-20 15:10:42.062 +09:00 [INF] Request finished HTTP/1.1 GET http://localhost:5000/api/settings - 200 null application/json; charset=utf-8 366.5657ms
2026-06-20 15:10:42.063 +09:00 [INF] Request starting HTTP/1.1 GET http://localhost:5000/api/tickets - null null
2026-06-20 15:10:42.064 +09:00 [INF] Executing endpoint 'KanbanServer.Controllers.TicketsController.GetLabelsSuggest (KanbanServer)'
2026-06-20 15:10:42.064 +09:00 [INF] Executing endpoint 'KanbanServer.Controllers.TicketsController.GetAssigneesSuggest (KanbanServer)'
2026-06-20 15:10:42.065 +09:00 [INF] Executing endpoint 'KanbanServer.Controllers.TicketsController.GetAll (KanbanServer)'
2026-06-20 15:10:42.069 +09:00 [INF] Route matched with {action = "GetLabelsSuggest", controller = "Tickets"}. Executing controller action with signature System.Threading.Tasks.Task`1[Microsoft.AspNetCore.Mvc.ActionResult`1[System.Collections.Generic.List`1[KanbanServer.Models.LabelSuggestDto]]] GetLabelsSuggest() on controller KanbanServer.Controllers.TicketsController (KanbanServer).
2026-06-20 15:10:42.070 +09:00 [INF] Route matched with {action = "GetAll", controller = "Tickets"}. Executing controller action with signature System.Threading.Tasks.Task`1[Microsoft.AspNetCore.Mvc.ActionResult`1[System.Collections.Generic.List`1[KanbanServer.Models.Ticket]]] GetAll() on controller KanbanServer.Controllers.TicketsController (KanbanServer).
2026-06-20 15:10:42.070 +09:00 [INF] Route matched with {action = "GetAssigneesSuggest", controller = "Tickets"}. Executing controller action with signature System.Threading.Tasks.Task`1[Microsoft.AspNetCore.Mvc.ActionResult`1[System.Collections.Generic.List`1[System.String]]] GetAssigneesSuggest() on controller KanbanServer.Controllers.TicketsController (KanbanServer).
2026-06-20 15:10:42.129 +09:00 [INF] Executed DbCommand (0ms) [Parameters=[], CommandType='"Text"', CommandTimeout='30']
SELECT "s"."Id", "s"."Holidays", "s"."HolidaysJson", "s"."LabelsJson", "s"."Users", "s"."UsersJson"
FROM "Settings" AS "s"
LIMIT 1
2026-06-20 15:10:42.137 +09:00 [INF] Executed DbCommand (0ms) [Parameters=[], CommandType='"Text"', CommandTimeout='30']
SELECT "t"."TicketId", "t"."Assignees", "t"."AssigneesJson", "t"."Category", "t"."ChildTasksJson", "t"."Column", "t"."Effort", "t"."EndDate", "t"."Id", "t"."IsArchived", "t"."IsEmergency", "t"."IsLocked", "t"."Labels", "t"."LabelsJson", "t"."MainAssignee", "t"."Memo", "t"."Position", "t"."PreviousColumn", "t"."Progress", "t"."StartDate", "t"."Title"
FROM "Tickets" AS "t"
2026-06-20 15:10:42.139 +09:00 [INF] Executed DbCommand (9ms) [Parameters=[], CommandType='"Text"', CommandTimeout='30']
SELECT "s"."Id", "s"."Holidays", "s"."HolidaysJson", "s"."LabelsJson", "s"."Users", "s"."UsersJson"
FROM "Settings" AS "s"
LIMIT 1
2026-06-20 15:10:42.163 +09:00 [INF] Executed DbCommand (0ms) [Parameters=[], CommandType='"Text"', CommandTimeout='30']
SELECT "t"."TicketId", "t"."Assignees", "t"."AssigneesJson", "t"."Category", "t"."ChildTasksJson", "t"."Column", "t"."Effort", "t"."EndDate", "t"."Id", "t"."IsArchived", "t"."IsEmergency", "t"."IsLocked", "t"."Labels", "t"."LabelsJson", "t"."MainAssignee", "t"."Memo", "t"."Position", "t"."PreviousColumn", "t"."Progress", "t"."StartDate", "t"."Title"
FROM "Tickets" AS "t"
WHERE length("t"."LabelsJson") > 2
2026-06-20 15:10:42.164 +09:00 [INF] Executed DbCommand (1ms) [Parameters=[], CommandType='"Text"', CommandTimeout='30']
SELECT "t"."TicketId", "t"."Assignees", "t"."AssigneesJson", "t"."Category", "t"."ChildTasksJson", "t"."Column", "t"."Effort", "t"."EndDate", "t"."Id", "t"."IsArchived", "t"."IsEmergency", "t"."IsLocked", "t"."Labels", "t"."LabelsJson", "t"."MainAssignee", "t"."Memo", "t"."Position", "t"."PreviousColumn", "t"."Progress", "t"."StartDate", "t"."Title"
FROM "Tickets" AS "t"
WHERE length("t"."AssigneesJson") > 2
2026-06-20 15:10:42.173 +09:00 [INF] Executing OkObjectResult, writing value of type 'System.Collections.Generic.List`1[[System.String, System.Private.CoreLib, Version=10.0.0.0, Culture=neutral, PublicKeyToken=7cec85d7bea7798e]]'.
2026-06-20 15:10:42.174 +09:00 [INF] Executing OkObjectResult, writing value of type 'System.Collections.Generic.List`1[[KanbanServer.Models.LabelSuggestDto, KanbanServer, Version=1.0.0.0, Culture=neutral, PublicKeyToken=null]]'.
2026-06-20 15:10:42.175 +09:00 [INF] Executed action KanbanServer.Controllers.TicketsController.GetAssigneesSuggest (KanbanServer) in 104.2963ms
2026-06-20 15:10:42.175 +09:00 [INF] Executed endpoint 'KanbanServer.Controllers.TicketsController.GetAssigneesSuggest (KanbanServer)'
2026-06-20 15:10:42.176 +09:00 [INF] Executed action KanbanServer.Controllers.TicketsController.GetLabelsSuggest (KanbanServer) in 106.4311ms
2026-06-20 15:10:42.177 +09:00 [INF] Executed endpoint 'KanbanServer.Controllers.TicketsController.GetLabelsSuggest (KanbanServer)'
2026-06-20 15:10:42.177 +09:00 [INF] Request finished HTTP/1.1 GET http://localhost:5000/api/tickets/assignees/suggest - 200 null application/json; charset=utf-8 117.0592ms
2026-06-20 15:10:42.177 +09:00 [INF] Request finished HTTP/1.1 GET http://localhost:5000/api/tickets/labels/suggest - 200 null application/json; charset=utf-8 117.0651ms
2026-06-20 15:10:42.183 +09:00 [INF] Executing OkObjectResult, writing value of type 'System.Collections.Generic.List`1[[KanbanServer.Models.Ticket, KanbanServer, Version=1.0.0.0, Culture=neutral, PublicKeyToken=null]]'.
2026-06-20 15:10:42.197 +09:00 [INF] Executed action KanbanServer.Controllers.TicketsController.GetAll (KanbanServer) in 126.6876ms
2026-06-20 15:10:42.197 +09:00 [INF] Executed endpoint 'KanbanServer.Controllers.TicketsController.GetAll (KanbanServer)'
2026-06-20 15:10:42.198 +09:00 [INF] Request finished HTTP/1.1 GET http://localhost:5000/api/tickets - 200 null application/json; charset=utf-8 134.3232ms
2026-06-20 15:10:46.722 +09:00 [INF] Request starting HTTP/1.1 POST http://localhost:5000/api/tickets - application/json 213
2026-06-20 15:10:46.725 +09:00 [INF] CORS policy execution successful.
2026-06-20 15:10:46.726 +09:00 [INF] Executing endpoint 'KanbanServer.Controllers.TicketsController.Create (KanbanServer)'
2026-06-20 15:10:46.732 +09:00 [INF] Route matched with {action = "Create", controller = "Tickets"}. Executing controller action with signature System.Threading.Tasks.Task`1[Microsoft.AspNetCore.Mvc.ActionResult`1[KanbanServer.Models.Ticket]] Create(KanbanServer.Models.TicketDto) on controller KanbanServer.Controllers.TicketsController (KanbanServer).
2026-06-20 15:10:46.760 +09:00 [INF] Executed DbCommand (0ms) [Parameters=[], CommandType='"Text"', CommandTimeout='30']
SELECT MAX("t"."Id")
FROM "Tickets" AS "t"
2026-06-20 15:10:46.775 +09:00 [INF] Executed DbCommand (2ms) [Parameters=[@column='?' (Size = 5)], CommandType='"Text"', CommandTimeout='30']
SELECT MAX("t"."Position")
FROM "Tickets" AS "t"
WHERE "t"."Column" = @column
2026-06-20 15:10:46.868 +09:00 [INF] Executed DbCommand (1ms) [Parameters=[@p0='?' (Size = 32), @p1='?' (Size = 2), @p2='?' (Size = 2), @p3='?' (Size = 7), @p4='?' (Size = 2), @p5='?' (Size = 5), @p6='?' (DbType = Int32), @p7='?' (DbType = DateTime), @p8='?' (DbType = Int32), @p9='?' (DbType = Boolean), @p10='?' (DbType = Boolean), @p11='?' (Size = 2), @p12='?' (Size = 2), @p13='?', @p14='?', @p15='?' (DbType = Double), @p16='?', @p17='?' (DbType = Int32), @p18='?' (DbType = DateTime), @p19='?' (Size = 7)], CommandType='"Text"', CommandTimeout='30']
INSERT INTO "Tickets" ("TicketId", "Assignees", "AssigneesJson", "Category", "ChildTasksJson", "Column", "Effort", "EndDate", "Id", "IsEmergency", "IsLocked", "Labels", "LabelsJson", "MainAssignee", "Memo", "Position", "PreviousColumn", "Progress", "StartDate", "Title")
VALUES (@p0, @p1, @p2, @p3, @p4, @p5, @p6, @p7, @p8, @p9, @p10, @p11, @p12, @p13, @p14, @p15, @p16, @p17, @p18, @p19)
RETURNING "IsArchived";
2026-06-20 15:10:46.876 +09:00 [INF] Executed DbCommand (0ms) [Parameters=[@p0='?' (DbType = DateTime), @p1='?', @p2='?' (Size = 32), @p3='?' (Size = 7), @p4='?'], CommandType='"Text"', CommandTimeout='30']
INSERT INTO "TicketHistories" ("Date", "PreviousValue", "TicketId", "Type", "Value")
VALUES (@p0, @p1, @p2, @p3, @p4)
RETURNING "Id";
2026-06-20 15:10:46.899 +09:00 [INF] Executing CreatedAtActionResult, writing value of type 'KanbanServer.Models.Ticket'.
2026-06-20 15:10:46.909 +09:00 [INF] Executed action KanbanServer.Controllers.TicketsController.Create (KanbanServer) in 175.9836ms
2026-06-20 15:10:46.910 +09:00 [INF] Executed endpoint 'KanbanServer.Controllers.TicketsController.Create (KanbanServer)'
2026-06-20 15:10:46.911 +09:00 [INF] Request finished HTTP/1.1 POST http://localhost:5000/api/tickets - 201 null application/json; charset=utf-8 188.8687ms
2026-06-20 15:10:50.264 +09:00 [INF] Request starting HTTP/1.1 PATCH http://localhost:5000/api/tickets/048bb089274440aa9f11cc0584377bc4/column - application/json 35
2026-06-20 15:10:50.267 +09:00 [INF] CORS policy execution successful.
2026-06-20 15:10:50.267 +09:00 [INF] Executing endpoint 'KanbanServer.Controllers.TicketsController.UpdateColumn (KanbanServer)'
2026-06-20 15:10:50.274 +09:00 [INF] Route matched with {action = "UpdateColumn", controller = "Tickets"}. Executing controller action with signature System.Threading.Tasks.Task`1[Microsoft.AspNetCore.Mvc.IActionResult] UpdateColumn(System.String, KanbanServer.Models.ColumnUpdateDto) on controller KanbanServer.Controllers.TicketsController (KanbanServer).
2026-06-20 15:10:50.300 +09:00 [INF] Executed DbCommand (0ms) [Parameters=[@p='?' (Size = 32)], CommandType='"Text"', CommandTimeout='30']
SELECT "t"."TicketId", "t"."Assignees", "t"."AssigneesJson", "t"."Category", "t"."ChildTasksJson", "t"."Column", "t"."Effort", "t"."EndDate", "t"."Id", "t"."IsArchived", "t"."IsEmergency", "t"."IsLocked", "t"."Labels", "t"."LabelsJson", "t"."MainAssignee", "t"."Memo", "t"."Position", "t"."PreviousColumn", "t"."Progress", "t"."StartDate", "t"."Title"
FROM "Tickets" AS "t"
WHERE "t"."TicketId" = @p
LIMIT 1
2026-06-20 15:10:50.320 +09:00 [INF] Executed DbCommand (0ms) [Parameters=[@newColumn='?' (Size = 5), @ticketId='?' (Size = 32)], CommandType='"Text"', CommandTimeout='30']
SELECT "t"."TicketId", "t"."Assignees", "t"."AssigneesJson", "t"."Category", "t"."ChildTasksJson", "t"."Column", "t"."Effort", "t"."EndDate", "t"."Id", "t"."IsArchived", "t"."IsEmergency", "t"."IsLocked", "t"."Labels", "t"."LabelsJson", "t"."MainAssignee", "t"."Memo", "t"."Position", "t"."PreviousColumn", "t"."Progress", "t"."StartDate", "t"."Title"
FROM "Tickets" AS "t"
WHERE "t"."Column" = @newColumn AND "t"."TicketId" <> @ticketId
ORDER BY "t"."Position", "t"."Id"
2026-06-20 15:10:50.336 +09:00 [INF] Executed DbCommand (0ms) [Parameters=[@newColumn='?' (Size = 5), @ticketId='?' (Size = 32), @newPos='?' (DbType = Double)], CommandType='"Text"', CommandTimeout='30']
SELECT EXISTS (
    SELECT 1
    FROM "Tickets" AS "t"
    WHERE "t"."Column" = @newColumn AND "t"."TicketId" <> @ticketId AND abs("t"."Position" - @newPos) < 100.0)
2026-06-20 15:10:50.341 +09:00 [INF] Executed DbCommand (0ms) [Parameters=[@p1='?' (Size = 32), @p0='?' (DbType = Double)], CommandType='"Text"', CommandTimeout='30']
UPDATE "Tickets" SET "Position" = @p0
WHERE "TicketId" = @p1
RETURNING 1;
2026-06-20 15:10:50.356 +09:00 [INF] Executing StatusCodeResult, setting HTTP status code 204
2026-06-20 15:10:50.356 +09:00 [INF] Executed action KanbanServer.Controllers.TicketsController.UpdateColumn (KanbanServer) in 80.1955ms
2026-06-20 15:10:50.357 +09:00 [INF] Executed endpoint 'KanbanServer.Controllers.TicketsController.UpdateColumn (KanbanServer)'
2026-06-20 15:10:50.357 +09:00 [INF] Request finished HTTP/1.1 PATCH http://localhost:5000/api/tickets/048bb089274440aa9f11cc0584377bc4/column - 204 null null 93.4692ms
2026-06-20 15:10:50.359 +09:00 [INF] Request starting HTTP/1.1 GET http://localhost:5000/api/tickets - null null
2026-06-20 15:10:50.359 +09:00 [INF] Executing endpoint 'KanbanServer.Controllers.TicketsController.GetAll (KanbanServer)'
2026-06-20 15:10:50.360 +09:00 [INF] Route matched with {action = "GetAll", controller = "Tickets"}. Executing controller action with signature System.Threading.Tasks.Task`1[Microsoft.AspNetCore.Mvc.ActionResult`1[System.Collections.Generic.List`1[KanbanServer.Models.Ticket]]] GetAll() on controller KanbanServer.Controllers.TicketsController (KanbanServer).
2026-06-20 15:10:50.361 +09:00 [INF] Executed DbCommand (0ms) [Parameters=[], CommandType='"Text"', CommandTimeout='30']
SELECT "t"."TicketId", "t"."Assignees", "t"."AssigneesJson", "t"."Category", "t"."ChildTasksJson", "t"."Column", "t"."Effort", "t"."EndDate", "t"."Id", "t"."IsArchived", "t"."IsEmergency", "t"."IsLocked", "t"."Labels", "t"."LabelsJson", "t"."MainAssignee", "t"."Memo", "t"."Position", "t"."PreviousColumn", "t"."Progress", "t"."StartDate", "t"."Title"
FROM "Tickets" AS "t"
2026-06-20 15:10:50.369 +09:00 [INF] Executing OkObjectResult, writing value of type 'System.Collections.Generic.List`1[[KanbanServer.Models.Ticket, KanbanServer, Version=1.0.0.0, Culture=neutral, PublicKeyToken=null]]'.
2026-06-20 15:10:50.371 +09:00 [INF] Executed action KanbanServer.Controllers.TicketsController.GetAll (KanbanServer) in 10.6532ms
2026-06-20 15:10:50.373 +09:00 [INF] Executed endpoint 'KanbanServer.Controllers.TicketsController.GetAll (KanbanServer)'
2026-06-20 15:10:50.374 +09:00 [INF] Request finished HTTP/1.1 GET http://localhost:5000/api/tickets - 200 null application/json; charset=utf-8 15.0197ms
2026-06-20 15:10:52.310 +09:00 [INF] Request starting HTTP/1.1 PATCH http://localhost:5000/api/tickets/048bb089274440aa9f11cc0584377bc4/column - application/json 35
2026-06-20 15:10:52.314 +09:00 [INF] CORS policy execution successful.
2026-06-20 15:10:52.314 +09:00 [INF] Executing endpoint 'KanbanServer.Controllers.TicketsController.UpdateColumn (KanbanServer)'
2026-06-20 15:10:52.315 +09:00 [INF] Route matched with {action = "UpdateColumn", controller = "Tickets"}. Executing controller action with signature System.Threading.Tasks.Task`1[Microsoft.AspNetCore.Mvc.IActionResult] UpdateColumn(System.String, KanbanServer.Models.ColumnUpdateDto) on controller KanbanServer.Controllers.TicketsController (KanbanServer).
2026-06-20 15:10:52.319 +09:00 [INF] Executed DbCommand (0ms) [Parameters=[@p='?' (Size = 32)], CommandType='"Text"', CommandTimeout='30']
SELECT "t"."TicketId", "t"."Assignees", "t"."AssigneesJson", "t"."Category", "t"."ChildTasksJson", "t"."Column", "t"."Effort", "t"."EndDate", "t"."Id", "t"."IsArchived", "t"."IsEmergency", "t"."IsLocked", "t"."Labels", "t"."LabelsJson", "t"."MainAssignee", "t"."Memo", "t"."Position", "t"."PreviousColumn", "t"."Progress", "t"."StartDate", "t"."Title"
FROM "Tickets" AS "t"
WHERE "t"."TicketId" = @p
LIMIT 1
2026-06-20 15:10:52.323 +09:00 [INF] Executed DbCommand (0ms) [Parameters=[@newColumn='?' (Size = 5), @ticketId='?' (Size = 32)], CommandType='"Text"', CommandTimeout='30']
SELECT "t"."TicketId", "t"."Assignees", "t"."AssigneesJson", "t"."Category", "t"."ChildTasksJson", "t"."Column", "t"."Effort", "t"."EndDate", "t"."Id", "t"."IsArchived", "t"."IsEmergency", "t"."IsLocked", "t"."Labels", "t"."LabelsJson", "t"."MainAssignee", "t"."Memo", "t"."Position", "t"."PreviousColumn", "t"."Progress", "t"."StartDate", "t"."Title"
FROM "Tickets" AS "t"
WHERE "t"."Column" = @newColumn AND "t"."TicketId" <> @ticketId
ORDER BY "t"."Position", "t"."Id"
2026-06-20 15:10:52.327 +09:00 [INF] Executed DbCommand (0ms) [Parameters=[@newColumn='?' (Size = 5), @ticketId='?' (Size = 32), @newPos='?' (DbType = Double)], CommandType='"Text"', CommandTimeout='30']
SELECT EXISTS (
    SELECT 1
    FROM "Tickets" AS "t"
    WHERE "t"."Column" = @newColumn AND "t"."TicketId" <> @ticketId AND abs("t"."Position" - @newPos) < 100.0)
2026-06-20 15:10:52.331 +09:00 [INF] Executed DbCommand (0ms) [Parameters=[@p1='?' (Size = 32), @p0='?' (DbType = Double)], CommandType='"Text"', CommandTimeout='30']
UPDATE "Tickets" SET "Position" = @p0
WHERE "TicketId" = @p1
RETURNING 1;
2026-06-20 15:10:52.344 +09:00 [INF] Executing StatusCodeResult, setting HTTP status code 204
2026-06-20 15:10:52.345 +09:00 [INF] Executed action KanbanServer.Controllers.TicketsController.UpdateColumn (KanbanServer) in 28.5581ms
2026-06-20 15:10:52.346 +09:00 [INF] Executed endpoint 'KanbanServer.Controllers.TicketsController.UpdateColumn (KanbanServer)'
2026-06-20 15:10:52.347 +09:00 [INF] Request finished HTTP/1.1 PATCH http://localhost:5000/api/tickets/048bb089274440aa9f11cc0584377bc4/column - 204 null null 36.8991ms
2026-06-20 15:10:52.349 +09:00 [INF] Request starting HTTP/1.1 GET http://localhost:5000/api/tickets - null null
2026-06-20 15:10:52.352 +09:00 [INF] Executing endpoint 'KanbanServer.Controllers.TicketsController.GetAll (KanbanServer)'
2026-06-20 15:10:52.352 +09:00 [INF] Route matched with {action = "GetAll", controller = "Tickets"}. Executing controller action with signature System.Threading.Tasks.Task`1[Microsoft.AspNetCore.Mvc.ActionResult`1[System.Collections.Generic.List`1[KanbanServer.Models.Ticket]]] GetAll() on controller KanbanServer.Controllers.TicketsController (KanbanServer).
2026-06-20 15:10:52.354 +09:00 [INF] Executed DbCommand (0ms) [Parameters=[], CommandType='"Text"', CommandTimeout='30']
SELECT "t"."TicketId", "t"."Assignees", "t"."AssigneesJson", "t"."Category", "t"."ChildTasksJson", "t"."Column", "t"."Effort", "t"."EndDate", "t"."Id", "t"."IsArchived", "t"."IsEmergency", "t"."IsLocked", "t"."Labels", "t"."LabelsJson", "t"."MainAssignee", "t"."Memo", "t"."Position", "t"."PreviousColumn", "t"."Progress", "t"."StartDate", "t"."Title"
FROM "Tickets" AS "t"
2026-06-20 15:10:52.362 +09:00 [INF] Executing OkObjectResult, writing value of type 'System.Collections.Generic.List`1[[KanbanServer.Models.Ticket, KanbanServer, Version=1.0.0.0, Culture=neutral, PublicKeyToken=null]]'.
2026-06-20 15:10:52.365 +09:00 [INF] Executed action KanbanServer.Controllers.TicketsController.GetAll (KanbanServer) in 11.5122ms
2026-06-20 15:10:52.366 +09:00 [INF] Executed endpoint 'KanbanServer.Controllers.TicketsController.GetAll (KanbanServer)'
2026-06-20 15:10:52.366 +09:00 [INF] Request finished HTTP/1.1 GET http://localhost:5000/api/tickets - 200 null application/json; charset=utf-8 17.1507ms
2026-06-20 15:10:53.373 +09:00 [INF] Request starting HTTP/1.1 PATCH http://localhost:5000/api/tickets/048bb089274440aa9f11cc0584377bc4/column - application/json 35
2026-06-20 15:10:53.375 +09:00 [INF] CORS policy execution successful.
2026-06-20 15:10:53.376 +09:00 [INF] Executing endpoint 'KanbanServer.Controllers.TicketsController.UpdateColumn (KanbanServer)'
2026-06-20 15:10:53.377 +09:00 [INF] Route matched with {action = "UpdateColumn", controller = "Tickets"}. Executing controller action with signature System.Threading.Tasks.Task`1[Microsoft.AspNetCore.Mvc.IActionResult] UpdateColumn(System.String, KanbanServer.Models.ColumnUpdateDto) on controller KanbanServer.Controllers.TicketsController (KanbanServer).
2026-06-20 15:10:53.380 +09:00 [INF] Executed DbCommand (0ms) [Parameters=[@p='?' (Size = 32)], CommandType='"Text"', CommandTimeout='30']
SELECT "t"."TicketId", "t"."Assignees", "t"."AssigneesJson", "t"."Category", "t"."ChildTasksJson", "t"."Column", "t"."Effort", "t"."EndDate", "t"."Id", "t"."IsArchived", "t"."IsEmergency", "t"."IsLocked", "t"."Labels", "t"."LabelsJson", "t"."MainAssignee", "t"."Memo", "t"."Position", "t"."PreviousColumn", "t"."Progress", "t"."StartDate", "t"."Title"
FROM "Tickets" AS "t"
WHERE "t"."TicketId" = @p
LIMIT 1
2026-06-20 15:10:53.383 +09:00 [INF] Executed DbCommand (0ms) [Parameters=[@newColumn='?' (Size = 5), @ticketId='?' (Size = 32)], CommandType='"Text"', CommandTimeout='30']
SELECT "t"."TicketId", "t"."Assignees", "t"."AssigneesJson", "t"."Category", "t"."ChildTasksJson", "t"."Column", "t"."Effort", "t"."EndDate", "t"."Id", "t"."IsArchived", "t"."IsEmergency", "t"."IsLocked", "t"."Labels", "t"."LabelsJson", "t"."MainAssignee", "t"."Memo", "t"."Position", "t"."PreviousColumn", "t"."Progress", "t"."StartDate", "t"."Title"
FROM "Tickets" AS "t"
WHERE "t"."Column" = @newColumn AND "t"."TicketId" <> @ticketId
ORDER BY "t"."Position", "t"."Id"
2026-06-20 15:10:53.386 +09:00 [INF] Executed DbCommand (0ms) [Parameters=[@newColumn='?' (Size = 5), @ticketId='?' (Size = 32), @newPos='?' (DbType = Double)], CommandType='"Text"', CommandTimeout='30']
SELECT EXISTS (
    SELECT 1
    FROM "Tickets" AS "t"
    WHERE "t"."Column" = @newColumn AND "t"."TicketId" <> @ticketId AND abs("t"."Position" - @newPos) < 100.0)
2026-06-20 15:10:53.388 +09:00 [INF] Executed DbCommand (0ms) [Parameters=[@p1='?' (Size = 32), @p0='?' (DbType = Double)], CommandType='"Text"', CommandTimeout='30']
UPDATE "Tickets" SET "Position" = @p0
WHERE "TicketId" = @p1
RETURNING 1;
2026-06-20 15:10:53.391 +09:00 [INF] Executing StatusCodeResult, setting HTTP status code 204
2026-06-20 15:10:53.392 +09:00 [INF] Executed action KanbanServer.Controllers.TicketsController.UpdateColumn (KanbanServer) in 12.5556ms
2026-06-20 15:10:53.393 +09:00 [INF] Executed endpoint 'KanbanServer.Controllers.TicketsController.UpdateColumn (KanbanServer)'
2026-06-20 15:10:53.394 +09:00 [INF] Request finished HTTP/1.1 PATCH http://localhost:5000/api/tickets/048bb089274440aa9f11cc0584377bc4/column - 204 null null 20.8502ms
2026-06-20 15:10:53.396 +09:00 [INF] Request starting HTTP/1.1 GET http://localhost:5000/api/tickets - null null
2026-06-20 15:10:53.398 +09:00 [INF] Executing endpoint 'KanbanServer.Controllers.TicketsController.GetAll (KanbanServer)'
2026-06-20 15:10:53.399 +09:00 [INF] Route matched with {action = "GetAll", controller = "Tickets"}. Executing controller action with signature System.Threading.Tasks.Task`1[Microsoft.AspNetCore.Mvc.ActionResult`1[System.Collections.Generic.List`1[KanbanServer.Models.Ticket]]] GetAll() on controller KanbanServer.Controllers.TicketsController (KanbanServer).
2026-06-20 15:10:53.401 +09:00 [INF] Executed DbCommand (0ms) [Parameters=[], CommandType='"Text"', CommandTimeout='30']
SELECT "t"."TicketId", "t"."Assignees", "t"."AssigneesJson", "t"."Category", "t"."ChildTasksJson", "t"."Column", "t"."Effort", "t"."EndDate", "t"."Id", "t"."IsArchived", "t"."IsEmergency", "t"."IsLocked", "t"."Labels", "t"."LabelsJson", "t"."MainAssignee", "t"."Memo", "t"."Position", "t"."PreviousColumn", "t"."Progress", "t"."StartDate", "t"."Title"
FROM "Tickets" AS "t"
2026-06-20 15:10:53.406 +09:00 [INF] Executing OkObjectResult, writing value of type 'System.Collections.Generic.List`1[[KanbanServer.Models.Ticket, KanbanServer, Version=1.0.0.0, Culture=neutral, PublicKeyToken=null]]'.
2026-06-20 15:10:53.409 +09:00 [INF] Executed action KanbanServer.Controllers.TicketsController.GetAll (KanbanServer) in 8.1762ms
2026-06-20 15:10:53.410 +09:00 [INF] Executed endpoint 'KanbanServer.Controllers.TicketsController.GetAll (KanbanServer)'
2026-06-20 15:10:53.411 +09:00 [INF] Request finished HTTP/1.1 GET http://localhost:5000/api/tickets - 200 null application/json; charset=utf-8 14.5008ms
2026-06-20 15:10:54.833 +09:00 [INF] Request starting HTTP/1.1 PATCH http://localhost:5000/api/tickets/048bb089274440aa9f11cc0584377bc4/column - application/json 35
2026-06-20 15:10:54.836 +09:00 [INF] CORS policy execution successful.
2026-06-20 15:10:54.836 +09:00 [INF] Executing endpoint 'KanbanServer.Controllers.TicketsController.UpdateColumn (KanbanServer)'
2026-06-20 15:10:54.837 +09:00 [INF] Route matched with {action = "UpdateColumn", controller = "Tickets"}. Executing controller action with signature System.Threading.Tasks.Task`1[Microsoft.AspNetCore.Mvc.IActionResult] UpdateColumn(System.String, KanbanServer.Models.ColumnUpdateDto) on controller KanbanServer.Controllers.TicketsController (KanbanServer).
2026-06-20 15:10:54.840 +09:00 [INF] Executed DbCommand (0ms) [Parameters=[@p='?' (Size = 32)], CommandType='"Text"', CommandTimeout='30']
SELECT "t"."TicketId", "t"."Assignees", "t"."AssigneesJson", "t"."Category", "t"."ChildTasksJson", "t"."Column", "t"."Effort", "t"."EndDate", "t"."Id", "t"."IsArchived", "t"."IsEmergency", "t"."IsLocked", "t"."Labels", "t"."LabelsJson", "t"."MainAssignee", "t"."Memo", "t"."Position", "t"."PreviousColumn", "t"."Progress", "t"."StartDate", "t"."Title"
FROM "Tickets" AS "t"
WHERE "t"."TicketId" = @p
LIMIT 1
2026-06-20 15:10:54.842 +09:00 [INF] Executed DbCommand (0ms) [Parameters=[@newColumn='?' (Size = 5), @ticketId='?' (Size = 32)], CommandType='"Text"', CommandTimeout='30']
SELECT "t"."TicketId", "t"."Assignees", "t"."AssigneesJson", "t"."Category", "t"."ChildTasksJson", "t"."Column", "t"."Effort", "t"."EndDate", "t"."Id", "t"."IsArchived", "t"."IsEmergency", "t"."IsLocked", "t"."Labels", "t"."LabelsJson", "t"."MainAssignee", "t"."Memo", "t"."Position", "t"."PreviousColumn", "t"."Progress", "t"."StartDate", "t"."Title"
FROM "Tickets" AS "t"
WHERE "t"."Column" = @newColumn AND "t"."TicketId" <> @ticketId
ORDER BY "t"."Position", "t"."Id"
2026-06-20 15:10:54.846 +09:00 [INF] Executed DbCommand (0ms) [Parameters=[@newColumn='?' (Size = 5), @ticketId='?' (Size = 32), @newPos='?' (DbType = Double)], CommandType='"Text"', CommandTimeout='30']
SELECT EXISTS (
    SELECT 1
    FROM "Tickets" AS "t"
    WHERE "t"."Column" = @newColumn AND "t"."TicketId" <> @ticketId AND abs("t"."Position" - @newPos) < 100.0)
2026-06-20 15:10:54.849 +09:00 [INF] Executed DbCommand (0ms) [Parameters=[@p1='?' (Size = 32), @p0='?' (DbType = Double)], CommandType='"Text"', CommandTimeout='30']
UPDATE "Tickets" SET "Position" = @p0
WHERE "TicketId" = @p1
RETURNING 1;
2026-06-20 15:10:54.852 +09:00 [INF] Executing StatusCodeResult, setting HTTP status code 204
2026-06-20 15:10:54.853 +09:00 [INF] Executed action KanbanServer.Controllers.TicketsController.UpdateColumn (KanbanServer) in 13.7857ms
2026-06-20 15:10:54.854 +09:00 [INF] Executed endpoint 'KanbanServer.Controllers.TicketsController.UpdateColumn (KanbanServer)'
2026-06-20 15:10:54.855 +09:00 [INF] Request finished HTTP/1.1 PATCH http://localhost:5000/api/tickets/048bb089274440aa9f11cc0584377bc4/column - 204 null null 21.2518ms
2026-06-20 15:10:54.857 +09:00 [INF] Request starting HTTP/1.1 GET http://localhost:5000/api/tickets - null null
2026-06-20 15:10:54.859 +09:00 [INF] Executing endpoint 'KanbanServer.Controllers.TicketsController.GetAll (KanbanServer)'
2026-06-20 15:10:54.860 +09:00 [INF] Route matched with {action = "GetAll", controller = "Tickets"}. Executing controller action with signature System.Threading.Tasks.Task`1[Microsoft.AspNetCore.Mvc.ActionResult`1[System.Collections.Generic.List`1[KanbanServer.Models.Ticket]]] GetAll() on controller KanbanServer.Controllers.TicketsController (KanbanServer).
2026-06-20 15:10:54.862 +09:00 [INF] Executed DbCommand (0ms) [Parameters=[], CommandType='"Text"', CommandTimeout='30']
SELECT "t"."TicketId", "t"."Assignees", "t"."AssigneesJson", "t"."Category", "t"."ChildTasksJson", "t"."Column", "t"."Effort", "t"."EndDate", "t"."Id", "t"."IsArchived", "t"."IsEmergency", "t"."IsLocked", "t"."Labels", "t"."LabelsJson", "t"."MainAssignee", "t"."Memo", "t"."Position", "t"."PreviousColumn", "t"."Progress", "t"."StartDate", "t"."Title"
FROM "Tickets" AS "t"
2026-06-20 15:10:54.872 +09:00 [INF] Executing OkObjectResult, writing value of type 'System.Collections.Generic.List`1[[KanbanServer.Models.Ticket, KanbanServer, Version=1.0.0.0, Culture=neutral, PublicKeyToken=null]]'.
2026-06-20 15:10:54.874 +09:00 [INF] Executed action KanbanServer.Controllers.TicketsController.GetAll (KanbanServer) in 13.0156ms
2026-06-20 15:10:54.875 +09:00 [INF] Executed endpoint 'KanbanServer.Controllers.TicketsController.GetAll (KanbanServer)'
2026-06-20 15:10:54.876 +09:00 [INF] Request finished HTTP/1.1 GET http://localhost:5000/api/tickets - 200 null application/json; charset=utf-8 19.318ms
2026-06-20 15:10:56.132 +09:00 [INF] Request starting HTTP/1.1 PATCH http://localhost:5000/api/tickets/048bb089274440aa9f11cc0584377bc4/column - application/json 35
2026-06-20 15:10:56.134 +09:00 [INF] CORS policy execution successful.
2026-06-20 15:10:56.135 +09:00 [INF] Executing endpoint 'KanbanServer.Controllers.TicketsController.UpdateColumn (KanbanServer)'
2026-06-20 15:10:56.136 +09:00 [INF] Route matched with {action = "UpdateColumn", controller = "Tickets"}. Executing controller action with signature System.Threading.Tasks.Task`1[Microsoft.AspNetCore.Mvc.IActionResult] UpdateColumn(System.String, KanbanServer.Models.ColumnUpdateDto) on controller KanbanServer.Controllers.TicketsController (KanbanServer).
2026-06-20 15:10:56.138 +09:00 [INF] Executed DbCommand (0ms) [Parameters=[@p='?' (Size = 32)], CommandType='"Text"', CommandTimeout='30']
SELECT "t"."TicketId", "t"."Assignees", "t"."AssigneesJson", "t"."Category", "t"."ChildTasksJson", "t"."Column", "t"."Effort", "t"."EndDate", "t"."Id", "t"."IsArchived", "t"."IsEmergency", "t"."IsLocked", "t"."Labels", "t"."LabelsJson", "t"."MainAssignee", "t"."Memo", "t"."Position", "t"."PreviousColumn", "t"."Progress", "t"."StartDate", "t"."Title"
FROM "Tickets" AS "t"
WHERE "t"."TicketId" = @p
LIMIT 1
2026-06-20 15:10:56.140 +09:00 [INF] Executed DbCommand (0ms) [Parameters=[@newColumn='?' (Size = 5), @ticketId='?' (Size = 32)], CommandType='"Text"', CommandTimeout='30']
SELECT "t"."TicketId", "t"."Assignees", "t"."AssigneesJson", "t"."Category", "t"."ChildTasksJson", "t"."Column", "t"."Effort", "t"."EndDate", "t"."Id", "t"."IsArchived", "t"."IsEmergency", "t"."IsLocked", "t"."Labels", "t"."LabelsJson", "t"."MainAssignee", "t"."Memo", "t"."Position", "t"."PreviousColumn", "t"."Progress", "t"."StartDate", "t"."Title"
FROM "Tickets" AS "t"
WHERE "t"."Column" = @newColumn AND "t"."TicketId" <> @ticketId
ORDER BY "t"."Position", "t"."Id"
2026-06-20 15:10:56.145 +09:00 [INF] Executed DbCommand (0ms) [Parameters=[@newColumn='?' (Size = 5), @ticketId='?' (Size = 32), @newPos='?' (DbType = Double)], CommandType='"Text"', CommandTimeout='30']
SELECT EXISTS (
    SELECT 1
    FROM "Tickets" AS "t"
    WHERE "t"."Column" = @newColumn AND "t"."TicketId" <> @ticketId AND abs("t"."Position" - @newPos) < 100.0)
2026-06-20 15:10:56.147 +09:00 [INF] Executing StatusCodeResult, setting HTTP status code 204
2026-06-20 15:10:56.148 +09:00 [INF] Executed action KanbanServer.Controllers.TicketsController.UpdateColumn (KanbanServer) in 10.5925ms
2026-06-20 15:10:56.149 +09:00 [INF] Executed endpoint 'KanbanServer.Controllers.TicketsController.UpdateColumn (KanbanServer)'
2026-06-20 15:10:56.150 +09:00 [INF] Request finished HTTP/1.1 PATCH http://localhost:5000/api/tickets/048bb089274440aa9f11cc0584377bc4/column - 204 null null 17.7026ms
2026-06-20 15:10:56.152 +09:00 [INF] Request starting HTTP/1.1 GET http://localhost:5000/api/tickets - null null
2026-06-20 15:10:56.154 +09:00 [INF] Executing endpoint 'KanbanServer.Controllers.TicketsController.GetAll (KanbanServer)'
2026-06-20 15:10:56.155 +09:00 [INF] Route matched with {action = "GetAll", controller = "Tickets"}. Executing controller action with signature System.Threading.Tasks.Task`1[Microsoft.AspNetCore.Mvc.ActionResult`1[System.Collections.Generic.List`1[KanbanServer.Models.Ticket]]] GetAll() on controller KanbanServer.Controllers.TicketsController (KanbanServer).
2026-06-20 15:10:56.157 +09:00 [INF] Executed DbCommand (0ms) [Parameters=[], CommandType='"Text"', CommandTimeout='30']
SELECT "t"."TicketId", "t"."Assignees", "t"."AssigneesJson", "t"."Category", "t"."ChildTasksJson", "t"."Column", "t"."Effort", "t"."EndDate", "t"."Id", "t"."IsArchived", "t"."IsEmergency", "t"."IsLocked", "t"."Labels", "t"."LabelsJson", "t"."MainAssignee", "t"."Memo", "t"."Position", "t"."PreviousColumn", "t"."Progress", "t"."StartDate", "t"."Title"
FROM "Tickets" AS "t"
2026-06-20 15:10:56.167 +09:00 [INF] Executing OkObjectResult, writing value of type 'System.Collections.Generic.List`1[[KanbanServer.Models.Ticket, KanbanServer, Version=1.0.0.0, Culture=neutral, PublicKeyToken=null]]'.
2026-06-20 15:10:56.169 +09:00 [INF] Executed action KanbanServer.Controllers.TicketsController.GetAll (KanbanServer) in 12.2138ms
2026-06-20 15:10:56.170 +09:00 [INF] Executed endpoint 'KanbanServer.Controllers.TicketsController.GetAll (KanbanServer)'
2026-06-20 15:10:56.171 +09:00 [INF] Request finished HTTP/1.1 GET http://localhost:5000/api/tickets - 200 null application/json; charset=utf-8 18.8318ms
2026-06-20 15:11:04.584 +09:00 [INF] Request starting HTTP/1.1 PATCH http://localhost:5000/api/tickets/048bb089274440aa9f11cc0584377bc4/column - application/json 35
2026-06-20 15:11:04.586 +09:00 [INF] CORS policy execution successful.
2026-06-20 15:11:04.587 +09:00 [INF] Executing endpoint 'KanbanServer.Controllers.TicketsController.UpdateColumn (KanbanServer)'
2026-06-20 15:11:04.588 +09:00 [INF] Route matched with {action = "UpdateColumn", controller = "Tickets"}. Executing controller action with signature System.Threading.Tasks.Task`1[Microsoft.AspNetCore.Mvc.IActionResult] UpdateColumn(System.String, KanbanServer.Models.ColumnUpdateDto) on controller KanbanServer.Controllers.TicketsController (KanbanServer).
2026-06-20 15:11:04.590 +09:00 [INF] Executed DbCommand (0ms) [Parameters=[@p='?' (Size = 32)], CommandType='"Text"', CommandTimeout='30']
SELECT "t"."TicketId", "t"."Assignees", "t"."AssigneesJson", "t"."Category", "t"."ChildTasksJson", "t"."Column", "t"."Effort", "t"."EndDate", "t"."Id", "t"."IsArchived", "t"."IsEmergency", "t"."IsLocked", "t"."Labels", "t"."LabelsJson", "t"."MainAssignee", "t"."Memo", "t"."Position", "t"."PreviousColumn", "t"."Progress", "t"."StartDate", "t"."Title"
FROM "Tickets" AS "t"
WHERE "t"."TicketId" = @p
LIMIT 1
2026-06-20 15:11:04.592 +09:00 [INF] Executed DbCommand (0ms) [Parameters=[@newColumn='?' (Size = 5), @ticketId='?' (Size = 32)], CommandType='"Text"', CommandTimeout='30']
SELECT "t"."TicketId", "t"."Assignees", "t"."AssigneesJson", "t"."Category", "t"."ChildTasksJson", "t"."Column", "t"."Effort", "t"."EndDate", "t"."Id", "t"."IsArchived", "t"."IsEmergency", "t"."IsLocked", "t"."Labels", "t"."LabelsJson", "t"."MainAssignee", "t"."Memo", "t"."Position", "t"."PreviousColumn", "t"."Progress", "t"."StartDate", "t"."Title"
FROM "Tickets" AS "t"
WHERE "t"."Column" = @newColumn AND "t"."TicketId" <> @ticketId
ORDER BY "t"."Position", "t"."Id"
2026-06-20 15:11:04.596 +09:00 [INF] Executed DbCommand (0ms) [Parameters=[@newColumn='?' (Size = 5), @ticketId='?' (Size = 32), @newPos='?' (DbType = Double)], CommandType='"Text"', CommandTimeout='30']
SELECT EXISTS (
    SELECT 1
    FROM "Tickets" AS "t"
    WHERE "t"."Column" = @newColumn AND "t"."TicketId" <> @ticketId AND abs("t"."Position" - @newPos) < 100.0)
2026-06-20 15:11:04.598 +09:00 [INF] Executed DbCommand (0ms) [Parameters=[@p1='?' (Size = 32), @p0='?' (DbType = Double)], CommandType='"Text"', CommandTimeout='30']
UPDATE "Tickets" SET "Position" = @p0
WHERE "TicketId" = @p1
RETURNING 1;
2026-06-20 15:11:04.610 +09:00 [INF] Executing StatusCodeResult, setting HTTP status code 204
2026-06-20 15:11:04.611 +09:00 [INF] Executed action KanbanServer.Controllers.TicketsController.UpdateColumn (KanbanServer) in 21.565ms
2026-06-20 15:11:04.612 +09:00 [INF] Executed endpoint 'KanbanServer.Controllers.TicketsController.UpdateColumn (KanbanServer)'
2026-06-20 15:11:04.612 +09:00 [INF] Request finished HTTP/1.1 PATCH http://localhost:5000/api/tickets/048bb089274440aa9f11cc0584377bc4/column - 204 null null 28.4135ms
2026-06-20 15:11:04.615 +09:00 [INF] Request starting HTTP/1.1 GET http://localhost:5000/api/tickets - null null
2026-06-20 15:11:04.617 +09:00 [INF] Executing endpoint 'KanbanServer.Controllers.TicketsController.GetAll (KanbanServer)'
2026-06-20 15:11:04.618 +09:00 [INF] Route matched with {action = "GetAll", controller = "Tickets"}. Executing controller action with signature System.Threading.Tasks.Task`1[Microsoft.AspNetCore.Mvc.ActionResult`1[System.Collections.Generic.List`1[KanbanServer.Models.Ticket]]] GetAll() on controller KanbanServer.Controllers.TicketsController (KanbanServer).
2026-06-20 15:11:04.620 +09:00 [INF] Executed DbCommand (0ms) [Parameters=[], CommandType='"Text"', CommandTimeout='30']
SELECT "t"."TicketId", "t"."Assignees", "t"."AssigneesJson", "t"."Category", "t"."ChildTasksJson", "t"."Column", "t"."Effort", "t"."EndDate", "t"."Id", "t"."IsArchived", "t"."IsEmergency", "t"."IsLocked", "t"."Labels", "t"."LabelsJson", "t"."MainAssignee", "t"."Memo", "t"."Position", "t"."PreviousColumn", "t"."Progress", "t"."StartDate", "t"."Title"
FROM "Tickets" AS "t"
2026-06-20 15:11:04.624 +09:00 [INF] Executing OkObjectResult, writing value of type 'System.Collections.Generic.List`1[[KanbanServer.Models.Ticket, KanbanServer, Version=1.0.0.0, Culture=neutral, PublicKeyToken=null]]'.
2026-06-20 15:11:04.627 +09:00 [INF] Executed action KanbanServer.Controllers.TicketsController.GetAll (KanbanServer) in 7.6646ms
2026-06-20 15:11:04.628 +09:00 [INF] Executed endpoint 'KanbanServer.Controllers.TicketsController.GetAll (KanbanServer)'
2026-06-20 15:11:04.629 +09:00 [INF] Request finished HTTP/1.1 GET http://localhost:5000/api/tickets - 200 null application/json; charset=utf-8 13.892ms
2026-06-20 15:11:06.443 +09:00 [INF] Request starting HTTP/1.1 PATCH http://localhost:5000/api/tickets/048bb089274440aa9f11cc0584377bc4/column - application/json 35
2026-06-20 15:11:06.445 +09:00 [INF] CORS policy execution successful.
2026-06-20 15:11:06.446 +09:00 [INF] Executing endpoint 'KanbanServer.Controllers.TicketsController.UpdateColumn (KanbanServer)'
2026-06-20 15:11:06.447 +09:00 [INF] Route matched with {action = "UpdateColumn", controller = "Tickets"}. Executing controller action with signature System.Threading.Tasks.Task`1[Microsoft.AspNetCore.Mvc.IActionResult] UpdateColumn(System.String, KanbanServer.Models.ColumnUpdateDto) on controller KanbanServer.Controllers.TicketsController (KanbanServer).
2026-06-20 15:11:06.450 +09:00 [INF] Executed DbCommand (0ms) [Parameters=[@p='?' (Size = 32)], CommandType='"Text"', CommandTimeout='30']
SELECT "t"."TicketId", "t"."Assignees", "t"."AssigneesJson", "t"."Category", "t"."ChildTasksJson", "t"."Column", "t"."Effort", "t"."EndDate", "t"."Id", "t"."IsArchived", "t"."IsEmergency", "t"."IsLocked", "t"."Labels", "t"."LabelsJson", "t"."MainAssignee", "t"."Memo", "t"."Position", "t"."PreviousColumn", "t"."Progress", "t"."StartDate", "t"."Title"
FROM "Tickets" AS "t"
WHERE "t"."TicketId" = @p
LIMIT 1
2026-06-20 15:11:06.452 +09:00 [INF] Executed DbCommand (0ms) [Parameters=[@newColumn='?' (Size = 5), @ticketId='?' (Size = 32)], CommandType='"Text"', CommandTimeout='30']
SELECT "t"."TicketId", "t"."Assignees", "t"."AssigneesJson", "t"."Category", "t"."ChildTasksJson", "t"."Column", "t"."Effort", "t"."EndDate", "t"."Id", "t"."IsArchived", "t"."IsEmergency", "t"."IsLocked", "t"."Labels", "t"."LabelsJson", "t"."MainAssignee", "t"."Memo", "t"."Position", "t"."PreviousColumn", "t"."Progress", "t"."StartDate", "t"."Title"
FROM "Tickets" AS "t"
WHERE "t"."Column" = @newColumn AND "t"."TicketId" <> @ticketId
ORDER BY "t"."Position", "t"."Id"
2026-06-20 15:11:06.455 +09:00 [INF] Executed DbCommand (0ms) [Parameters=[@newColumn='?' (Size = 5), @ticketId='?' (Size = 32), @newPos='?' (DbType = Double)], CommandType='"Text"', CommandTimeout='30']
SELECT EXISTS (
    SELECT 1
    FROM "Tickets" AS "t"
    WHERE "t"."Column" = @newColumn AND "t"."TicketId" <> @ticketId AND abs("t"."Position" - @newPos) < 100.0)
2026-06-20 15:11:06.458 +09:00 [INF] Executed DbCommand (0ms) [Parameters=[@p1='?' (Size = 32), @p0='?' (DbType = Double)], CommandType='"Text"', CommandTimeout='30']
UPDATE "Tickets" SET "Position" = @p0
WHERE "TicketId" = @p1
RETURNING 1;
2026-06-20 15:11:06.467 +09:00 [INF] Executing StatusCodeResult, setting HTTP status code 204
2026-06-20 15:11:06.468 +09:00 [INF] Executed action KanbanServer.Controllers.TicketsController.UpdateColumn (KanbanServer) in 19.0165ms
2026-06-20 15:11:06.469 +09:00 [INF] Executed endpoint 'KanbanServer.Controllers.TicketsController.UpdateColumn (KanbanServer)'
2026-06-20 15:11:06.470 +09:00 [INF] Request finished HTTP/1.1 PATCH http://localhost:5000/api/tickets/048bb089274440aa9f11cc0584377bc4/column - 204 null null 26.7074ms
2026-06-20 15:11:06.472 +09:00 [INF] Request starting HTTP/1.1 GET http://localhost:5000/api/tickets - null null
2026-06-20 15:11:06.474 +09:00 [INF] Executing endpoint 'KanbanServer.Controllers.TicketsController.GetAll (KanbanServer)'
2026-06-20 15:11:06.475 +09:00 [INF] Route matched with {action = "GetAll", controller = "Tickets"}. Executing controller action with signature System.Threading.Tasks.Task`1[Microsoft.AspNetCore.Mvc.ActionResult`1[System.Collections.Generic.List`1[KanbanServer.Models.Ticket]]] GetAll() on controller KanbanServer.Controllers.TicketsController (KanbanServer).
2026-06-20 15:11:06.478 +09:00 [INF] Executed DbCommand (0ms) [Parameters=[], CommandType='"Text"', CommandTimeout='30']
SELECT "t"."TicketId", "t"."Assignees", "t"."AssigneesJson", "t"."Category", "t"."ChildTasksJson", "t"."Column", "t"."Effort", "t"."EndDate", "t"."Id", "t"."IsArchived", "t"."IsEmergency", "t"."IsLocked", "t"."Labels", "t"."LabelsJson", "t"."MainAssignee", "t"."Memo", "t"."Position", "t"."PreviousColumn", "t"."Progress", "t"."StartDate", "t"."Title"
FROM "Tickets" AS "t"
2026-06-20 15:11:06.483 +09:00 [INF] Executing OkObjectResult, writing value of type 'System.Collections.Generic.List`1[[KanbanServer.Models.Ticket, KanbanServer, Version=1.0.0.0, Culture=neutral, PublicKeyToken=null]]'.
2026-06-20 15:11:06.485 +09:00 [INF] Executed action KanbanServer.Controllers.TicketsController.GetAll (KanbanServer) in 8.5517ms
2026-06-20 15:11:06.486 +09:00 [INF] Executed endpoint 'KanbanServer.Controllers.TicketsController.GetAll (KanbanServer)'
2026-06-20 15:11:06.487 +09:00 [INF] Request finished HTTP/1.1 GET http://localhost:5000/api/tickets - 200 null application/json; charset=utf-8 14.9759ms
2026-06-20 15:11:31.052 +09:00 [INF] Request starting HTTP/1.1 PUT http://localhost:5000/api/tickets/9e59aabf62984f18b9bb083544aaec0c - application/json 188
2026-06-20 15:11:31.056 +09:00 [INF] CORS policy execution successful.
2026-06-20 15:11:31.057 +09:00 [INF] Executing endpoint 'KanbanServer.Controllers.TicketsController.Update (KanbanServer)'
2026-06-20 15:11:31.067 +09:00 [INF] Route matched with {action = "Update", controller = "Tickets"}. Executing controller action with signature System.Threading.Tasks.Task`1[Microsoft.AspNetCore.Mvc.ActionResult`1[KanbanServer.Models.Ticket]] Update(System.String, KanbanServer.Models.TicketDto) on controller KanbanServer.Controllers.TicketsController (KanbanServer).
2026-06-20 15:11:31.072 +09:00 [INF] Executed DbCommand (0ms) [Parameters=[@p='?' (Size = 32)], CommandType='"Text"', CommandTimeout='30']
SELECT "t"."TicketId", "t"."Assignees", "t"."AssigneesJson", "t"."Category", "t"."ChildTasksJson", "t"."Column", "t"."Effort", "t"."EndDate", "t"."Id", "t"."IsArchived", "t"."IsEmergency", "t"."IsLocked", "t"."Labels", "t"."LabelsJson", "t"."MainAssignee", "t"."Memo", "t"."Position", "t"."PreviousColumn", "t"."Progress", "t"."StartDate", "t"."Title"
FROM "Tickets" AS "t"
WHERE "t"."TicketId" = @p
LIMIT 1
2026-06-20 15:11:31.074 +09:00 [INF] Executing OkObjectResult, writing value of type 'KanbanServer.Models.Ticket'.
2026-06-20 15:11:31.076 +09:00 [INF] Executed action KanbanServer.Controllers.TicketsController.Update (KanbanServer) in 7.0972ms
2026-06-20 15:11:31.077 +09:00 [INF] Executed endpoint 'KanbanServer.Controllers.TicketsController.Update (KanbanServer)'
2026-06-20 15:11:31.078 +09:00 [INF] Request finished HTTP/1.1 PUT http://localhost:5000/api/tickets/9e59aabf62984f18b9bb083544aaec0c - 200 null application/json; charset=utf-8 25.9124ms
2026-06-20 15:11:39.313 +09:00 [INF] Request starting HTTP/1.1 PATCH http://localhost:5000/api/tickets/9e59aabf62984f18b9bb083544aaec0c/column - application/json 35
2026-06-20 15:11:39.315 +09:00 [INF] CORS policy execution successful.
2026-06-20 15:11:39.316 +09:00 [INF] Executing endpoint 'KanbanServer.Controllers.TicketsController.UpdateColumn (KanbanServer)'
2026-06-20 15:11:39.317 +09:00 [INF] Route matched with {action = "UpdateColumn", controller = "Tickets"}. Executing controller action with signature System.Threading.Tasks.Task`1[Microsoft.AspNetCore.Mvc.IActionResult] UpdateColumn(System.String, KanbanServer.Models.ColumnUpdateDto) on controller KanbanServer.Controllers.TicketsController (KanbanServer).
2026-06-20 15:11:39.320 +09:00 [INF] Executed DbCommand (0ms) [Parameters=[@p='?' (Size = 32)], CommandType='"Text"', CommandTimeout='30']
SELECT "t"."TicketId", "t"."Assignees", "t"."AssigneesJson", "t"."Category", "t"."ChildTasksJson", "t"."Column", "t"."Effort", "t"."EndDate", "t"."Id", "t"."IsArchived", "t"."IsEmergency", "t"."IsLocked", "t"."Labels", "t"."LabelsJson", "t"."MainAssignee", "t"."Memo", "t"."Position", "t"."PreviousColumn", "t"."Progress", "t"."StartDate", "t"."Title"
FROM "Tickets" AS "t"
WHERE "t"."TicketId" = @p
LIMIT 1
2026-06-20 15:11:39.322 +09:00 [INF] Executed DbCommand (0ms) [Parameters=[@newColumn='?' (Size = 5), @ticketId='?' (Size = 32)], CommandType='"Text"', CommandTimeout='30']
SELECT "t"."TicketId", "t"."Assignees", "t"."AssigneesJson", "t"."Category", "t"."ChildTasksJson", "t"."Column", "t"."Effort", "t"."EndDate", "t"."Id", "t"."IsArchived", "t"."IsEmergency", "t"."IsLocked", "t"."Labels", "t"."LabelsJson", "t"."MainAssignee", "t"."Memo", "t"."Position", "t"."PreviousColumn", "t"."Progress", "t"."StartDate", "t"."Title"
FROM "Tickets" AS "t"
WHERE "t"."Column" = @newColumn AND "t"."TicketId" <> @ticketId
ORDER BY "t"."Position", "t"."Id"
2026-06-20 15:11:39.325 +09:00 [INF] Executed DbCommand (0ms) [Parameters=[@newColumn='?' (Size = 5), @ticketId='?' (Size = 32), @newPos='?' (DbType = Double)], CommandType='"Text"', CommandTimeout='30']
SELECT EXISTS (
    SELECT 1
    FROM "Tickets" AS "t"
    WHERE "t"."Column" = @newColumn AND "t"."TicketId" <> @ticketId AND abs("t"."Position" - @newPos) < 100.0)
2026-06-20 15:11:39.328 +09:00 [INF] Executed DbCommand (0ms) [Parameters=[@p1='?' (Size = 32), @p0='?' (DbType = Double)], CommandType='"Text"', CommandTimeout='30']
UPDATE "Tickets" SET "Position" = @p0
WHERE "TicketId" = @p1
RETURNING 1;
2026-06-20 15:11:39.339 +09:00 [INF] Executing StatusCodeResult, setting HTTP status code 204
2026-06-20 15:11:39.340 +09:00 [INF] Executed action KanbanServer.Controllers.TicketsController.UpdateColumn (KanbanServer) in 21.7897ms
2026-06-20 15:11:39.341 +09:00 [INF] Executed endpoint 'KanbanServer.Controllers.TicketsController.UpdateColumn (KanbanServer)'
2026-06-20 15:11:39.342 +09:00 [INF] Request finished HTTP/1.1 PATCH http://localhost:5000/api/tickets/9e59aabf62984f18b9bb083544aaec0c/column - 204 null null 29.1588ms
2026-06-20 15:11:39.348 +09:00 [INF] Request starting HTTP/1.1 GET http://localhost:5000/api/tickets - null null
2026-06-20 15:11:39.350 +09:00 [INF] Executing endpoint 'KanbanServer.Controllers.TicketsController.GetAll (KanbanServer)'
2026-06-20 15:11:39.351 +09:00 [INF] Route matched with {action = "GetAll", controller = "Tickets"}. Executing controller action with signature System.Threading.Tasks.Task`1[Microsoft.AspNetCore.Mvc.ActionResult`1[System.Collections.Generic.List`1[KanbanServer.Models.Ticket]]] GetAll() on controller KanbanServer.Controllers.TicketsController (KanbanServer).
2026-06-20 15:11:39.354 +09:00 [INF] Executed DbCommand (0ms) [Parameters=[], CommandType='"Text"', CommandTimeout='30']
SELECT "t"."TicketId", "t"."Assignees", "t"."AssigneesJson", "t"."Category", "t"."ChildTasksJson", "t"."Column", "t"."Effort", "t"."EndDate", "t"."Id", "t"."IsArchived", "t"."IsEmergency", "t"."IsLocked", "t"."Labels", "t"."LabelsJson", "t"."MainAssignee", "t"."Memo", "t"."Position", "t"."PreviousColumn", "t"."Progress", "t"."StartDate", "t"."Title"
FROM "Tickets" AS "t"
2026-06-20 15:11:39.360 +09:00 [INF] Executing OkObjectResult, writing value of type 'System.Collections.Generic.List`1[[KanbanServer.Models.Ticket, KanbanServer, Version=1.0.0.0, Culture=neutral, PublicKeyToken=null]]'.
2026-06-20 15:11:39.362 +09:00 [INF] Executed action KanbanServer.Controllers.TicketsController.GetAll (KanbanServer) in 8.5368ms
2026-06-20 15:11:39.363 +09:00 [INF] Executed endpoint 'KanbanServer.Controllers.TicketsController.GetAll (KanbanServer)'
2026-06-20 15:11:39.364 +09:00 [INF] Request finished HTTP/1.1 GET http://localhost:5000/api/tickets - 200 null application/json; charset=utf-8 15.6555ms
2026-06-20 15:21:29.030 +09:00 [INF] Executed DbCommand (8ms) [Parameters=[], CommandType='"Text"', CommandTimeout='30']
SELECT COUNT(*) FROM "sqlite_master" WHERE "type" = 'table' AND "rootpage" IS NOT NULL;
2026-06-20 15:21:29.115 +09:00 [WRN] Overriding address(es) 'http://localhost:5171'. Binding to endpoints defined via IConfiguration and/or UseKestrel() instead.
2026-06-20 15:21:29.122 +09:00 [INF] Now listening on: http://0.0.0.0:5000
2026-06-20 15:21:29.122 +09:00 [INF] Application started. Press Ctrl+C to shut down.
2026-06-20 15:21:29.123 +09:00 [INF] Hosting environment: Development
2026-06-20 15:21:29.123 +09:00 [INF] Content root path: C:\repos\mykanban
2026-06-20 15:21:39.170 +09:00 [INF] Request starting HTTP/1.1 GET http://localhost:5000/ - null null
2026-06-20 15:21:39.203 +09:00 [INF] Executing endpoint 'Fallback {*path:nonfile}'
2026-06-20 15:21:39.209 +09:00 [INF] Executed endpoint 'Fallback {*path:nonfile}'
2026-06-20 15:21:39.213 +09:00 [INF] Request finished HTTP/1.1 GET http://localhost:5000/ - 200 null text/html; charset=utf-8 43.5301ms
2026-06-20 15:21:39.219 +09:00 [INF] Request starting HTTP/1.1 GET http://localhost:5000/styles.css - null null
2026-06-20 15:21:39.243 +09:00 [INF] Sending file. Request path: '/styles.css'. Physical path: 'C:\repos\mykanban\bin\Debug\net10.0\wwwroot\styles.css'
2026-06-20 15:21:39.245 +09:00 [INF] Request finished HTTP/1.1 GET http://localhost:5000/styles.css - 200 60661 text/css 26.0541ms
2026-06-20 15:21:39.323 +09:00 [INF] Request starting HTTP/1.1 GET http://localhost:5000/modules/renderer.js - null null
2026-06-20 15:21:39.331 +09:00 [INF] CORS policy execution successful.
2026-06-20 15:21:39.333 +09:00 [INF] The file /modules/renderer.js was not modified
2026-06-20 15:21:39.335 +09:00 [INF] Request finished HTTP/1.1 GET http://localhost:5000/modules/renderer.js - 304 null text/javascript 12.5169ms
2026-06-20 15:21:39.340 +09:00 [INF] Request starting HTTP/1.1 GET http://localhost:5000/modules/dragdrop.js - null null
2026-06-20 15:21:39.343 +09:00 [INF] CORS policy execution successful.
2026-06-20 15:21:39.344 +09:00 [INF] The file /modules/dragdrop.js was not modified
2026-06-20 15:21:39.347 +09:00 [INF] Request finished HTTP/1.1 GET http://localhost:5000/modules/dragdrop.js - 304 null text/javascript 7.1669ms
2026-06-20 15:21:40.897 +09:00 [INF] Request starting HTTP/1.1 GET http://localhost:5000/ - null null
2026-06-20 15:21:40.899 +09:00 [INF] Executing endpoint 'Fallback {*path:nonfile}'
2026-06-20 15:21:40.900 +09:00 [INF] Executed endpoint 'Fallback {*path:nonfile}'
2026-06-20 15:21:40.900 +09:00 [INF] Request finished HTTP/1.1 GET http://localhost:5000/ - 200 null text/html; charset=utf-8 3.7891ms
2026-06-20 15:21:40.905 +09:00 [INF] Request starting HTTP/1.1 GET http://localhost:5000/styles.css - null null
2026-06-20 15:21:40.907 +09:00 [INF] Request starting HTTP/1.1 GET http://localhost:5000/app.js - null null
2026-06-20 15:21:40.909 +09:00 [INF] CORS policy execution successful.
2026-06-20 15:21:40.910 +09:00 [INF] Sending file. Request path: '/styles.css'. Physical path: 'C:\repos\mykanban\bin\Debug\net10.0\wwwroot\styles.css'
2026-06-20 15:21:40.911 +09:00 [INF] Sending file. Request path: '/app.js'. Physical path: 'C:\repos\mykanban\bin\Debug\net10.0\wwwroot\app.js'
2026-06-20 15:21:40.911 +09:00 [INF] Request finished HTTP/1.1 GET http://localhost:5000/styles.css - 200 60661 text/css 5.4635ms
2026-06-20 15:21:40.915 +09:00 [INF] Request finished HTTP/1.1 GET http://localhost:5000/app.js - 200 23659 text/javascript 7.8154ms
2026-06-20 15:21:40.915 +09:00 [INF] Request starting HTTP/1.1 GET http://localhost:5000/modules/api.js - null null
2026-06-20 15:21:40.915 +09:00 [INF] Request starting HTTP/1.1 GET http://localhost:5000/modules/renderer.js - null null
2026-06-20 15:21:40.919 +09:00 [INF] Request starting HTTP/1.1 GET http://localhost:5000/modules/state.js - null null
2026-06-20 15:21:40.920 +09:00 [INF] CORS policy execution successful.
2026-06-20 15:21:40.920 +09:00 [INF] CORS policy execution successful.
2026-06-20 15:21:40.921 +09:00 [INF] CORS policy execution successful.
2026-06-20 15:21:40.921 +09:00 [INF] Sending file. Request path: '/modules/api.js'. Physical path: 'C:\repos\mykanban\bin\Debug\net10.0\wwwroot\modules\api.js'
2026-06-20 15:21:40.922 +09:00 [INF] Sending file. Request path: '/modules/renderer.js'. Physical path: 'C:\repos\mykanban\bin\Debug\net10.0\wwwroot\modules\renderer.js'
2026-06-20 15:21:40.922 +09:00 [INF] Request finished HTTP/1.1 GET http://localhost:5000/modules/api.js - 200 6109 text/javascript 7.0122ms
2026-06-20 15:21:40.925 +09:00 [INF] Sending file. Request path: '/modules/state.js'. Physical path: 'C:\repos\mykanban\bin\Debug\net10.0\wwwroot\modules\state.js'
2026-06-20 15:21:40.925 +09:00 [INF] Request finished HTTP/1.1 GET http://localhost:5000/modules/renderer.js - 200 29602 text/javascript 8.3086ms
2026-06-20 15:21:40.927 +09:00 [INF] Request finished HTTP/1.1 GET http://localhost:5000/modules/state.js - 200 20762 text/javascript 8.1652ms
2026-06-20 15:21:40.927 +09:00 [INF] Request starting HTTP/1.1 GET http://localhost:5000/modules/dragdrop.js - null null
2026-06-20 15:21:40.929 +09:00 [INF] Request starting HTTP/1.1 GET http://localhost:5000/modules/modal.js - null null
2026-06-20 15:21:40.930 +09:00 [INF] Request starting HTTP/1.1 GET http://localhost:5000/modules/labels.js - null null
2026-06-20 15:21:40.931 +09:00 [INF] CORS policy execution successful.
2026-06-20 15:21:40.931 +09:00 [INF] CORS policy execution successful.
2026-06-20 15:21:40.932 +09:00 [INF] CORS policy execution successful.
2026-06-20 15:21:40.932 +09:00 [INF] Sending file. Request path: '/modules/dragdrop.js'. Physical path: 'C:\repos\mykanban\bin\Debug\net10.0\wwwroot\modules\dragdrop.js'
2026-06-20 15:21:40.933 +09:00 [INF] Request finished HTTP/1.1 GET http://localhost:5000/modules/dragdrop.js - 200 7088 text/javascript 6.3952ms
2026-06-20 15:21:40.936 +09:00 [INF] Sending file. Request path: '/modules/labels.js'. Physical path: 'C:\repos\mykanban\bin\Debug\net10.0\wwwroot\modules\labels.js'
2026-06-20 15:21:40.937 +09:00 [INF] Request finished HTTP/1.1 GET http://localhost:5000/modules/labels.js - 200 5192 text/javascript 6.6162ms
2026-06-20 15:21:40.940 +09:00 [INF] Request starting HTTP/1.1 GET http://localhost:5000/modules/assignees.js - null null
2026-06-20 15:21:40.940 +09:00 [INF] Request starting HTTP/1.1 GET http://localhost:5000/modules/childtasks.js - null null
2026-06-20 15:21:40.945 +09:00 [INF] CORS policy execution successful.
2026-06-20 15:21:40.946 +09:00 [INF] CORS policy execution successful.
2026-06-20 15:21:40.947 +09:00 [INF] Sending file. Request path: '/modules/childtasks.js'. Physical path: 'C:\repos\mykanban\bin\Debug\net10.0\wwwroot\modules\childtasks.js'
2026-06-20 15:21:40.947 +09:00 [INF] Sending file. Request path: '/modules/assignees.js'. Physical path: 'C:\repos\mykanban\bin\Debug\net10.0\wwwroot\modules\assignees.js'
2026-06-20 15:21:40.950 +09:00 [INF] Request finished HTTP/1.1 GET http://localhost:5000/modules/assignees.js - 200 8700 text/javascript 9.9488ms
2026-06-20 15:21:40.950 +09:00 [INF] Request finished HTTP/1.1 GET http://localhost:5000/modules/childtasks.js - 200 11906 text/javascript 8.5142ms
2026-06-20 15:21:40.956 +09:00 [INF] Sending file. Request path: '/modules/modal.js'. Physical path: 'C:\repos\mykanban\bin\Debug\net10.0\wwwroot\modules\modal.js'
2026-06-20 15:21:40.957 +09:00 [INF] Request starting HTTP/1.1 GET http://localhost:5000/modules/actual.js - null null
2026-06-20 15:21:40.957 +09:00 [INF] Request finished HTTP/1.1 GET http://localhost:5000/modules/modal.js - 200 21185 text/javascript 28.0732ms
2026-06-20 15:21:40.957 +09:00 [INF] Request starting HTTP/1.1 GET http://localhost:5000/modules/history.js - null null
2026-06-20 15:21:40.965 +09:00 [INF] Request starting HTTP/1.1 GET http://localhost:5000/modules/filter.js - null null
2026-06-20 15:21:40.965 +09:00 [INF] CORS policy execution successful.
2026-06-20 15:21:40.965 +09:00 [INF] CORS policy execution successful.
2026-06-20 15:21:40.970 +09:00 [INF] CORS policy execution successful.
2026-06-20 15:21:40.971 +09:00 [INF] Sending file. Request path: '/modules/actual.js'. Physical path: 'C:\repos\mykanban\bin\Debug\net10.0\wwwroot\modules\actual.js'
2026-06-20 15:21:40.973 +09:00 [INF] Sending file. Request path: '/modules/history.js'. Physical path: 'C:\repos\mykanban\bin\Debug\net10.0\wwwroot\modules\history.js'
2026-06-20 15:21:40.973 +09:00 [INF] Sending file. Request path: '/modules/filter.js'. Physical path: 'C:\repos\mykanban\bin\Debug\net10.0\wwwroot\modules\filter.js'
2026-06-20 15:21:40.973 +09:00 [INF] Request finished HTTP/1.1 GET http://localhost:5000/modules/actual.js - 200 11688 text/javascript 15.8476ms
2026-06-20 15:21:40.981 +09:00 [INF] Request finished HTTP/1.1 GET http://localhost:5000/modules/filter.js - 200 7563 text/javascript 16.2888ms
2026-06-20 15:21:40.981 +09:00 [INF] Request finished HTTP/1.1 GET http://localhost:5000/modules/history.js - 200 9423 text/javascript 23.5271ms
2026-06-20 15:21:40.989 +09:00 [INF] Request starting HTTP/1.1 GET http://localhost:5000/modules/archive.js - null null
2026-06-20 15:21:40.989 +09:00 [INF] Request starting HTTP/1.1 GET http://localhost:5000/modules/settings.js - null null
2026-06-20 15:21:40.989 +09:00 [INF] Request starting HTTP/1.1 GET http://localhost:5000/modules/memo.js - null null
2026-06-20 15:21:40.997 +09:00 [INF] CORS policy execution successful.
2026-06-20 15:21:40.997 +09:00 [INF] CORS policy execution successful.
2026-06-20 15:21:40.997 +09:00 [INF] CORS policy execution successful.
2026-06-20 15:21:41.001 +09:00 [INF] Sending file. Request path: '/modules/archive.js'. Physical path: 'C:\repos\mykanban\bin\Debug\net10.0\wwwroot\modules\archive.js'
2026-06-20 15:21:41.002 +09:00 [INF] Sending file. Request path: '/modules/settings.js'. Physical path: 'C:\repos\mykanban\bin\Debug\net10.0\wwwroot\modules\settings.js'
2026-06-20 15:21:41.003 +09:00 [INF] Request finished HTTP/1.1 GET http://localhost:5000/modules/archive.js - 200 944 text/javascript 13.5245ms
2026-06-20 15:21:41.003 +09:00 [INF] Sending file. Request path: '/modules/memo.js'. Physical path: 'C:\repos\mykanban\bin\Debug\net10.0\wwwroot\modules\memo.js'
2026-06-20 15:21:41.003 +09:00 [INF] Request finished HTTP/1.1 GET http://localhost:5000/modules/settings.js - 200 28809 text/javascript 14.8051ms
2026-06-20 15:21:41.012 +09:00 [INF] Request starting HTTP/1.1 GET http://localhost:5000/modules/auth.js - null null
2026-06-20 15:21:41.012 +09:00 [INF] Request finished HTTP/1.1 GET http://localhost:5000/modules/memo.js - 200 3562 text/javascript 23.5878ms
2026-06-20 15:21:41.012 +09:00 [INF] Request starting HTTP/1.1 GET http://localhost:5000/modules/logger.js - null null
2026-06-20 15:21:41.020 +09:00 [INF] Request starting HTTP/1.1 GET http://localhost:5000/modules/charts.js - null null
2026-06-20 15:21:41.022 +09:00 [INF] CORS policy execution successful.
2026-06-20 15:21:41.022 +09:00 [INF] CORS policy execution successful.
2026-06-20 15:21:41.023 +09:00 [INF] CORS policy execution successful.
2026-06-20 15:21:41.024 +09:00 [INF] Sending file. Request path: '/modules/logger.js'. Physical path: 'C:\repos\mykanban\bin\Debug\net10.0\wwwroot\modules\logger.js'
2026-06-20 15:21:41.026 +09:00 [INF] Sending file. Request path: '/modules/auth.js'. Physical path: 'C:\repos\mykanban\bin\Debug\net10.0\wwwroot\modules\auth.js'
2026-06-20 15:21:41.027 +09:00 [INF] Request finished HTTP/1.1 GET http://localhost:5000/modules/logger.js - 200 6900 text/javascript 13.2947ms
2026-06-20 15:21:41.027 +09:00 [INF] Sending file. Request path: '/modules/charts.js'. Physical path: 'C:\repos\mykanban\bin\Debug\net10.0\wwwroot\modules\charts.js'
2026-06-20 15:21:41.027 +09:00 [INF] Request finished HTTP/1.1 GET http://localhost:5000/modules/auth.js - 200 4113 text/javascript 14.7183ms
2026-06-20 15:21:41.033 +09:00 [INF] Request starting HTTP/1.1 GET http://localhost:5000/modules/ticketService.js - null null
2026-06-20 15:21:41.033 +09:00 [INF] Request finished HTTP/1.1 GET http://localhost:5000/modules/charts.js - 200 46291 text/javascript 13.0879ms
2026-06-20 15:21:41.038 +09:00 [INF] CORS policy execution successful.
2026-06-20 15:21:41.038 +09:00 [INF] Sending file. Request path: '/modules/ticketService.js'. Physical path: 'C:\repos\mykanban\bin\Debug\net10.0\wwwroot\modules\ticketService.js'
2026-06-20 15:21:41.040 +09:00 [INF] Request finished HTTP/1.1 GET http://localhost:5000/modules/ticketService.js - 200 1719 text/javascript 6.2907ms
2026-06-20 15:21:41.045 +09:00 [INF] Request starting HTTP/1.1 GET http://localhost:5000/favicon.ico - null null
2026-06-20 15:21:41.047 +09:00 [INF] Request finished HTTP/1.1 GET http://localhost:5000/favicon.ico - 404 0 null 2.4412ms
2026-06-20 15:21:41.050 +09:00 [INF] Request reached the end of the middleware pipeline without being handled by application code. Request path: GET http://localhost:5000/favicon.ico, Response status code: 404
2026-06-20 15:21:43.145 +09:00 [INF] Request starting HTTP/1.1 POST http://localhost:5000/api/auth/login - application/json 38
2026-06-20 15:21:43.150 +09:00 [INF] CORS policy execution successful.
2026-06-20 15:21:43.152 +09:00 [INF] Executing endpoint 'KanbanServer.Controllers.AuthController.Login (KanbanServer)'
2026-06-20 15:21:43.163 +09:00 [INF] Route matched with {action = "Login", controller = "Auth"}. Executing controller action with signature Microsoft.AspNetCore.Mvc.IActionResult Login(LoginRequest) on controller KanbanServer.Controllers.AuthController (KanbanServer).
2026-06-20 15:21:43.190 +09:00 [INF] Executing OkObjectResult, writing value of type '<>f__AnonymousType1`3[[System.String, System.Private.CoreLib, Version=10.0.0.0, Culture=neutral, PublicKeyToken=7cec85d7bea7798e],[System.Boolean, System.Private.CoreLib, Version=10.0.0.0, Culture=neutral, PublicKeyToken=7cec85d7bea7798e],[System.String, System.Private.CoreLib, Version=10.0.0.0, Culture=neutral, PublicKeyToken=7cec85d7bea7798e]]'.
2026-06-20 15:21:43.196 +09:00 [INF] Executed action KanbanServer.Controllers.AuthController.Login (KanbanServer) in 28.6427ms
2026-06-20 15:21:43.197 +09:00 [INF] Executed endpoint 'KanbanServer.Controllers.AuthController.Login (KanbanServer)'
2026-06-20 15:21:43.198 +09:00 [INF] Request finished HTTP/1.1 POST http://localhost:5000/api/auth/login - 200 null application/json; charset=utf-8 52.9462ms
2026-06-20 15:21:43.200 +09:00 [INF] Request starting HTTP/1.1 GET http://localhost:5000/api/settings - null null
2026-06-20 15:21:43.202 +09:00 [INF] Executing endpoint 'KanbanServer.Controllers.SettingsController.Get (KanbanServer)'
2026-06-20 15:21:43.207 +09:00 [INF] Route matched with {action = "Get", controller = "Settings"}. Executing controller action with signature System.Threading.Tasks.Task`1[Microsoft.AspNetCore.Mvc.ActionResult`1[KanbanServer.Models.Setting]] Get() on controller KanbanServer.Controllers.SettingsController (KanbanServer).
2026-06-20 15:21:43.317 +09:00 [WRN] The query uses the 'First'/'FirstOrDefault' operator without 'OrderBy' and filter operators. This may lead to unpredictable results.
2026-06-20 15:21:43.508 +09:00 [INF] Executed DbCommand (2ms) [Parameters=[], CommandType='"Text"', CommandTimeout='30']
SELECT "s"."Id", "s"."Holidays", "s"."HolidaysJson", "s"."LabelsJson", "s"."Users", "s"."UsersJson"
FROM "Settings" AS "s"
LIMIT 1
2026-06-20 15:21:43.548 +09:00 [INF] Executing OkObjectResult, writing value of type 'KanbanServer.Models.Setting'.
2026-06-20 15:21:43.551 +09:00 [INF] Executed action KanbanServer.Controllers.SettingsController.Get (KanbanServer) in 342.9698ms
2026-06-20 15:21:43.552 +09:00 [INF] Executed endpoint 'KanbanServer.Controllers.SettingsController.Get (KanbanServer)'
2026-06-20 15:21:43.554 +09:00 [INF] Request starting HTTP/1.1 GET http://localhost:5000/api/tickets/assignees/suggest - null null
2026-06-20 15:21:43.554 +09:00 [INF] Request starting HTTP/1.1 GET http://localhost:5000/api/tickets/labels/suggest - null null
2026-06-20 15:21:43.556 +09:00 [INF] Request finished HTTP/1.1 GET http://localhost:5000/api/settings - 200 null application/json; charset=utf-8 356.3411ms
2026-06-20 15:21:43.558 +09:00 [INF] Request starting HTTP/1.1 GET http://localhost:5000/api/tickets - null null
2026-06-20 15:21:43.558 +09:00 [INF] Executing endpoint 'KanbanServer.Controllers.TicketsController.GetLabelsSuggest (KanbanServer)'
2026-06-20 15:21:43.559 +09:00 [INF] Executing endpoint 'KanbanServer.Controllers.TicketsController.GetAll (KanbanServer)'
2026-06-20 15:21:43.558 +09:00 [INF] Executing endpoint 'KanbanServer.Controllers.TicketsController.GetAssigneesSuggest (KanbanServer)'
2026-06-20 15:21:43.563 +09:00 [INF] Route matched with {action = "GetLabelsSuggest", controller = "Tickets"}. Executing controller action with signature System.Threading.Tasks.Task`1[Microsoft.AspNetCore.Mvc.ActionResult`1[System.Collections.Generic.List`1[KanbanServer.Models.LabelSuggestDto]]] GetLabelsSuggest() on controller KanbanServer.Controllers.TicketsController (KanbanServer).
2026-06-20 15:21:43.564 +09:00 [INF] Route matched with {action = "GetAll", controller = "Tickets"}. Executing controller action with signature System.Threading.Tasks.Task`1[Microsoft.AspNetCore.Mvc.ActionResult`1[System.Collections.Generic.List`1[KanbanServer.Models.Ticket]]] GetAll() on controller KanbanServer.Controllers.TicketsController (KanbanServer).
2026-06-20 15:21:43.564 +09:00 [INF] Route matched with {action = "GetAssigneesSuggest", controller = "Tickets"}. Executing controller action with signature System.Threading.Tasks.Task`1[Microsoft.AspNetCore.Mvc.ActionResult`1[System.Collections.Generic.List`1[System.String]]] GetAssigneesSuggest() on controller KanbanServer.Controllers.TicketsController (KanbanServer).
2026-06-20 15:21:43.614 +09:00 [INF] Executed DbCommand (0ms) [Parameters=[], CommandType='"Text"', CommandTimeout='30']
SELECT "s"."Id", "s"."Holidays", "s"."HolidaysJson", "s"."LabelsJson", "s"."Users", "s"."UsersJson"
FROM "Settings" AS "s"
LIMIT 1
2026-06-20 15:21:43.621 +09:00 [INF] Executed DbCommand (0ms) [Parameters=[], CommandType='"Text"', CommandTimeout='30']
SELECT "t"."TicketId", "t"."Assignees", "t"."AssigneesJson", "t"."Category", "t"."ChildTasksJson", "t"."Column", "t"."Effort", "t"."EndDate", "t"."Id", "t"."IsArchived", "t"."IsEmergency", "t"."IsLocked", "t"."Labels", "t"."LabelsJson", "t"."MainAssignee", "t"."Memo", "t"."Position", "t"."PreviousColumn", "t"."Progress", "t"."StartDate", "t"."Title"
FROM "Tickets" AS "t"
2026-06-20 15:21:43.627 +09:00 [INF] Executed DbCommand (12ms) [Parameters=[], CommandType='"Text"', CommandTimeout='30']
SELECT "s"."Id", "s"."Holidays", "s"."HolidaysJson", "s"."LabelsJson", "s"."Users", "s"."UsersJson"
FROM "Settings" AS "s"
LIMIT 1
2026-06-20 15:21:43.647 +09:00 [INF] Executed DbCommand (0ms) [Parameters=[], CommandType='"Text"', CommandTimeout='30']
SELECT "t"."TicketId", "t"."Assignees", "t"."AssigneesJson", "t"."Category", "t"."ChildTasksJson", "t"."Column", "t"."Effort", "t"."EndDate", "t"."Id", "t"."IsArchived", "t"."IsEmergency", "t"."IsLocked", "t"."Labels", "t"."LabelsJson", "t"."MainAssignee", "t"."Memo", "t"."Position", "t"."PreviousColumn", "t"."Progress", "t"."StartDate", "t"."Title"
FROM "Tickets" AS "t"
WHERE length("t"."AssigneesJson") > 2
2026-06-20 15:21:43.650 +09:00 [INF] Executed DbCommand (2ms) [Parameters=[], CommandType='"Text"', CommandTimeout='30']
SELECT "t"."TicketId", "t"."Assignees", "t"."AssigneesJson", "t"."Category", "t"."ChildTasksJson", "t"."Column", "t"."Effort", "t"."EndDate", "t"."Id", "t"."IsArchived", "t"."IsEmergency", "t"."IsLocked", "t"."Labels", "t"."LabelsJson", "t"."MainAssignee", "t"."Memo", "t"."Position", "t"."PreviousColumn", "t"."Progress", "t"."StartDate", "t"."Title"
FROM "Tickets" AS "t"
WHERE length("t"."LabelsJson") > 2
2026-06-20 15:21:43.655 +09:00 [INF] Executing OkObjectResult, writing value of type 'System.Collections.Generic.List`1[[System.String, System.Private.CoreLib, Version=10.0.0.0, Culture=neutral, PublicKeyToken=7cec85d7bea7798e]]'.
2026-06-20 15:21:43.656 +09:00 [INF] Executed action KanbanServer.Controllers.TicketsController.GetAssigneesSuggest (KanbanServer) in 90.5417ms
2026-06-20 15:21:43.657 +09:00 [INF] Executed endpoint 'KanbanServer.Controllers.TicketsController.GetAssigneesSuggest (KanbanServer)'
2026-06-20 15:21:43.658 +09:00 [INF] Executing OkObjectResult, writing value of type 'System.Collections.Generic.List`1[[KanbanServer.Models.LabelSuggestDto, KanbanServer, Version=1.0.0.0, Culture=neutral, PublicKeyToken=null]]'.
2026-06-20 15:21:43.659 +09:00 [INF] Executed action KanbanServer.Controllers.TicketsController.GetLabelsSuggest (KanbanServer) in 95.7353ms
2026-06-20 15:21:43.660 +09:00 [INF] Executed endpoint 'KanbanServer.Controllers.TicketsController.GetLabelsSuggest (KanbanServer)'
2026-06-20 15:21:43.661 +09:00 [INF] Request finished HTTP/1.1 GET http://localhost:5000/api/tickets/assignees/suggest - 200 null application/json; charset=utf-8 106.1267ms
2026-06-20 15:21:43.662 +09:00 [INF] Request finished HTTP/1.1 GET http://localhost:5000/api/tickets/labels/suggest - 200 null application/json; charset=utf-8 108.0275ms
2026-06-20 15:21:43.668 +09:00 [INF] Executing OkObjectResult, writing value of type 'System.Collections.Generic.List`1[[KanbanServer.Models.Ticket, KanbanServer, Version=1.0.0.0, Culture=neutral, PublicKeyToken=null]]'.
2026-06-20 15:21:43.681 +09:00 [INF] Executed action KanbanServer.Controllers.TicketsController.GetAll (KanbanServer) in 117.3259ms
2026-06-20 15:21:43.682 +09:00 [INF] Executed endpoint 'KanbanServer.Controllers.TicketsController.GetAll (KanbanServer)'
2026-06-20 15:21:43.683 +09:00 [INF] Request finished HTTP/1.1 GET http://localhost:5000/api/tickets - 200 null application/json; charset=utf-8 125ms
2026-06-20 15:21:56.737 +09:00 [INF] Request starting HTTP/1.1 PUT http://localhost:5000/api/tickets/048bb089274440aa9f11cc0584377bc4 - application/json 196
2026-06-20 15:21:56.743 +09:00 [INF] CORS policy execution successful.
2026-06-20 15:21:56.744 +09:00 [INF] Executing endpoint 'KanbanServer.Controllers.TicketsController.Update (KanbanServer)'
2026-06-20 15:21:56.750 +09:00 [INF] Route matched with {action = "Update", controller = "Tickets"}. Executing controller action with signature System.Threading.Tasks.Task`1[Microsoft.AspNetCore.Mvc.ActionResult`1[KanbanServer.Models.Ticket]] Update(System.String, KanbanServer.Models.TicketDto) on controller KanbanServer.Controllers.TicketsController (KanbanServer).
2026-06-20 15:21:56.788 +09:00 [INF] Executed DbCommand (2ms) [Parameters=[@p='?' (Size = 32)], CommandType='"Text"', CommandTimeout='30']
SELECT "t"."TicketId", "t"."Assignees", "t"."AssigneesJson", "t"."Category", "t"."ChildTasksJson", "t"."Column", "t"."Effort", "t"."EndDate", "t"."Id", "t"."IsArchived", "t"."IsEmergency", "t"."IsLocked", "t"."Labels", "t"."LabelsJson", "t"."MainAssignee", "t"."Memo", "t"."Position", "t"."PreviousColumn", "t"."Progress", "t"."StartDate", "t"."Title"
FROM "Tickets" AS "t"
WHERE "t"."TicketId" = @p
LIMIT 1
2026-06-20 15:21:56.814 +09:00 [INF] Executing OkObjectResult, writing value of type 'KanbanServer.Models.Ticket'.
2026-06-20 15:21:56.815 +09:00 [INF] Executed action KanbanServer.Controllers.TicketsController.Update (KanbanServer) in 62.5465ms
2026-06-20 15:21:56.815 +09:00 [INF] Executed endpoint 'KanbanServer.Controllers.TicketsController.Update (KanbanServer)'
2026-06-20 15:21:56.816 +09:00 [INF] Request finished HTTP/1.1 PUT http://localhost:5000/api/tickets/048bb089274440aa9f11cc0584377bc4 - 200 null application/json; charset=utf-8 78.4726ms
2026-06-20 15:22:04.831 +09:00 [INF] Request starting HTTP/1.1 PUT http://localhost:5000/api/tickets/ba5c79139a664a919115b115b827ac80 - application/json 188
2026-06-20 15:22:04.836 +09:00 [INF] CORS policy execution successful.
2026-06-20 15:22:04.838 +09:00 [INF] Executing endpoint 'KanbanServer.Controllers.TicketsController.Update (KanbanServer)'
2026-06-20 15:22:04.839 +09:00 [INF] Route matched with {action = "Update", controller = "Tickets"}. Executing controller action with signature System.Threading.Tasks.Task`1[Microsoft.AspNetCore.Mvc.ActionResult`1[KanbanServer.Models.Ticket]] Update(System.String, KanbanServer.Models.TicketDto) on controller KanbanServer.Controllers.TicketsController (KanbanServer).
2026-06-20 15:22:04.847 +09:00 [INF] Executed DbCommand (0ms) [Parameters=[@p='?' (Size = 32)], CommandType='"Text"', CommandTimeout='30']
SELECT "t"."TicketId", "t"."Assignees", "t"."AssigneesJson", "t"."Category", "t"."ChildTasksJson", "t"."Column", "t"."Effort", "t"."EndDate", "t"."Id", "t"."IsArchived", "t"."IsEmergency", "t"."IsLocked", "t"."Labels", "t"."LabelsJson", "t"."MainAssignee", "t"."Memo", "t"."Position", "t"."PreviousColumn", "t"."Progress", "t"."StartDate", "t"."Title"
FROM "Tickets" AS "t"
WHERE "t"."TicketId" = @p
LIMIT 1
2026-06-20 15:22:04.850 +09:00 [INF] Executing OkObjectResult, writing value of type 'KanbanServer.Models.Ticket'.
2026-06-20 15:22:04.851 +09:00 [INF] Executed action KanbanServer.Controllers.TicketsController.Update (KanbanServer) in 9.459ms
2026-06-20 15:22:04.853 +09:00 [INF] Executed endpoint 'KanbanServer.Controllers.TicketsController.Update (KanbanServer)'
2026-06-20 15:22:04.855 +09:00 [INF] Request finished HTTP/1.1 PUT http://localhost:5000/api/tickets/ba5c79139a664a919115b115b827ac80 - 200 null application/json; charset=utf-8 23.2823ms
2026-06-20 15:22:13.690 +09:00 [INF] Request starting HTTP/1.1 PUT http://localhost:5000/api/tickets/9e59aabf62984f18b9bb083544aaec0c - application/json 188
2026-06-20 15:22:13.695 +09:00 [INF] CORS policy execution successful.
2026-06-20 15:22:13.696 +09:00 [INF] Executing endpoint 'KanbanServer.Controllers.TicketsController.Update (KanbanServer)'
2026-06-20 15:22:13.697 +09:00 [INF] Route matched with {action = "Update", controller = "Tickets"}. Executing controller action with signature System.Threading.Tasks.Task`1[Microsoft.AspNetCore.Mvc.ActionResult`1[KanbanServer.Models.Ticket]] Update(System.String, KanbanServer.Models.TicketDto) on controller KanbanServer.Controllers.TicketsController (KanbanServer).
2026-06-20 15:22:13.699 +09:00 [INF] Executed DbCommand (0ms) [Parameters=[@p='?' (Size = 32)], CommandType='"Text"', CommandTimeout='30']
SELECT "t"."TicketId", "t"."Assignees", "t"."AssigneesJson", "t"."Category", "t"."ChildTasksJson", "t"."Column", "t"."Effort", "t"."EndDate", "t"."Id", "t"."IsArchived", "t"."IsEmergency", "t"."IsLocked", "t"."Labels", "t"."LabelsJson", "t"."MainAssignee", "t"."Memo", "t"."Position", "t"."PreviousColumn", "t"."Progress", "t"."StartDate", "t"."Title"
FROM "Tickets" AS "t"
WHERE "t"."TicketId" = @p
LIMIT 1
2026-06-20 15:22:13.702 +09:00 [INF] Executing OkObjectResult, writing value of type 'KanbanServer.Models.Ticket'.
2026-06-20 15:22:13.704 +09:00 [INF] Executed action KanbanServer.Controllers.TicketsController.Update (KanbanServer) in 5.8273ms
2026-06-20 15:22:13.705 +09:00 [INF] Executed endpoint 'KanbanServer.Controllers.TicketsController.Update (KanbanServer)'
2026-06-20 15:22:13.706 +09:00 [INF] Request finished HTTP/1.1 PUT http://localhost:5000/api/tickets/9e59aabf62984f18b9bb083544aaec0c - 200 null application/json; charset=utf-8 15.7938ms
2026-06-20 15:22:26.166 +09:00 [INF] Request starting HTTP/1.1 PUT http://localhost:5000/api/tickets/c274683c2bd74135bfb4f71b9905f17a - application/json 188
2026-06-20 15:22:26.169 +09:00 [INF] CORS policy execution successful.
2026-06-20 15:22:26.170 +09:00 [INF] Executing endpoint 'KanbanServer.Controllers.TicketsController.Update (KanbanServer)'
2026-06-20 15:22:26.171 +09:00 [INF] Route matched with {action = "Update", controller = "Tickets"}. Executing controller action with signature System.Threading.Tasks.Task`1[Microsoft.AspNetCore.Mvc.ActionResult`1[KanbanServer.Models.Ticket]] Update(System.String, KanbanServer.Models.TicketDto) on controller KanbanServer.Controllers.TicketsController (KanbanServer).
2026-06-20 15:22:26.174 +09:00 [INF] Executed DbCommand (0ms) [Parameters=[@p='?' (Size = 32)], CommandType='"Text"', CommandTimeout='30']
SELECT "t"."TicketId", "t"."Assignees", "t"."AssigneesJson", "t"."Category", "t"."ChildTasksJson", "t"."Column", "t"."Effort", "t"."EndDate", "t"."Id", "t"."IsArchived", "t"."IsEmergency", "t"."IsLocked", "t"."Labels", "t"."LabelsJson", "t"."MainAssignee", "t"."Memo", "t"."Position", "t"."PreviousColumn", "t"."Progress", "t"."StartDate", "t"."Title"
FROM "Tickets" AS "t"
WHERE "t"."TicketId" = @p
LIMIT 1
2026-06-20 15:22:26.177 +09:00 [INF] Executing OkObjectResult, writing value of type 'KanbanServer.Models.Ticket'.
2026-06-20 15:22:26.178 +09:00 [INF] Executed action KanbanServer.Controllers.TicketsController.Update (KanbanServer) in 5.0973ms
2026-06-20 15:22:26.179 +09:00 [INF] Executed endpoint 'KanbanServer.Controllers.TicketsController.Update (KanbanServer)'
2026-06-20 15:22:26.180 +09:00 [INF] Request finished HTTP/1.1 PUT http://localhost:5000/api/tickets/c274683c2bd74135bfb4f71b9905f17a - 200 null application/json; charset=utf-8 14.7498ms
2026-06-20 15:24:53.319 +09:00 [INF] Request starting HTTP/1.1 PUT http://localhost:5000/api/tickets/048bb089274440aa9f11cc0584377bc4 - application/json 196
2026-06-20 15:24:53.321 +09:00 [INF] CORS policy execution successful.
2026-06-20 15:24:53.322 +09:00 [INF] Executing endpoint 'KanbanServer.Controllers.TicketsController.Update (KanbanServer)'
2026-06-20 15:24:53.323 +09:00 [INF] Route matched with {action = "Update", controller = "Tickets"}. Executing controller action with signature System.Threading.Tasks.Task`1[Microsoft.AspNetCore.Mvc.ActionResult`1[KanbanServer.Models.Ticket]] Update(System.String, KanbanServer.Models.TicketDto) on controller KanbanServer.Controllers.TicketsController (KanbanServer).
2026-06-20 15:24:53.325 +09:00 [INF] Executed DbCommand (0ms) [Parameters=[@p='?' (Size = 32)], CommandType='"Text"', CommandTimeout='30']
SELECT "t"."TicketId", "t"."Assignees", "t"."AssigneesJson", "t"."Category", "t"."ChildTasksJson", "t"."Column", "t"."Effort", "t"."EndDate", "t"."Id", "t"."IsArchived", "t"."IsEmergency", "t"."IsLocked", "t"."Labels", "t"."LabelsJson", "t"."MainAssignee", "t"."Memo", "t"."Position", "t"."PreviousColumn", "t"."Progress", "t"."StartDate", "t"."Title"
FROM "Tickets" AS "t"
WHERE "t"."TicketId" = @p
LIMIT 1
2026-06-20 15:24:53.327 +09:00 [INF] Executing OkObjectResult, writing value of type 'KanbanServer.Models.Ticket'.
2026-06-20 15:24:53.327 +09:00 [INF] Executed action KanbanServer.Controllers.TicketsController.Update (KanbanServer) in 3.4983ms
2026-06-20 15:24:53.328 +09:00 [INF] Executed endpoint 'KanbanServer.Controllers.TicketsController.Update (KanbanServer)'
2026-06-20 15:24:53.328 +09:00 [INF] Request finished HTTP/1.1 PUT http://localhost:5000/api/tickets/048bb089274440aa9f11cc0584377bc4 - 200 null application/json; charset=utf-8 9.783ms
2026-06-20 15:25:04.960 +09:00 [INF] Request starting HTTP/1.1 PUT http://localhost:5000/api/tickets/ba5c79139a664a919115b115b827ac80 - application/json 188
2026-06-20 15:25:04.964 +09:00 [INF] CORS policy execution successful.
2026-06-20 15:25:04.965 +09:00 [INF] Executing endpoint 'KanbanServer.Controllers.TicketsController.Update (KanbanServer)'
2026-06-20 15:25:04.966 +09:00 [INF] Route matched with {action = "Update", controller = "Tickets"}. Executing controller action with signature System.Threading.Tasks.Task`1[Microsoft.AspNetCore.Mvc.ActionResult`1[KanbanServer.Models.Ticket]] Update(System.String, KanbanServer.Models.TicketDto) on controller KanbanServer.Controllers.TicketsController (KanbanServer).
2026-06-20 15:25:04.969 +09:00 [INF] Executed DbCommand (0ms) [Parameters=[@p='?' (Size = 32)], CommandType='"Text"', CommandTimeout='30']
SELECT "t"."TicketId", "t"."Assignees", "t"."AssigneesJson", "t"."Category", "t"."ChildTasksJson", "t"."Column", "t"."Effort", "t"."EndDate", "t"."Id", "t"."IsArchived", "t"."IsEmergency", "t"."IsLocked", "t"."Labels", "t"."LabelsJson", "t"."MainAssignee", "t"."Memo", "t"."Position", "t"."PreviousColumn", "t"."Progress", "t"."StartDate", "t"."Title"
FROM "Tickets" AS "t"
WHERE "t"."TicketId" = @p
LIMIT 1
2026-06-20 15:25:04.971 +09:00 [INF] Executing OkObjectResult, writing value of type 'KanbanServer.Models.Ticket'.
2026-06-20 15:25:04.972 +09:00 [INF] Executed action KanbanServer.Controllers.TicketsController.Update (KanbanServer) in 4.3879ms
2026-06-20 15:25:04.973 +09:00 [INF] Executed endpoint 'KanbanServer.Controllers.TicketsController.Update (KanbanServer)'
2026-06-20 15:25:04.974 +09:00 [INF] Request finished HTTP/1.1 PUT http://localhost:5000/api/tickets/ba5c79139a664a919115b115b827ac80 - 200 null application/json; charset=utf-8 14.2933ms
2026-06-20 15:25:18.506 +09:00 [INF] Request starting HTTP/1.1 PUT http://localhost:5000/api/tickets/9e59aabf62984f18b9bb083544aaec0c - application/json 188
2026-06-20 15:25:18.509 +09:00 [INF] CORS policy execution successful.
2026-06-20 15:25:18.510 +09:00 [INF] Executing endpoint 'KanbanServer.Controllers.TicketsController.Update (KanbanServer)'
2026-06-20 15:25:18.511 +09:00 [INF] Route matched with {action = "Update", controller = "Tickets"}. Executing controller action with signature System.Threading.Tasks.Task`1[Microsoft.AspNetCore.Mvc.ActionResult`1[KanbanServer.Models.Ticket]] Update(System.String, KanbanServer.Models.TicketDto) on controller KanbanServer.Controllers.TicketsController (KanbanServer).
2026-06-20 15:25:18.516 +09:00 [INF] Executed DbCommand (0ms) [Parameters=[@p='?' (Size = 32)], CommandType='"Text"', CommandTimeout='30']
SELECT "t"."TicketId", "t"."Assignees", "t"."AssigneesJson", "t"."Category", "t"."ChildTasksJson", "t"."Column", "t"."Effort", "t"."EndDate", "t"."Id", "t"."IsArchived", "t"."IsEmergency", "t"."IsLocked", "t"."Labels", "t"."LabelsJson", "t"."MainAssignee", "t"."Memo", "t"."Position", "t"."PreviousColumn", "t"."Progress", "t"."StartDate", "t"."Title"
FROM "Tickets" AS "t"
WHERE "t"."TicketId" = @p
LIMIT 1
2026-06-20 15:25:18.518 +09:00 [INF] Executing OkObjectResult, writing value of type 'KanbanServer.Models.Ticket'.
2026-06-20 15:25:18.519 +09:00 [INF] Executed action KanbanServer.Controllers.TicketsController.Update (KanbanServer) in 5.5057ms
2026-06-20 15:25:18.520 +09:00 [INF] Executed endpoint 'KanbanServer.Controllers.TicketsController.Update (KanbanServer)'
2026-06-20 15:25:18.521 +09:00 [INF] Request finished HTTP/1.1 PUT http://localhost:5000/api/tickets/9e59aabf62984f18b9bb083544aaec0c - 200 null application/json; charset=utf-8 15.0679ms
2026-06-20 15:25:20.234 +09:00 [INF] Request starting HTTP/1.1 PATCH http://localhost:5000/api/tickets/048bb089274440aa9f11cc0584377bc4/column - application/json 35
2026-06-20 15:25:20.237 +09:00 [INF] CORS policy execution successful.
2026-06-20 15:25:20.238 +09:00 [INF] Executing endpoint 'KanbanServer.Controllers.TicketsController.UpdateColumn (KanbanServer)'
2026-06-20 15:25:20.245 +09:00 [INF] Route matched with {action = "UpdateColumn", controller = "Tickets"}. Executing controller action with signature System.Threading.Tasks.Task`1[Microsoft.AspNetCore.Mvc.IActionResult] UpdateColumn(System.String, KanbanServer.Models.ColumnUpdateDto) on controller KanbanServer.Controllers.TicketsController (KanbanServer).
2026-06-20 15:25:20.251 +09:00 [INF] Executed DbCommand (0ms) [Parameters=[@p='?' (Size = 32)], CommandType='"Text"', CommandTimeout='30']
SELECT "t"."TicketId", "t"."Assignees", "t"."AssigneesJson", "t"."Category", "t"."ChildTasksJson", "t"."Column", "t"."Effort", "t"."EndDate", "t"."Id", "t"."IsArchived", "t"."IsEmergency", "t"."IsLocked", "t"."Labels", "t"."LabelsJson", "t"."MainAssignee", "t"."Memo", "t"."Position", "t"."PreviousColumn", "t"."Progress", "t"."StartDate", "t"."Title"
FROM "Tickets" AS "t"
WHERE "t"."TicketId" = @p
LIMIT 1
2026-06-20 15:25:20.263 +09:00 [INF] Executed DbCommand (0ms) [Parameters=[@newColumn='?' (Size = 5), @ticketId='?' (Size = 32)], CommandType='"Text"', CommandTimeout='30']
SELECT "t"."TicketId", "t"."Assignees", "t"."AssigneesJson", "t"."Category", "t"."ChildTasksJson", "t"."Column", "t"."Effort", "t"."EndDate", "t"."Id", "t"."IsArchived", "t"."IsEmergency", "t"."IsLocked", "t"."Labels", "t"."LabelsJson", "t"."MainAssignee", "t"."Memo", "t"."Position", "t"."PreviousColumn", "t"."Progress", "t"."StartDate", "t"."Title"
FROM "Tickets" AS "t"
WHERE "t"."Column" = @newColumn AND "t"."TicketId" <> @ticketId
ORDER BY "t"."Position", "t"."Id"
2026-06-20 15:25:20.280 +09:00 [INF] Executed DbCommand (1ms) [Parameters=[@newColumn='?' (Size = 5), @ticketId='?' (Size = 32), @newPos='?' (DbType = Double)], CommandType='"Text"', CommandTimeout='30']
SELECT EXISTS (
    SELECT 1
    FROM "Tickets" AS "t"
    WHERE "t"."Column" = @newColumn AND "t"."TicketId" <> @ticketId AND abs("t"."Position" - @newPos) < 100.0)
2026-06-20 15:25:20.311 +09:00 [INF] Executed DbCommand (0ms) [Parameters=[@p1='?' (Size = 32), @p0='?' (DbType = Double)], CommandType='"Text"', CommandTimeout='30']
UPDATE "Tickets" SET "Position" = @p0
WHERE "TicketId" = @p1
RETURNING 1;
2026-06-20 15:25:20.332 +09:00 [INF] Executing StatusCodeResult, setting HTTP status code 204
2026-06-20 15:25:20.333 +09:00 [INF] Executed action KanbanServer.Controllers.TicketsController.UpdateColumn (KanbanServer) in 86.2371ms
2026-06-20 15:25:20.333 +09:00 [INF] Executed endpoint 'KanbanServer.Controllers.TicketsController.UpdateColumn (KanbanServer)'
2026-06-20 15:25:20.334 +09:00 [INF] Request finished HTTP/1.1 PATCH http://localhost:5000/api/tickets/048bb089274440aa9f11cc0584377bc4/column - 204 null null 99.3997ms
2026-06-20 15:25:20.336 +09:00 [INF] Request starting HTTP/1.1 GET http://localhost:5000/api/tickets - null null
2026-06-20 15:25:20.337 +09:00 [INF] Executing endpoint 'KanbanServer.Controllers.TicketsController.GetAll (KanbanServer)'
2026-06-20 15:25:20.337 +09:00 [INF] Route matched with {action = "GetAll", controller = "Tickets"}. Executing controller action with signature System.Threading.Tasks.Task`1[Microsoft.AspNetCore.Mvc.ActionResult`1[System.Collections.Generic.List`1[KanbanServer.Models.Ticket]]] GetAll() on controller KanbanServer.Controllers.TicketsController (KanbanServer).
2026-06-20 15:25:20.338 +09:00 [INF] Executed DbCommand (0ms) [Parameters=[], CommandType='"Text"', CommandTimeout='30']
SELECT "t"."TicketId", "t"."Assignees", "t"."AssigneesJson", "t"."Category", "t"."ChildTasksJson", "t"."Column", "t"."Effort", "t"."EndDate", "t"."Id", "t"."IsArchived", "t"."IsEmergency", "t"."IsLocked", "t"."Labels", "t"."LabelsJson", "t"."MainAssignee", "t"."Memo", "t"."Position", "t"."PreviousColumn", "t"."Progress", "t"."StartDate", "t"."Title"
FROM "Tickets" AS "t"
2026-06-20 15:25:20.351 +09:00 [INF] Executing OkObjectResult, writing value of type 'System.Collections.Generic.List`1[[KanbanServer.Models.Ticket, KanbanServer, Version=1.0.0.0, Culture=neutral, PublicKeyToken=null]]'.
2026-06-20 15:25:20.353 +09:00 [INF] Executed action KanbanServer.Controllers.TicketsController.GetAll (KanbanServer) in 15.3575ms
2026-06-20 15:25:20.354 +09:00 [INF] Executed endpoint 'KanbanServer.Controllers.TicketsController.GetAll (KanbanServer)'
2026-06-20 15:25:20.355 +09:00 [INF] Request finished HTTP/1.1 GET http://localhost:5000/api/tickets - 200 null application/json; charset=utf-8 18.7985ms
2026-06-20 15:25:29.646 +09:00 [INF] Request starting HTTP/1.1 PUT http://localhost:5000/api/tickets/9e59aabf62984f18b9bb083544aaec0c - application/json 188
2026-06-20 15:25:29.649 +09:00 [INF] CORS policy execution successful.
2026-06-20 15:25:29.649 +09:00 [INF] Executing endpoint 'KanbanServer.Controllers.TicketsController.Update (KanbanServer)'
2026-06-20 15:25:29.650 +09:00 [INF] Route matched with {action = "Update", controller = "Tickets"}. Executing controller action with signature System.Threading.Tasks.Task`1[Microsoft.AspNetCore.Mvc.ActionResult`1[KanbanServer.Models.Ticket]] Update(System.String, KanbanServer.Models.TicketDto) on controller KanbanServer.Controllers.TicketsController (KanbanServer).
2026-06-20 15:25:29.653 +09:00 [INF] Executed DbCommand (0ms) [Parameters=[@p='?' (Size = 32)], CommandType='"Text"', CommandTimeout='30']
SELECT "t"."TicketId", "t"."Assignees", "t"."AssigneesJson", "t"."Category", "t"."ChildTasksJson", "t"."Column", "t"."Effort", "t"."EndDate", "t"."Id", "t"."IsArchived", "t"."IsEmergency", "t"."IsLocked", "t"."Labels", "t"."LabelsJson", "t"."MainAssignee", "t"."Memo", "t"."Position", "t"."PreviousColumn", "t"."Progress", "t"."StartDate", "t"."Title"
FROM "Tickets" AS "t"
WHERE "t"."TicketId" = @p
LIMIT 1
2026-06-20 15:25:29.655 +09:00 [INF] Executing OkObjectResult, writing value of type 'KanbanServer.Models.Ticket'.
2026-06-20 15:25:29.656 +09:00 [INF] Executed action KanbanServer.Controllers.TicketsController.Update (KanbanServer) in 4.4456ms
2026-06-20 15:25:29.657 +09:00 [INF] Executed endpoint 'KanbanServer.Controllers.TicketsController.Update (KanbanServer)'
2026-06-20 15:25:29.658 +09:00 [INF] Request finished HTTP/1.1 PUT http://localhost:5000/api/tickets/9e59aabf62984f18b9bb083544aaec0c - 200 null application/json; charset=utf-8 11.8162ms
2026-06-20 15:25:29.959 +09:00 [INF] Request starting HTTP/1.1 POST http://localhost:5000/api/tickets - application/json 204
2026-06-20 15:25:29.962 +09:00 [INF] CORS policy execution successful.
2026-06-20 15:25:29.963 +09:00 [INF] Executing endpoint 'KanbanServer.Controllers.TicketsController.Create (KanbanServer)'
2026-06-20 15:25:29.968 +09:00 [INF] Route matched with {action = "Create", controller = "Tickets"}. Executing controller action with signature System.Threading.Tasks.Task`1[Microsoft.AspNetCore.Mvc.ActionResult`1[KanbanServer.Models.Ticket]] Create(KanbanServer.Models.TicketDto) on controller KanbanServer.Controllers.TicketsController (KanbanServer).
2026-06-20 15:25:29.982 +09:00 [INF] Executed DbCommand (0ms) [Parameters=[], CommandType='"Text"', CommandTimeout='30']
SELECT MAX("t"."Id")
FROM "Tickets" AS "t"
2026-06-20 15:25:29.990 +09:00 [INF] Executed DbCommand (0ms) [Parameters=[@column='?' (Size = 4)], CommandType='"Text"', CommandTimeout='30']
SELECT MAX("t"."Position")
FROM "Tickets" AS "t"
WHERE "t"."Column" = @column
2026-06-20 15:25:30.035 +09:00 [INF] Executed DbCommand (1ms) [Parameters=[@p0='?' (Size = 32), @p1='?' (Size = 2), @p2='?' (Size = 2), @p3='?' (Size = 3), @p4='?' (Size = 2), @p5='?' (Size = 4), @p6='?' (DbType = Int32), @p7='?' (DbType = DateTime), @p8='?' (DbType = Int32), @p9='?' (DbType = Boolean), @p10='?' (DbType = Boolean), @p11='?' (Size = 2), @p12='?' (Size = 2), @p13='?', @p14='?', @p15='?' (DbType = Double), @p16='?', @p17='?' (DbType = Int32), @p18='?' (DbType = DateTime), @p19='?' (Size = 3)], CommandType='"Text"', CommandTimeout='30']
INSERT INTO "Tickets" ("TicketId", "Assignees", "AssigneesJson", "Category", "ChildTasksJson", "Column", "Effort", "EndDate", "Id", "IsEmergency", "IsLocked", "Labels", "LabelsJson", "MainAssignee", "Memo", "Position", "PreviousColumn", "Progress", "StartDate", "Title")
VALUES (@p0, @p1, @p2, @p3, @p4, @p5, @p6, @p7, @p8, @p9, @p10, @p11, @p12, @p13, @p14, @p15, @p16, @p17, @p18, @p19)
RETURNING "IsArchived";
2026-06-20 15:25:30.042 +09:00 [INF] Executed DbCommand (0ms) [Parameters=[@p0='?' (DbType = DateTime), @p1='?', @p2='?' (Size = 32), @p3='?' (Size = 7), @p4='?'], CommandType='"Text"', CommandTimeout='30']
INSERT INTO "TicketHistories" ("Date", "PreviousValue", "TicketId", "Type", "Value")
VALUES (@p0, @p1, @p2, @p3, @p4)
RETURNING "Id";
2026-06-20 15:25:30.057 +09:00 [INF] Executing CreatedAtActionResult, writing value of type 'KanbanServer.Models.Ticket'.
2026-06-20 15:25:30.067 +09:00 [INF] Executed action KanbanServer.Controllers.TicketsController.Create (KanbanServer) in 98.0218ms
2026-06-20 15:25:30.068 +09:00 [INF] Executed endpoint 'KanbanServer.Controllers.TicketsController.Create (KanbanServer)'
2026-06-20 15:25:30.069 +09:00 [INF] Request finished HTTP/1.1 POST http://localhost:5000/api/tickets - 201 null application/json; charset=utf-8 109.8312ms
2026-06-20 15:30:23.367 +09:00 [INF] Executed DbCommand (12ms) [Parameters=[], CommandType='"Text"', CommandTimeout='30']
SELECT COUNT(*) FROM "sqlite_master" WHERE "type" = 'table' AND "rootpage" IS NOT NULL;
2026-06-20 15:30:23.452 +09:00 [WRN] Overriding address(es) 'http://localhost:5171'. Binding to endpoints defined via IConfiguration and/or UseKestrel() instead.
2026-06-20 15:30:23.459 +09:00 [INF] Now listening on: http://0.0.0.0:5000
2026-06-20 15:30:23.460 +09:00 [INF] Application started. Press Ctrl+C to shut down.
2026-06-20 15:30:23.461 +09:00 [INF] Hosting environment: Development
2026-06-20 15:30:23.461 +09:00 [INF] Content root path: C:\repos\mykanban
2026-06-20 15:30:41.463 +09:00 [INF] Request starting HTTP/1.1 GET http://localhost:5000/ - null null
2026-06-20 15:30:41.487 +09:00 [INF] Executing endpoint 'Fallback {*path:nonfile}'
2026-06-20 15:30:41.495 +09:00 [INF] Executed endpoint 'Fallback {*path:nonfile}'
2026-06-20 15:30:41.497 +09:00 [INF] Request finished HTTP/1.1 GET http://localhost:5000/ - 200 null text/html; charset=utf-8 35.6439ms
2026-06-20 15:30:41.507 +09:00 [INF] Request starting HTTP/1.1 GET http://localhost:5000/styles.css - null null
2026-06-20 15:30:41.515 +09:00 [INF] The file /styles.css was not modified
2026-06-20 15:30:41.517 +09:00 [INF] Request finished HTTP/1.1 GET http://localhost:5000/styles.css - 304 null text/css 10.4431ms
2026-06-20 15:30:41.579 +09:00 [INF] Request starting HTTP/1.1 GET http://localhost:5000/modules/renderer.js - null null
2026-06-20 15:30:41.586 +09:00 [INF] CORS policy execution successful.
2026-06-20 15:30:41.588 +09:00 [INF] The file /modules/renderer.js was not modified
2026-06-20 15:30:41.590 +09:00 [INF] Request finished HTTP/1.1 GET http://localhost:5000/modules/renderer.js - 304 null text/javascript 10.8931ms
2026-06-20 15:30:41.594 +09:00 [INF] Request starting HTTP/1.1 GET http://localhost:5000/modules/dragdrop.js - null null
2026-06-20 15:30:41.598 +09:00 [INF] CORS policy execution successful.
2026-06-20 15:30:41.606 +09:00 [INF] Sending file. Request path: '/modules/dragdrop.js'. Physical path: 'C:\repos\mykanban\bin\Debug\net10.0\wwwroot\modules\dragdrop.js'
2026-06-20 15:30:41.608 +09:00 [INF] Request finished HTTP/1.1 GET http://localhost:5000/modules/dragdrop.js - 200 7088 text/javascript 13.1321ms
2026-06-20 15:30:41.613 +09:00 [INF] Request starting HTTP/1.1 GET http://localhost:5000/modules/modal.js - null null
2026-06-20 15:30:41.616 +09:00 [INF] CORS policy execution successful.
2026-06-20 15:30:41.617 +09:00 [INF] The file /modules/modal.js was not modified
2026-06-20 15:30:41.619 +09:00 [INF] Request finished HTTP/1.1 GET http://localhost:5000/modules/modal.js - 304 null text/javascript 6.2809ms
2026-06-20 15:30:42.267 +09:00 [INF] Request starting HTTP/1.1 GET http://localhost:5000/ - null null
2026-06-20 15:30:42.268 +09:00 [INF] Executing endpoint 'Fallback {*path:nonfile}'
2026-06-20 15:30:42.269 +09:00 [INF] Executed endpoint 'Fallback {*path:nonfile}'
2026-06-20 15:30:42.270 +09:00 [INF] Request finished HTTP/1.1 GET http://localhost:5000/ - 200 null text/html; charset=utf-8 3.2769ms
2026-06-20 15:30:42.274 +09:00 [INF] Request starting HTTP/1.1 GET http://localhost:5000/styles.css - null null
2026-06-20 15:30:42.277 +09:00 [INF] Request starting HTTP/1.1 GET http://localhost:5000/app.js - null null
2026-06-20 15:30:42.278 +09:00 [INF] CORS policy execution successful.
2026-06-20 15:30:42.282 +09:00 [INF] Sending file. Request path: '/styles.css'. Physical path: 'C:\repos\mykanban\bin\Debug\net10.0\wwwroot\styles.css'
2026-06-20 15:30:42.282 +09:00 [INF] Sending file. Request path: '/app.js'. Physical path: 'C:\repos\mykanban\bin\Debug\net10.0\wwwroot\app.js'
2026-06-20 15:30:42.284 +09:00 [INF] Request finished HTTP/1.1 GET http://localhost:5000/styles.css - 200 60661 text/css 10.0839ms
2026-06-20 15:30:42.284 +09:00 [INF] Request finished HTTP/1.1 GET http://localhost:5000/app.js - 200 23659 text/javascript 7.7397ms
2026-06-20 15:30:42.289 +09:00 [INF] Request starting HTTP/1.1 GET http://localhost:5000/modules/renderer.js - null null
2026-06-20 15:30:42.289 +09:00 [INF] Request starting HTTP/1.1 GET http://localhost:5000/modules/state.js - null null
2026-06-20 15:30:42.289 +09:00 [INF] Request starting HTTP/1.1 GET http://localhost:5000/modules/dragdrop.js - null null
2026-06-20 15:30:42.291 +09:00 [INF] Request starting HTTP/1.1 GET http://localhost:5000/modules/api.js - null null
2026-06-20 15:30:42.298 +09:00 [INF] CORS policy execution successful.
2026-06-20 15:30:42.298 +09:00 [INF] CORS policy execution successful.
2026-06-20 15:30:42.300 +09:00 [INF] CORS policy execution successful.
2026-06-20 15:30:42.300 +09:00 [INF] CORS policy execution successful.
2026-06-20 15:30:42.301 +09:00 [INF] Sending file. Request path: '/modules/dragdrop.js'. Physical path: 'C:\repos\mykanban\bin\Debug\net10.0\wwwroot\modules\dragdrop.js'
2026-06-20 15:30:42.301 +09:00 [INF] Sending file. Request path: '/modules/api.js'. Physical path: 'C:\repos\mykanban\bin\Debug\net10.0\wwwroot\modules\api.js'
2026-06-20 15:30:42.301 +09:00 [INF] Sending file. Request path: '/modules/state.js'. Physical path: 'C:\repos\mykanban\bin\Debug\net10.0\wwwroot\modules\state.js'
2026-06-20 15:30:42.306 +09:00 [INF] Sending file. Request path: '/modules/renderer.js'. Physical path: 'C:\repos\mykanban\bin\Debug\net10.0\wwwroot\modules\renderer.js'
2026-06-20 15:30:42.308 +09:00 [INF] Request finished HTTP/1.1 GET http://localhost:5000/modules/api.js - 200 6109 text/javascript 15.4168ms
2026-06-20 15:30:42.308 +09:00 [INF] Request finished HTTP/1.1 GET http://localhost:5000/modules/renderer.js - 200 29602 text/javascript 19.1929ms
2026-06-20 15:30:42.308 +09:00 [INF] Request finished HTTP/1.1 GET http://localhost:5000/modules/state.js - 200 20762 text/javascript 19.1927ms
2026-06-20 15:30:42.308 +09:00 [INF] Request finished HTTP/1.1 GET http://localhost:5000/modules/dragdrop.js - 200 7088 text/javascript 17.4105ms
2026-06-20 15:30:42.325 +09:00 [INF] Request starting HTTP/1.1 GET http://localhost:5000/modules/assignees.js - null null
2026-06-20 15:30:42.325 +09:00 [INF] Request starting HTTP/1.1 GET http://localhost:5000/modules/modal.js - null null
2026-06-20 15:30:42.325 +09:00 [INF] Request starting HTTP/1.1 GET http://localhost:5000/modules/childtasks.js - null null
2026-06-20 15:30:42.325 +09:00 [INF] Request starting HTTP/1.1 GET http://localhost:5000/modules/labels.js - null null
2026-06-20 15:30:42.337 +09:00 [INF] CORS policy execution successful.
2026-06-20 15:30:42.337 +09:00 [INF] CORS policy execution successful.
2026-06-20 15:30:42.337 +09:00 [INF] CORS policy execution successful.
2026-06-20 15:30:42.337 +09:00 [INF] CORS policy execution successful.
2026-06-20 15:30:42.342 +09:00 [INF] Sending file. Request path: '/modules/assignees.js'. Physical path: 'C:\repos\mykanban\bin\Debug\net10.0\wwwroot\modules\assignees.js'
2026-06-20 15:30:42.344 +09:00 [INF] Sending file. Request path: '/modules/labels.js'. Physical path: 'C:\repos\mykanban\bin\Debug\net10.0\wwwroot\modules\labels.js'
2026-06-20 15:30:42.344 +09:00 [INF] Sending file. Request path: '/modules/childtasks.js'. Physical path: 'C:\repos\mykanban\bin\Debug\net10.0\wwwroot\modules\childtasks.js'
2026-06-20 15:30:42.346 +09:00 [INF] Request finished HTTP/1.1 GET http://localhost:5000/modules/assignees.js - 200 8700 text/javascript 19.0281ms
2026-06-20 15:30:42.346 +09:00 [INF] Sending file. Request path: '/modules/modal.js'. Physical path: 'C:\repos\mykanban\bin\Debug\net10.0\wwwroot\modules\modal.js'
2026-06-20 15:30:42.346 +09:00 [INF] Request finished HTTP/1.1 GET http://localhost:5000/modules/childtasks.js - 200 11906 text/javascript 21.4484ms
2026-06-20 15:30:42.354 +09:00 [INF] Request finished HTTP/1.1 GET http://localhost:5000/modules/labels.js - 200 5192 text/javascript 21.4735ms
2026-06-20 15:30:42.356 +09:00 [INF] Request starting HTTP/1.1 GET http://localhost:5000/modules/filter.js - null null
2026-06-20 15:30:42.356 +09:00 [INF] Request finished HTTP/1.1 GET http://localhost:5000/modules/modal.js - 200 21185 text/javascript 29.4454ms
2026-06-20 15:30:42.356 +09:00 [INF] Request starting HTTP/1.1 GET http://localhost:5000/modules/history.js - null null
2026-06-20 15:30:42.356 +09:00 [INF] Request starting HTTP/1.1 GET http://localhost:5000/modules/actual.js - null null
2026-06-20 15:30:42.366 +09:00 [INF] CORS policy execution successful.
2026-06-20 15:30:42.366 +09:00 [INF] Request starting HTTP/1.1 GET http://localhost:5000/modules/archive.js - null null
2026-06-20 15:30:42.366 +09:00 [INF] CORS policy execution successful.
2026-06-20 15:30:42.366 +09:00 [INF] CORS policy execution successful.
2026-06-20 15:30:42.370 +09:00 [INF] CORS policy execution successful.
2026-06-20 15:30:42.370 +09:00 [INF] Sending file. Request path: '/modules/filter.js'. Physical path: 'C:\repos\mykanban\bin\Debug\net10.0\wwwroot\modules\filter.js'
2026-06-20 15:30:42.370 +09:00 [INF] Sending file. Request path: '/modules/actual.js'. Physical path: 'C:\repos\mykanban\bin\Debug\net10.0\wwwroot\modules\actual.js'
2026-06-20 15:30:42.370 +09:00 [INF] Sending file. Request path: '/modules/history.js'. Physical path: 'C:\repos\mykanban\bin\Debug\net10.0\wwwroot\modules\history.js'
2026-06-20 15:30:42.375 +09:00 [INF] Request finished HTTP/1.1 GET http://localhost:5000/modules/history.js - 200 9423 text/javascript 18.2284ms
2026-06-20 15:30:42.375 +09:00 [INF] Request finished HTTP/1.1 GET http://localhost:5000/modules/actual.js - 200 11688 text/javascript 18.2373ms
2026-06-20 15:30:42.375 +09:00 [INF] Request finished HTTP/1.1 GET http://localhost:5000/modules/filter.js - 200 7563 text/javascript 18.2455ms
2026-06-20 15:30:42.383 +09:00 [INF] Sending file. Request path: '/modules/archive.js'. Physical path: 'C:\repos\mykanban\bin\Debug\net10.0\wwwroot\modules\archive.js'
2026-06-20 15:30:42.384 +09:00 [INF] Request starting HTTP/1.1 GET http://localhost:5000/modules/settings.js - null null
2026-06-20 15:30:42.384 +09:00 [INF] Request starting HTTP/1.1 GET http://localhost:5000/modules/auth.js - null null
2026-06-20 15:30:42.384 +09:00 [INF] Request starting HTTP/1.1 GET http://localhost:5000/modules/memo.js - null null
2026-06-20 15:30:42.386 +09:00 [INF] Request finished HTTP/1.1 GET http://localhost:5000/modules/archive.js - 200 944 text/javascript 18.5929ms
2026-06-20 15:30:42.393 +09:00 [INF] Request starting HTTP/1.1 GET http://localhost:5000/modules/logger.js - null null
2026-06-20 15:30:42.395 +09:00 [INF] CORS policy execution successful.
2026-06-20 15:30:42.395 +09:00 [INF] CORS policy execution successful.
2026-06-20 15:30:42.395 +09:00 [INF] CORS policy execution successful.
2026-06-20 15:30:42.397 +09:00 [INF] CORS policy execution successful.
2026-06-20 15:30:42.398 +09:00 [INF] Sending file. Request path: '/modules/memo.js'. Physical path: 'C:\repos\mykanban\bin\Debug\net10.0\wwwroot\modules\memo.js'
2026-06-20 15:30:42.399 +09:00 [INF] Sending file. Request path: '/modules/auth.js'. Physical path: 'C:\repos\mykanban\bin\Debug\net10.0\wwwroot\modules\auth.js'
2026-06-20 15:30:42.399 +09:00 [INF] Sending file. Request path: '/modules/settings.js'. Physical path: 'C:\repos\mykanban\bin\Debug\net10.0\wwwroot\modules\settings.js'
2026-06-20 15:30:42.399 +09:00 [INF] Request finished HTTP/1.1 GET http://localhost:5000/modules/memo.js - 200 3562 text/javascript 14.8242ms
2026-06-20 15:30:42.404 +09:00 [INF] Sending file. Request path: '/modules/logger.js'. Physical path: 'C:\repos\mykanban\bin\Debug\net10.0\wwwroot\modules\logger.js'
2026-06-20 15:30:42.405 +09:00 [INF] Request finished HTTP/1.1 GET http://localhost:5000/modules/logger.js - 200 6900 text/javascript 12.3588ms
2026-06-20 15:30:42.405 +09:00 [INF] Request finished HTTP/1.1 GET http://localhost:5000/modules/settings.js - 200 28809 text/javascript 20.7558ms
2026-06-20 15:30:42.405 +09:00 [INF] Request finished HTTP/1.1 GET http://localhost:5000/modules/auth.js - 200 4113 text/javascript 19.7231ms
2026-06-20 15:30:42.412 +09:00 [INF] Request starting HTTP/1.1 GET http://localhost:5000/modules/charts.js - null null
2026-06-20 15:30:42.414 +09:00 [INF] Request starting HTTP/1.1 GET http://localhost:5000/modules/ticketService.js - null null
2026-06-20 15:30:42.416 +09:00 [INF] CORS policy execution successful.
2026-06-20 15:30:42.417 +09:00 [INF] CORS policy execution successful.
2026-06-20 15:30:42.418 +09:00 [INF] Sending file. Request path: '/modules/ticketService.js'. Physical path: 'C:\repos\mykanban\bin\Debug\net10.0\wwwroot\modules\ticketService.js'
2026-06-20 15:30:42.419 +09:00 [INF] Sending file. Request path: '/modules/charts.js'. Physical path: 'C:\repos\mykanban\bin\Debug\net10.0\wwwroot\modules\charts.js'
2026-06-20 15:30:42.420 +09:00 [INF] Request finished HTTP/1.1 GET http://localhost:5000/modules/ticketService.js - 200 1719 text/javascript 4.816ms
2026-06-20 15:30:42.420 +09:00 [INF] Request finished HTTP/1.1 GET http://localhost:5000/modules/charts.js - 200 46291 text/javascript 7.8366ms
2026-06-20 15:30:42.428 +09:00 [INF] Request starting HTTP/1.1 GET http://localhost:5000/favicon.ico - null null
2026-06-20 15:30:42.430 +09:00 [INF] Request finished HTTP/1.1 GET http://localhost:5000/favicon.ico - 404 0 null 2.4357ms
2026-06-20 15:30:42.433 +09:00 [INF] Request reached the end of the middleware pipeline without being handled by application code. Request path: GET http://localhost:5000/favicon.ico, Response status code: 404
2026-06-20 15:30:43.344 +09:00 [INF] Request starting HTTP/1.1 POST http://localhost:5000/api/auth/login - application/json 38
2026-06-20 15:30:43.348 +09:00 [INF] CORS policy execution successful.
2026-06-20 15:30:43.349 +09:00 [INF] Executing endpoint 'KanbanServer.Controllers.AuthController.Login (KanbanServer)'
2026-06-20 15:30:43.361 +09:00 [INF] Route matched with {action = "Login", controller = "Auth"}. Executing controller action with signature Microsoft.AspNetCore.Mvc.IActionResult Login(LoginRequest) on controller KanbanServer.Controllers.AuthController (KanbanServer).
2026-06-20 15:30:43.386 +09:00 [INF] Executing OkObjectResult, writing value of type '<>f__AnonymousType1`3[[System.String, System.Private.CoreLib, Version=10.0.0.0, Culture=neutral, PublicKeyToken=7cec85d7bea7798e],[System.Boolean, System.Private.CoreLib, Version=10.0.0.0, Culture=neutral, PublicKeyToken=7cec85d7bea7798e],[System.String, System.Private.CoreLib, Version=10.0.0.0, Culture=neutral, PublicKeyToken=7cec85d7bea7798e]]'.
2026-06-20 15:30:43.394 +09:00 [INF] Executed action KanbanServer.Controllers.AuthController.Login (KanbanServer) in 28.7428ms
2026-06-20 15:30:43.395 +09:00 [INF] Executed endpoint 'KanbanServer.Controllers.AuthController.Login (KanbanServer)'
2026-06-20 15:30:43.396 +09:00 [INF] Request finished HTTP/1.1 POST http://localhost:5000/api/auth/login - 200 null application/json; charset=utf-8 51.771ms
2026-06-20 15:30:43.398 +09:00 [INF] Request starting HTTP/1.1 GET http://localhost:5000/api/settings - null null
2026-06-20 15:30:43.401 +09:00 [INF] Executing endpoint 'KanbanServer.Controllers.SettingsController.Get (KanbanServer)'
2026-06-20 15:30:43.406 +09:00 [INF] Route matched with {action = "Get", controller = "Settings"}. Executing controller action with signature System.Threading.Tasks.Task`1[Microsoft.AspNetCore.Mvc.ActionResult`1[KanbanServer.Models.Setting]] Get() on controller KanbanServer.Controllers.SettingsController (KanbanServer).
2026-06-20 15:30:43.518 +09:00 [WRN] The query uses the 'First'/'FirstOrDefault' operator without 'OrderBy' and filter operators. This may lead to unpredictable results.
2026-06-20 15:30:43.708 +09:00 [INF] Executed DbCommand (1ms) [Parameters=[], CommandType='"Text"', CommandTimeout='30']
SELECT "s"."Id", "s"."Holidays", "s"."HolidaysJson", "s"."LabelsJson", "s"."Users", "s"."UsersJson"
FROM "Settings" AS "s"
LIMIT 1
2026-06-20 15:30:43.747 +09:00 [INF] Executing OkObjectResult, writing value of type 'KanbanServer.Models.Setting'.
2026-06-20 15:30:43.750 +09:00 [INF] Executed action KanbanServer.Controllers.SettingsController.Get (KanbanServer) in 343.2575ms
2026-06-20 15:30:43.751 +09:00 [INF] Executed endpoint 'KanbanServer.Controllers.SettingsController.Get (KanbanServer)'
2026-06-20 15:30:43.753 +09:00 [INF] Request starting HTTP/1.1 GET http://localhost:5000/api/tickets/labels/suggest - null null
2026-06-20 15:30:43.753 +09:00 [INF] Request starting HTTP/1.1 GET http://localhost:5000/api/tickets/assignees/suggest - null null
2026-06-20 15:30:43.755 +09:00 [INF] Request finished HTTP/1.1 GET http://localhost:5000/api/settings - 200 null application/json; charset=utf-8 356.8128ms
2026-06-20 15:30:43.756 +09:00 [INF] Request starting HTTP/1.1 GET http://localhost:5000/api/tickets - null null
2026-06-20 15:30:43.757 +09:00 [INF] Executing endpoint 'KanbanServer.Controllers.TicketsController.GetLabelsSuggest (KanbanServer)'
2026-06-20 15:30:43.757 +09:00 [INF] Executing endpoint 'KanbanServer.Controllers.TicketsController.GetAssigneesSuggest (KanbanServer)'
2026-06-20 15:30:43.758 +09:00 [INF] Executing endpoint 'KanbanServer.Controllers.TicketsController.GetAll (KanbanServer)'
2026-06-20 15:30:43.763 +09:00 [INF] Route matched with {action = "GetAll", controller = "Tickets"}. Executing controller action with signature System.Threading.Tasks.Task`1[Microsoft.AspNetCore.Mvc.ActionResult`1[System.Collections.Generic.List`1[KanbanServer.Models.Ticket]]] GetAll() on controller KanbanServer.Controllers.TicketsController (KanbanServer).
2026-06-20 15:30:43.763 +09:00 [INF] Route matched with {action = "GetLabelsSuggest", controller = "Tickets"}. Executing controller action with signature System.Threading.Tasks.Task`1[Microsoft.AspNetCore.Mvc.ActionResult`1[System.Collections.Generic.List`1[KanbanServer.Models.LabelSuggestDto]]] GetLabelsSuggest() on controller KanbanServer.Controllers.TicketsController (KanbanServer).
2026-06-20 15:30:43.763 +09:00 [INF] Route matched with {action = "GetAssigneesSuggest", controller = "Tickets"}. Executing controller action with signature System.Threading.Tasks.Task`1[Microsoft.AspNetCore.Mvc.ActionResult`1[System.Collections.Generic.List`1[System.String]]] GetAssigneesSuggest() on controller KanbanServer.Controllers.TicketsController (KanbanServer).
2026-06-20 15:30:43.814 +09:00 [INF] Executed DbCommand (0ms) [Parameters=[], CommandType='"Text"', CommandTimeout='30']
SELECT "s"."Id", "s"."Holidays", "s"."HolidaysJson", "s"."LabelsJson", "s"."Users", "s"."UsersJson"
FROM "Settings" AS "s"
LIMIT 1
2026-06-20 15:30:43.826 +09:00 [INF] Executed DbCommand (0ms) [Parameters=[], CommandType='"Text"', CommandTimeout='30']
SELECT "t"."TicketId", "t"."Assignees", "t"."AssigneesJson", "t"."Category", "t"."ChildTasksJson", "t"."Column", "t"."Effort", "t"."EndDate", "t"."Id", "t"."IsArchived", "t"."IsEmergency", "t"."IsLocked", "t"."Labels", "t"."LabelsJson", "t"."MainAssignee", "t"."Memo", "t"."Position", "t"."PreviousColumn", "t"."Progress", "t"."StartDate", "t"."Title"
FROM "Tickets" AS "t"
2026-06-20 15:30:43.827 +09:00 [INF] Executed DbCommand (7ms) [Parameters=[], CommandType='"Text"', CommandTimeout='30']
SELECT "s"."Id", "s"."Holidays", "s"."HolidaysJson", "s"."LabelsJson", "s"."Users", "s"."UsersJson"
FROM "Settings" AS "s"
LIMIT 1
2026-06-20 15:30:43.853 +09:00 [INF] Executed DbCommand (0ms) [Parameters=[], CommandType='"Text"', CommandTimeout='30']
SELECT "t"."TicketId", "t"."Assignees", "t"."AssigneesJson", "t"."Category", "t"."ChildTasksJson", "t"."Column", "t"."Effort", "t"."EndDate", "t"."Id", "t"."IsArchived", "t"."IsEmergency", "t"."IsLocked", "t"."Labels", "t"."LabelsJson", "t"."MainAssignee", "t"."Memo", "t"."Position", "t"."PreviousColumn", "t"."Progress", "t"."StartDate", "t"."Title"
FROM "Tickets" AS "t"
WHERE length("t"."LabelsJson") > 2
2026-06-20 15:30:43.855 +09:00 [INF] Executed DbCommand (2ms) [Parameters=[], CommandType='"Text"', CommandTimeout='30']
SELECT "t"."TicketId", "t"."Assignees", "t"."AssigneesJson", "t"."Category", "t"."ChildTasksJson", "t"."Column", "t"."Effort", "t"."EndDate", "t"."Id", "t"."IsArchived", "t"."IsEmergency", "t"."IsLocked", "t"."Labels", "t"."LabelsJson", "t"."MainAssignee", "t"."Memo", "t"."Position", "t"."PreviousColumn", "t"."Progress", "t"."StartDate", "t"."Title"
FROM "Tickets" AS "t"
WHERE length("t"."AssigneesJson") > 2
2026-06-20 15:30:43.860 +09:00 [INF] Executing OkObjectResult, writing value of type 'System.Collections.Generic.List`1[[System.String, System.Private.CoreLib, Version=10.0.0.0, Culture=neutral, PublicKeyToken=7cec85d7bea7798e]]'.
2026-06-20 15:30:43.861 +09:00 [INF] Executing OkObjectResult, writing value of type 'System.Collections.Generic.List`1[[KanbanServer.Models.LabelSuggestDto, KanbanServer, Version=1.0.0.0, Culture=neutral, PublicKeyToken=null]]'.
2026-06-20 15:30:43.862 +09:00 [INF] Executed action KanbanServer.Controllers.TicketsController.GetAssigneesSuggest (KanbanServer) in 97.6625ms
2026-06-20 15:30:43.863 +09:00 [INF] Executed endpoint 'KanbanServer.Controllers.TicketsController.GetAssigneesSuggest (KanbanServer)'
2026-06-20 15:30:43.864 +09:00 [INF] Executed action KanbanServer.Controllers.TicketsController.GetLabelsSuggest (KanbanServer) in 99.432ms
2026-06-20 15:30:43.865 +09:00 [INF] Executed endpoint 'KanbanServer.Controllers.TicketsController.GetLabelsSuggest (KanbanServer)'
2026-06-20 15:30:43.868 +09:00 [INF] Request finished HTTP/1.1 GET http://localhost:5000/api/tickets/labels/suggest - 200 null application/json; charset=utf-8 115.7836ms
2026-06-20 15:30:43.868 +09:00 [INF] Request finished HTTP/1.1 GET http://localhost:5000/api/tickets/assignees/suggest - 200 null application/json; charset=utf-8 115.7817ms
2026-06-20 15:30:43.874 +09:00 [INF] Executing OkObjectResult, writing value of type 'System.Collections.Generic.List`1[[KanbanServer.Models.Ticket, KanbanServer, Version=1.0.0.0, Culture=neutral, PublicKeyToken=null]]'.
2026-06-20 15:30:43.889 +09:00 [INF] Executed action KanbanServer.Controllers.TicketsController.GetAll (KanbanServer) in 125.2625ms
2026-06-20 15:30:43.889 +09:00 [INF] Executed endpoint 'KanbanServer.Controllers.TicketsController.GetAll (KanbanServer)'
2026-06-20 15:30:43.890 +09:00 [INF] Request finished HTTP/1.1 GET http://localhost:5000/api/tickets - 200 null application/json; charset=utf-8 133.4513ms
2026-06-20 15:30:46.689 +09:00 [INF] Request starting HTTP/1.1 PATCH http://localhost:5000/api/tickets/ba5c79139a664a919115b115b827ac80/column - application/json 34
2026-06-20 15:30:46.694 +09:00 [INF] CORS policy execution successful.
2026-06-20 15:30:46.695 +09:00 [INF] Executing endpoint 'KanbanServer.Controllers.TicketsController.UpdateColumn (KanbanServer)'
2026-06-20 15:30:46.700 +09:00 [INF] Route matched with {action = "UpdateColumn", controller = "Tickets"}. Executing controller action with signature System.Threading.Tasks.Task`1[Microsoft.AspNetCore.Mvc.IActionResult] UpdateColumn(System.String, KanbanServer.Models.ColumnUpdateDto) on controller KanbanServer.Controllers.TicketsController (KanbanServer).
2026-06-20 15:30:46.732 +09:00 [INF] Executed DbCommand (2ms) [Parameters=[@p='?' (Size = 32)], CommandType='"Text"', CommandTimeout='30']
SELECT "t"."TicketId", "t"."Assignees", "t"."AssigneesJson", "t"."Category", "t"."ChildTasksJson", "t"."Column", "t"."Effort", "t"."EndDate", "t"."Id", "t"."IsArchived", "t"."IsEmergency", "t"."IsLocked", "t"."Labels", "t"."LabelsJson", "t"."MainAssignee", "t"."Memo", "t"."Position", "t"."PreviousColumn", "t"."Progress", "t"."StartDate", "t"."Title"
FROM "Tickets" AS "t"
WHERE "t"."TicketId" = @p
LIMIT 1
2026-06-20 15:30:46.746 +09:00 [INF] Executed DbCommand (0ms) [Parameters=[@newColumn='?' (Size = 5), @ticketId='?' (Size = 32)], CommandType='"Text"', CommandTimeout='30']
SELECT "t"."TicketId", "t"."Assignees", "t"."AssigneesJson", "t"."Category", "t"."ChildTasksJson", "t"."Column", "t"."Effort", "t"."EndDate", "t"."Id", "t"."IsArchived", "t"."IsEmergency", "t"."IsLocked", "t"."Labels", "t"."LabelsJson", "t"."MainAssignee", "t"."Memo", "t"."Position", "t"."PreviousColumn", "t"."Progress", "t"."StartDate", "t"."Title"
FROM "Tickets" AS "t"
WHERE "t"."Column" = @newColumn AND "t"."TicketId" <> @ticketId
ORDER BY "t"."Position", "t"."Id"
2026-06-20 15:30:46.761 +09:00 [INF] Executed DbCommand (1ms) [Parameters=[@newColumn='?' (Size = 5), @ticketId='?' (Size = 32), @newPos='?' (DbType = Double)], CommandType='"Text"', CommandTimeout='30']
SELECT EXISTS (
    SELECT 1
    FROM "Tickets" AS "t"
    WHERE "t"."Column" = @newColumn AND "t"."TicketId" <> @ticketId AND abs("t"."Position" - @newPos) < 100.0)
2026-06-20 15:30:46.817 +09:00 [INF] Executed DbCommand (0ms) [Parameters=[@p1='?' (Size = 32), @p0='?' (DbType = Double)], CommandType='"Text"', CommandTimeout='30']
UPDATE "Tickets" SET "Position" = @p0
WHERE "TicketId" = @p1
RETURNING 1;
2026-06-20 15:30:46.825 +09:00 [INF] Executing StatusCodeResult, setting HTTP status code 204
2026-06-20 15:30:46.825 +09:00 [INF] Executed action KanbanServer.Controllers.TicketsController.UpdateColumn (KanbanServer) in 122.7755ms
2026-06-20 15:30:46.826 +09:00 [INF] Executed endpoint 'KanbanServer.Controllers.TicketsController.UpdateColumn (KanbanServer)'
2026-06-20 15:30:46.827 +09:00 [INF] Request finished HTTP/1.1 PATCH http://localhost:5000/api/tickets/ba5c79139a664a919115b115b827ac80/column - 204 null null 137.8692ms
2026-06-20 15:30:46.830 +09:00 [INF] Request starting HTTP/1.1 GET http://localhost:5000/api/tickets - null null
2026-06-20 15:30:46.832 +09:00 [INF] Executing endpoint 'KanbanServer.Controllers.TicketsController.GetAll (KanbanServer)'
2026-06-20 15:30:46.833 +09:00 [INF] Route matched with {action = "GetAll", controller = "Tickets"}. Executing controller action with signature System.Threading.Tasks.Task`1[Microsoft.AspNetCore.Mvc.ActionResult`1[System.Collections.Generic.List`1[KanbanServer.Models.Ticket]]] GetAll() on controller KanbanServer.Controllers.TicketsController (KanbanServer).
2026-06-20 15:30:46.835 +09:00 [INF] Executed DbCommand (0ms) [Parameters=[], CommandType='"Text"', CommandTimeout='30']
SELECT "t"."TicketId", "t"."Assignees", "t"."AssigneesJson", "t"."Category", "t"."ChildTasksJson", "t"."Column", "t"."Effort", "t"."EndDate", "t"."Id", "t"."IsArchived", "t"."IsEmergency", "t"."IsLocked", "t"."Labels", "t"."LabelsJson", "t"."MainAssignee", "t"."Memo", "t"."Position", "t"."PreviousColumn", "t"."Progress", "t"."StartDate", "t"."Title"
FROM "Tickets" AS "t"
2026-06-20 15:30:46.846 +09:00 [INF] Executing OkObjectResult, writing value of type 'System.Collections.Generic.List`1[[KanbanServer.Models.Ticket, KanbanServer, Version=1.0.0.0, Culture=neutral, PublicKeyToken=null]]'.
2026-06-20 15:30:46.850 +09:00 [INF] Executed action KanbanServer.Controllers.TicketsController.GetAll (KanbanServer) in 16.0454ms
2026-06-20 15:30:46.851 +09:00 [INF] Executed endpoint 'KanbanServer.Controllers.TicketsController.GetAll (KanbanServer)'
2026-06-20 15:30:46.851 +09:00 [INF] Request finished HTTP/1.1 GET http://localhost:5000/api/tickets - 200 null application/json; charset=utf-8 20.949ms
2026-06-20 15:30:57.118 +09:00 [INF] Request starting HTTP/1.1 PUT http://localhost:5000/api/tickets/ba5c79139a664a919115b115b827ac80 - application/json 188
2026-06-20 15:30:57.123 +09:00 [INF] CORS policy execution successful.
2026-06-20 15:30:57.124 +09:00 [INF] Executing endpoint 'KanbanServer.Controllers.TicketsController.Update (KanbanServer)'
2026-06-20 15:30:57.136 +09:00 [INF] Route matched with {action = "Update", controller = "Tickets"}. Executing controller action with signature System.Threading.Tasks.Task`1[Microsoft.AspNetCore.Mvc.ActionResult`1[KanbanServer.Models.Ticket]] Update(System.String, KanbanServer.Models.TicketDto) on controller KanbanServer.Controllers.TicketsController (KanbanServer).
2026-06-20 15:30:57.148 +09:00 [INF] Executed DbCommand (0ms) [Parameters=[@p='?' (Size = 32)], CommandType='"Text"', CommandTimeout='30']
SELECT "t"."TicketId", "t"."Assignees", "t"."AssigneesJson", "t"."Category", "t"."ChildTasksJson", "t"."Column", "t"."Effort", "t"."EndDate", "t"."Id", "t"."IsArchived", "t"."IsEmergency", "t"."IsLocked", "t"."Labels", "t"."LabelsJson", "t"."MainAssignee", "t"."Memo", "t"."Position", "t"."PreviousColumn", "t"."Progress", "t"."StartDate", "t"."Title"
FROM "Tickets" AS "t"
WHERE "t"."TicketId" = @p
LIMIT 1
2026-06-20 15:30:57.151 +09:00 [INF] Executing OkObjectResult, writing value of type 'KanbanServer.Models.Ticket'.
2026-06-20 15:30:57.152 +09:00 [INF] Executed action KanbanServer.Controllers.TicketsController.Update (KanbanServer) in 15.0018ms
2026-06-20 15:30:57.153 +09:00 [INF] Executed endpoint 'KanbanServer.Controllers.TicketsController.Update (KanbanServer)'
2026-06-20 15:30:57.155 +09:00 [INF] Request finished HTTP/1.1 PUT http://localhost:5000/api/tickets/ba5c79139a664a919115b115b827ac80 - 200 null application/json; charset=utf-8 36.9803ms
2026-06-20 15:37:02.745 +09:00 [INF] Executed DbCommand (7ms) [Parameters=[], CommandType='"Text"', CommandTimeout='30']
SELECT COUNT(*) FROM "sqlite_master" WHERE "type" = 'table' AND "rootpage" IS NOT NULL;
2026-06-20 15:37:02.834 +09:00 [WRN] Overriding address(es) 'http://localhost:5171'. Binding to endpoints defined via IConfiguration and/or UseKestrel() instead.
2026-06-20 15:37:02.841 +09:00 [INF] Now listening on: http://0.0.0.0:5000
2026-06-20 15:37:02.842 +09:00 [INF] Application started. Press Ctrl+C to shut down.
2026-06-20 15:37:02.843 +09:00 [INF] Hosting environment: Development
2026-06-20 15:37:02.843 +09:00 [INF] Content root path: C:\repos\mykanban
2026-06-20 15:37:02.948 +09:00 [INF] Request starting HTTP/1.1 GET http://localhost:5000/ - null null
2026-06-20 15:37:02.967 +09:00 [INF] Executing endpoint 'Fallback {*path:nonfile}'
2026-06-20 15:37:02.973 +09:00 [INF] Executed endpoint 'Fallback {*path:nonfile}'
2026-06-20 15:37:02.975 +09:00 [INF] Request finished HTTP/1.1 GET http://localhost:5000/ - 200 null text/html; charset=utf-8 28.374ms
2026-06-20 15:37:02.981 +09:00 [INF] Request starting HTTP/1.1 GET http://localhost:5000/styles.css - null null
2026-06-20 15:37:02.987 +09:00 [INF] The file /styles.css was not modified
2026-06-20 15:37:02.989 +09:00 [INF] Request finished HTTP/1.1 GET http://localhost:5000/styles.css - 304 null text/css 8.3553ms
2026-06-20 15:37:03.087 +09:00 [INF] Request starting HTTP/1.1 GET http://localhost:5000/modules/renderer.js - null null
2026-06-20 15:37:03.093 +09:00 [INF] CORS policy execution successful.
2026-06-20 15:37:03.095 +09:00 [INF] The file /modules/renderer.js was not modified
2026-06-20 15:37:03.097 +09:00 [INF] Request finished HTTP/1.1 GET http://localhost:5000/modules/renderer.js - 304 null text/javascript 9.5328ms
2026-06-20 15:37:03.100 +09:00 [INF] Request starting HTTP/1.1 GET http://localhost:5000/modules/dragdrop.js - null null
2026-06-20 15:37:03.102 +09:00 [INF] CORS policy execution successful.
2026-06-20 15:37:03.106 +09:00 [INF] Sending file. Request path: '/modules/dragdrop.js'. Physical path: 'C:\repos\mykanban\bin\Debug\net10.0\wwwroot\modules\dragdrop.js'
2026-06-20 15:37:03.108 +09:00 [INF] Request finished HTTP/1.1 GET http://localhost:5000/modules/dragdrop.js - 200 7088 text/javascript 8.0306ms
2026-06-20 15:37:03.111 +09:00 [INF] Request starting HTTP/1.1 GET http://localhost:5000/modules/modal.js - null null
2026-06-20 15:37:03.114 +09:00 [INF] CORS policy execution successful.
2026-06-20 15:37:03.114 +09:00 [INF] The file /modules/modal.js was not modified
2026-06-20 15:37:03.115 +09:00 [INF] Request finished HTTP/1.1 GET http://localhost:5000/modules/modal.js - 304 null text/javascript 4.211ms
2026-06-20 15:37:03.631 +09:00 [INF] Request starting HTTP/1.1 GET http://localhost:5000/ - null null
2026-06-20 15:37:03.634 +09:00 [INF] Executing endpoint 'Fallback {*path:nonfile}'
2026-06-20 15:37:03.636 +09:00 [INF] Executed endpoint 'Fallback {*path:nonfile}'
2026-06-20 15:37:03.637 +09:00 [INF] Request finished HTTP/1.1 GET http://localhost:5000/ - 200 null text/html; charset=utf-8 5.9137ms
2026-06-20 15:37:03.640 +09:00 [INF] Request starting HTTP/1.1 GET http://localhost:5000/styles.css - null null
2026-06-20 15:37:03.642 +09:00 [INF] Request starting HTTP/1.1 GET http://localhost:5000/app.js - null null
2026-06-20 15:37:03.644 +09:00 [INF] CORS policy execution successful.
2026-06-20 15:37:03.646 +09:00 [INF] Sending file. Request path: '/app.js'. Physical path: 'C:\repos\mykanban\bin\Debug\net10.0\wwwroot\app.js'
2026-06-20 15:37:03.646 +09:00 [INF] Sending file. Request path: '/styles.css'. Physical path: 'C:\repos\mykanban\bin\Debug\net10.0\wwwroot\styles.css'
2026-06-20 15:37:03.650 +09:00 [INF] Request finished HTTP/1.1 GET http://localhost:5000/styles.css - 200 60661 text/css 9.9256ms
2026-06-20 15:37:03.650 +09:00 [INF] Request finished HTTP/1.1 GET http://localhost:5000/app.js - 200 23659 text/javascript 7.9038ms
2026-06-20 15:37:03.655 +09:00 [INF] Request starting HTTP/1.1 GET http://localhost:5000/modules/renderer.js - null null
2026-06-20 15:37:03.655 +09:00 [INF] Request starting HTTP/1.1 GET http://localhost:5000/modules/dragdrop.js - null null
2026-06-20 15:37:03.655 +09:00 [INF] Request starting HTTP/1.1 GET http://localhost:5000/modules/api.js - null null
2026-06-20 15:37:03.657 +09:00 [INF] Request starting HTTP/1.1 GET http://localhost:5000/modules/state.js - null null
2026-06-20 15:37:03.662 +09:00 [INF] CORS policy execution successful.
2026-06-20 15:37:03.662 +09:00 [INF] CORS policy execution successful.
2026-06-20 15:37:03.662 +09:00 [INF] CORS policy execution successful.
2026-06-20 15:37:03.662 +09:00 [INF] CORS policy execution successful.
2026-06-20 15:37:03.665 +09:00 [INF] Sending file. Request path: '/modules/api.js'. Physical path: 'C:\repos\mykanban\bin\Debug\net10.0\wwwroot\modules\api.js'
2026-06-20 15:37:03.665 +09:00 [INF] Sending file. Request path: '/modules/dragdrop.js'. Physical path: 'C:\repos\mykanban\bin\Debug\net10.0\wwwroot\modules\dragdrop.js'
2026-06-20 15:37:03.668 +09:00 [INF] Sending file. Request path: '/modules/state.js'. Physical path: 'C:\repos\mykanban\bin\Debug\net10.0\wwwroot\modules\state.js'
2026-06-20 15:37:03.668 +09:00 [INF] Sending file. Request path: '/modules/renderer.js'. Physical path: 'C:\repos\mykanban\bin\Debug\net10.0\wwwroot\modules\renderer.js'
2026-06-20 15:37:03.670 +09:00 [INF] Request finished HTTP/1.1 GET http://localhost:5000/modules/dragdrop.js - 200 7088 text/javascript 13.2766ms
2026-06-20 15:37:03.670 +09:00 [INF] Request finished HTTP/1.1 GET http://localhost:5000/modules/api.js - 200 6109 text/javascript 13.2775ms
2026-06-20 15:37:03.670 +09:00 [INF] Request finished HTTP/1.1 GET http://localhost:5000/modules/renderer.js - 200 29602 text/javascript 15.3361ms
2026-06-20 15:37:03.679 +09:00 [INF] Request finished HTTP/1.1 GET http://localhost:5000/modules/state.js - 200 20762 text/javascript 15.3408ms
2026-06-20 15:37:03.682 +09:00 [INF] Request starting HTTP/1.1 GET http://localhost:5000/modules/labels.js - null null
2026-06-20 15:37:03.682 +09:00 [INF] Request starting HTTP/1.1 GET http://localhost:5000/modules/modal.js - null null
2026-06-20 15:37:03.682 +09:00 [INF] Request starting HTTP/1.1 GET http://localhost:5000/modules/childtasks.js - null null
2026-06-20 15:37:03.685 +09:00 [INF] Request starting HTTP/1.1 GET http://localhost:5000/modules/assignees.js - null null
2026-06-20 15:37:03.689 +09:00 [INF] CORS policy execution successful.
2026-06-20 15:37:03.689 +09:00 [INF] CORS policy execution successful.
2026-06-20 15:37:03.689 +09:00 [INF] CORS policy execution successful.
2026-06-20 15:37:03.689 +09:00 [INF] CORS policy execution successful.
2026-06-20 15:37:03.692 +09:00 [INF] Sending file. Request path: '/modules/childtasks.js'. Physical path: 'C:\repos\mykanban\bin\Debug\net10.0\wwwroot\modules\childtasks.js'
2026-06-20 15:37:03.692 +09:00 [INF] Sending file. Request path: '/modules/labels.js'. Physical path: 'C:\repos\mykanban\bin\Debug\net10.0\wwwroot\modules\labels.js'
2026-06-20 15:37:03.696 +09:00 [INF] Sending file. Request path: '/modules/assignees.js'. Physical path: 'C:\repos\mykanban\bin\Debug\net10.0\wwwroot\modules\assignees.js'
2026-06-20 15:37:03.696 +09:00 [INF] Sending file. Request path: '/modules/modal.js'. Physical path: 'C:\repos\mykanban\bin\Debug\net10.0\wwwroot\modules\modal.js'
2026-06-20 15:37:03.698 +09:00 [INF] Request finished HTTP/1.1 GET http://localhost:5000/modules/labels.js - 200 5192 text/javascript 13.9666ms
2026-06-20 15:37:03.698 +09:00 [INF] Request finished HTTP/1.1 GET http://localhost:5000/modules/childtasks.js - 200 11906 text/javascript 13.948ms
2026-06-20 15:37:03.698 +09:00 [INF] Request finished HTTP/1.1 GET http://localhost:5000/modules/modal.js - 200 21185 text/javascript 16.4323ms
2026-06-20 15:37:03.698 +09:00 [INF] Request finished HTTP/1.1 GET http://localhost:5000/modules/assignees.js - 200 8700 text/javascript 12.6326ms
2026-06-20 15:37:03.712 +09:00 [INF] Request starting HTTP/1.1 GET http://localhost:5000/modules/history.js - null null
2026-06-20 15:37:03.712 +09:00 [INF] Request starting HTTP/1.1 GET http://localhost:5000/modules/filter.js - null null
2026-06-20 15:37:03.712 +09:00 [INF] Request starting HTTP/1.1 GET http://localhost:5000/modules/archive.js - null null
2026-06-20 15:37:03.712 +09:00 [INF] Request starting HTTP/1.1 GET http://localhost:5000/modules/actual.js - null null
2026-06-20 15:37:03.721 +09:00 [INF] CORS policy execution successful.
2026-06-20 15:37:03.721 +09:00 [INF] CORS policy execution successful.
2026-06-20 15:37:03.721 +09:00 [INF] CORS policy execution successful.
2026-06-20 15:37:03.721 +09:00 [INF] CORS policy execution successful.
2026-06-20 15:37:03.724 +09:00 [INF] Sending file. Request path: '/modules/filter.js'. Physical path: 'C:\repos\mykanban\bin\Debug\net10.0\wwwroot\modules\filter.js'
2026-06-20 15:37:03.724 +09:00 [INF] Sending file. Request path: '/modules/archive.js'. Physical path: 'C:\repos\mykanban\bin\Debug\net10.0\wwwroot\modules\archive.js'
2026-06-20 15:37:03.724 +09:00 [INF] Sending file. Request path: '/modules/actual.js'. Physical path: 'C:\repos\mykanban\bin\Debug\net10.0\wwwroot\modules\actual.js'
2026-06-20 15:37:03.728 +09:00 [INF] Sending file. Request path: '/modules/history.js'. Physical path: 'C:\repos\mykanban\bin\Debug\net10.0\wwwroot\modules\history.js'
2026-06-20 15:37:03.729 +09:00 [INF] Request finished HTTP/1.1 GET http://localhost:5000/modules/archive.js - 200 944 text/javascript 16.3971ms
2026-06-20 15:37:03.729 +09:00 [INF] Request finished HTTP/1.1 GET http://localhost:5000/modules/actual.js - 200 11688 text/javascript 16.365ms
2026-06-20 15:37:03.729 +09:00 [INF] Request finished HTTP/1.1 GET http://localhost:5000/modules/filter.js - 200 7563 text/javascript 16.3922ms
2026-06-20 15:37:03.729 +09:00 [INF] Request finished HTTP/1.1 GET http://localhost:5000/modules/history.js - 200 9423 text/javascript 17.5437ms
2026-06-20 15:37:03.741 +09:00 [INF] Request starting HTTP/1.1 GET http://localhost:5000/modules/logger.js - null null
2026-06-20 15:37:03.741 +09:00 [INF] Request starting HTTP/1.1 GET http://localhost:5000/modules/memo.js - null null
2026-06-20 15:37:03.741 +09:00 [INF] Request starting HTTP/1.1 GET http://localhost:5000/modules/settings.js - null null
2026-06-20 15:37:03.741 +09:00 [INF] Request starting HTTP/1.1 GET http://localhost:5000/modules/auth.js - null null
2026-06-20 15:37:03.751 +09:00 [INF] CORS policy execution successful.
2026-06-20 15:37:03.751 +09:00 [INF] CORS policy execution successful.
2026-06-20 15:37:03.751 +09:00 [INF] CORS policy execution successful.
2026-06-20 15:37:03.751 +09:00 [INF] CORS policy execution successful.
2026-06-20 15:37:03.753 +09:00 [INF] Sending file. Request path: '/modules/logger.js'. Physical path: 'C:\repos\mykanban\bin\Debug\net10.0\wwwroot\modules\logger.js'
2026-06-20 15:37:03.753 +09:00 [INF] Sending file. Request path: '/modules/auth.js'. Physical path: 'C:\repos\mykanban\bin\Debug\net10.0\wwwroot\modules\auth.js'
2026-06-20 15:37:03.753 +09:00 [INF] Sending file. Request path: '/modules/memo.js'. Physical path: 'C:\repos\mykanban\bin\Debug\net10.0\wwwroot\modules\memo.js'
2026-06-20 15:37:03.757 +09:00 [INF] Sending file. Request path: '/modules/settings.js'. Physical path: 'C:\repos\mykanban\bin\Debug\net10.0\wwwroot\modules\settings.js'
2026-06-20 15:37:03.759 +09:00 [INF] Request finished HTTP/1.1 GET http://localhost:5000/modules/settings.js - 200 28809 text/javascript 17.4235ms
2026-06-20 15:37:03.759 +09:00 [INF] Request finished HTTP/1.1 GET http://localhost:5000/modules/logger.js - 200 6900 text/javascript 16.1383ms
2026-06-20 15:37:03.759 +09:00 [INF] Request finished HTTP/1.1 GET http://localhost:5000/modules/auth.js - 200 4113 text/javascript 16.1596ms
2026-06-20 15:37:03.759 +09:00 [INF] Request finished HTTP/1.1 GET http://localhost:5000/modules/memo.js - 200 3562 text/javascript 16.1525ms
2026-06-20 15:37:03.769 +09:00 [INF] Request starting HTTP/1.1 GET http://localhost:5000/modules/charts.js - null null
2026-06-20 15:37:03.769 +09:00 [INF] Request starting HTTP/1.1 GET http://localhost:5000/modules/ticketService.js - null null
2026-06-20 15:37:03.773 +09:00 [INF] CORS policy execution successful.
2026-06-20 15:37:03.773 +09:00 [INF] CORS policy execution successful.
2026-06-20 15:37:03.775 +09:00 [INF] Sending file. Request path: '/modules/ticketService.js'. Physical path: 'C:\repos\mykanban\bin\Debug\net10.0\wwwroot\modules\ticketService.js'
2026-06-20 15:37:03.776 +09:00 [INF] Sending file. Request path: '/modules/charts.js'. Physical path: 'C:\repos\mykanban\bin\Debug\net10.0\wwwroot\modules\charts.js'
2026-06-20 15:37:03.778 +09:00 [INF] Request finished HTTP/1.1 GET http://localhost:5000/modules/charts.js - 200 46291 text/javascript 8.5205ms
2026-06-20 15:37:03.778 +09:00 [INF] Request finished HTTP/1.1 GET http://localhost:5000/modules/ticketService.js - 200 1719 text/javascript 7.4125ms
2026-06-20 15:37:03.784 +09:00 [INF] Request starting HTTP/1.1 GET http://localhost:5000/favicon.ico - null null
2026-06-20 15:37:03.787 +09:00 [INF] Request finished HTTP/1.1 GET http://localhost:5000/favicon.ico - 404 0 null 2.4692ms
2026-06-20 15:37:03.790 +09:00 [INF] Request reached the end of the middleware pipeline without being handled by application code. Request path: GET http://localhost:5000/favicon.ico, Response status code: 404
2026-06-20 15:37:05.012 +09:00 [INF] Request starting HTTP/1.1 POST http://localhost:5000/api/auth/login - application/json 38
2026-06-20 15:37:05.016 +09:00 [INF] CORS policy execution successful.
2026-06-20 15:37:05.017 +09:00 [INF] Executing endpoint 'KanbanServer.Controllers.AuthController.Login (KanbanServer)'
2026-06-20 15:37:05.028 +09:00 [INF] Route matched with {action = "Login", controller = "Auth"}. Executing controller action with signature Microsoft.AspNetCore.Mvc.IActionResult Login(LoginRequest) on controller KanbanServer.Controllers.AuthController (KanbanServer).
2026-06-20 15:37:05.052 +09:00 [INF] Executing OkObjectResult, writing value of type '<>f__AnonymousType1`3[[System.String, System.Private.CoreLib, Version=10.0.0.0, Culture=neutral, PublicKeyToken=7cec85d7bea7798e],[System.Boolean, System.Private.CoreLib, Version=10.0.0.0, Culture=neutral, PublicKeyToken=7cec85d7bea7798e],[System.String, System.Private.CoreLib, Version=10.0.0.0, Culture=neutral, PublicKeyToken=7cec85d7bea7798e]]'.
2026-06-20 15:37:05.060 +09:00 [INF] Executed action KanbanServer.Controllers.AuthController.Login (KanbanServer) in 28.5321ms
2026-06-20 15:37:05.061 +09:00 [INF] Executed endpoint 'KanbanServer.Controllers.AuthController.Login (KanbanServer)'
2026-06-20 15:37:05.061 +09:00 [INF] Request finished HTTP/1.1 POST http://localhost:5000/api/auth/login - 200 null application/json; charset=utf-8 49.2992ms
2026-06-20 15:37:05.064 +09:00 [INF] Request starting HTTP/1.1 GET http://localhost:5000/api/settings - null null
2026-06-20 15:37:05.066 +09:00 [INF] Executing endpoint 'KanbanServer.Controllers.SettingsController.Get (KanbanServer)'
2026-06-20 15:37:05.072 +09:00 [INF] Route matched with {action = "Get", controller = "Settings"}. Executing controller action with signature System.Threading.Tasks.Task`1[Microsoft.AspNetCore.Mvc.ActionResult`1[KanbanServer.Models.Setting]] Get() on controller KanbanServer.Controllers.SettingsController (KanbanServer).
2026-06-20 15:37:05.183 +09:00 [WRN] The query uses the 'First'/'FirstOrDefault' operator without 'OrderBy' and filter operators. This may lead to unpredictable results.
2026-06-20 15:37:05.379 +09:00 [INF] Executed DbCommand (1ms) [Parameters=[], CommandType='"Text"', CommandTimeout='30']
SELECT "s"."Id", "s"."Holidays", "s"."HolidaysJson", "s"."LabelsJson", "s"."Users", "s"."UsersJson"
FROM "Settings" AS "s"
LIMIT 1
2026-06-20 15:37:05.417 +09:00 [INF] Executing OkObjectResult, writing value of type 'KanbanServer.Models.Setting'.
2026-06-20 15:37:05.420 +09:00 [INF] Executed action KanbanServer.Controllers.SettingsController.Get (KanbanServer) in 347.1419ms
2026-06-20 15:37:05.421 +09:00 [INF] Executed endpoint 'KanbanServer.Controllers.SettingsController.Get (KanbanServer)'
2026-06-20 15:37:05.423 +09:00 [INF] Request starting HTTP/1.1 GET http://localhost:5000/api/tickets/labels/suggest - null null
2026-06-20 15:37:05.428 +09:00 [INF] Request starting HTTP/1.1 GET http://localhost:5000/api/tickets/assignees/suggest - null null
2026-06-20 15:37:05.430 +09:00 [INF] Executing endpoint 'KanbanServer.Controllers.TicketsController.GetLabelsSuggest (KanbanServer)'
2026-06-20 15:37:05.430 +09:00 [INF] Request finished HTTP/1.1 GET http://localhost:5000/api/settings - 200 null application/json; charset=utf-8 365.5337ms
2026-06-20 15:37:05.433 +09:00 [INF] Executing endpoint 'KanbanServer.Controllers.TicketsController.GetAssigneesSuggest (KanbanServer)'
2026-06-20 15:37:05.433 +09:00 [INF] Request starting HTTP/1.1 GET http://localhost:5000/api/tickets - null null
2026-06-20 15:37:05.434 +09:00 [INF] Executing endpoint 'KanbanServer.Controllers.TicketsController.GetAll (KanbanServer)'
2026-06-20 15:37:05.437 +09:00 [INF] Route matched with {action = "GetLabelsSuggest", controller = "Tickets"}. Executing controller action with signature System.Threading.Tasks.Task`1[Microsoft.AspNetCore.Mvc.ActionResult`1[System.Collections.Generic.List`1[KanbanServer.Models.LabelSuggestDto]]] GetLabelsSuggest() on controller KanbanServer.Controllers.TicketsController (KanbanServer).
2026-06-20 15:37:05.438 +09:00 [INF] Route matched with {action = "GetAssigneesSuggest", controller = "Tickets"}. Executing controller action with signature System.Threading.Tasks.Task`1[Microsoft.AspNetCore.Mvc.ActionResult`1[System.Collections.Generic.List`1[System.String]]] GetAssigneesSuggest() on controller KanbanServer.Controllers.TicketsController (KanbanServer).
2026-06-20 15:37:05.440 +09:00 [INF] Route matched with {action = "GetAll", controller = "Tickets"}. Executing controller action with signature System.Threading.Tasks.Task`1[Microsoft.AspNetCore.Mvc.ActionResult`1[System.Collections.Generic.List`1[KanbanServer.Models.Ticket]]] GetAll() on controller KanbanServer.Controllers.TicketsController (KanbanServer).
2026-06-20 15:37:05.489 +09:00 [INF] Executed DbCommand (0ms) [Parameters=[], CommandType='"Text"', CommandTimeout='30']
SELECT "s"."Id", "s"."Holidays", "s"."HolidaysJson", "s"."LabelsJson", "s"."Users", "s"."UsersJson"
FROM "Settings" AS "s"
LIMIT 1
2026-06-20 15:37:05.497 +09:00 [INF] Executed DbCommand (0ms) [Parameters=[], CommandType='"Text"', CommandTimeout='30']
SELECT "t"."TicketId", "t"."Assignees", "t"."AssigneesJson", "t"."Category", "t"."ChildTasksJson", "t"."Column", "t"."Effort", "t"."EndDate", "t"."Id", "t"."IsArchived", "t"."IsEmergency", "t"."IsLocked", "t"."Labels", "t"."LabelsJson", "t"."MainAssignee", "t"."Memo", "t"."Position", "t"."PreviousColumn", "t"."Progress", "t"."StartDate", "t"."Title"
FROM "Tickets" AS "t"
2026-06-20 15:37:05.504 +09:00 [INF] Executed DbCommand (14ms) [Parameters=[], CommandType='"Text"', CommandTimeout='30']
SELECT "s"."Id", "s"."Holidays", "s"."HolidaysJson", "s"."LabelsJson", "s"."Users", "s"."UsersJson"
FROM "Settings" AS "s"
LIMIT 1
2026-06-20 15:37:05.522 +09:00 [INF] Executed DbCommand (0ms) [Parameters=[], CommandType='"Text"', CommandTimeout='30']
SELECT "t"."TicketId", "t"."Assignees", "t"."AssigneesJson", "t"."Category", "t"."ChildTasksJson", "t"."Column", "t"."Effort", "t"."EndDate", "t"."Id", "t"."IsArchived", "t"."IsEmergency", "t"."IsLocked", "t"."Labels", "t"."LabelsJson", "t"."MainAssignee", "t"."Memo", "t"."Position", "t"."PreviousColumn", "t"."Progress", "t"."StartDate", "t"."Title"
FROM "Tickets" AS "t"
WHERE length("t"."LabelsJson") > 2
2026-06-20 15:37:05.524 +09:00 [INF] Executed DbCommand (1ms) [Parameters=[], CommandType='"Text"', CommandTimeout='30']
SELECT "t"."TicketId", "t"."Assignees", "t"."AssigneesJson", "t"."Category", "t"."ChildTasksJson", "t"."Column", "t"."Effort", "t"."EndDate", "t"."Id", "t"."IsArchived", "t"."IsEmergency", "t"."IsLocked", "t"."Labels", "t"."LabelsJson", "t"."MainAssignee", "t"."Memo", "t"."Position", "t"."PreviousColumn", "t"."Progress", "t"."StartDate", "t"."Title"
FROM "Tickets" AS "t"
WHERE length("t"."AssigneesJson") > 2
2026-06-20 15:37:05.535 +09:00 [INF] Executing OkObjectResult, writing value of type 'System.Collections.Generic.List`1[[System.String, System.Private.CoreLib, Version=10.0.0.0, Culture=neutral, PublicKeyToken=7cec85d7bea7798e]]'.
2026-06-20 15:37:05.536 +09:00 [INF] Executing OkObjectResult, writing value of type 'System.Collections.Generic.List`1[[KanbanServer.Models.LabelSuggestDto, KanbanServer, Version=1.0.0.0, Culture=neutral, PublicKeyToken=null]]'.
2026-06-20 15:37:05.536 +09:00 [INF] Executed action KanbanServer.Controllers.TicketsController.GetAssigneesSuggest (KanbanServer) in 96.8626ms
2026-06-20 15:37:05.537 +09:00 [INF] Executed endpoint 'KanbanServer.Controllers.TicketsController.GetAssigneesSuggest (KanbanServer)'
2026-06-20 15:37:05.538 +09:00 [INF] Executed action KanbanServer.Controllers.TicketsController.GetLabelsSuggest (KanbanServer) in 100.3241ms
2026-06-20 15:37:05.538 +09:00 [INF] Executed endpoint 'KanbanServer.Controllers.TicketsController.GetLabelsSuggest (KanbanServer)'
2026-06-20 15:37:05.539 +09:00 [INF] Request finished HTTP/1.1 GET http://localhost:5000/api/tickets/assignees/suggest - 200 null application/json; charset=utf-8 110.3715ms
2026-06-20 15:37:05.539 +09:00 [INF] Request finished HTTP/1.1 GET http://localhost:5000/api/tickets/labels/suggest - 200 null application/json; charset=utf-8 115.7722ms
2026-06-20 15:37:05.546 +09:00 [INF] Executing OkObjectResult, writing value of type 'System.Collections.Generic.List`1[[KanbanServer.Models.Ticket, KanbanServer, Version=1.0.0.0, Culture=neutral, PublicKeyToken=null]]'.
2026-06-20 15:37:05.561 +09:00 [INF] Executed action KanbanServer.Controllers.TicketsController.GetAll (KanbanServer) in 120.5967ms
2026-06-20 15:37:05.562 +09:00 [INF] Executed endpoint 'KanbanServer.Controllers.TicketsController.GetAll (KanbanServer)'
2026-06-20 15:37:05.562 +09:00 [INF] Request finished HTTP/1.1 GET http://localhost:5000/api/tickets - 200 null application/json; charset=utf-8 129.0725ms
2026-06-20 15:37:08.691 +09:00 [INF] Request starting HTTP/1.1 PATCH http://localhost:5000/api/tickets/9e59aabf62984f18b9bb083544aaec0c/column - application/json 35
2026-06-20 15:37:08.696 +09:00 [INF] CORS policy execution successful.
2026-06-20 15:37:08.696 +09:00 [INF] Executing endpoint 'KanbanServer.Controllers.TicketsController.UpdateColumn (KanbanServer)'
2026-06-20 15:37:08.702 +09:00 [INF] Route matched with {action = "UpdateColumn", controller = "Tickets"}. Executing controller action with signature System.Threading.Tasks.Task`1[Microsoft.AspNetCore.Mvc.IActionResult] UpdateColumn(System.String, KanbanServer.Models.ColumnUpdateDto) on controller KanbanServer.Controllers.TicketsController (KanbanServer).
2026-06-20 15:37:08.734 +09:00 [INF] Executed DbCommand (2ms) [Parameters=[@p='?' (Size = 32)], CommandType='"Text"', CommandTimeout='30']
SELECT "t"."TicketId", "t"."Assignees", "t"."AssigneesJson", "t"."Category", "t"."ChildTasksJson", "t"."Column", "t"."Effort", "t"."EndDate", "t"."Id", "t"."IsArchived", "t"."IsEmergency", "t"."IsLocked", "t"."Labels", "t"."LabelsJson", "t"."MainAssignee", "t"."Memo", "t"."Position", "t"."PreviousColumn", "t"."Progress", "t"."StartDate", "t"."Title"
FROM "Tickets" AS "t"
WHERE "t"."TicketId" = @p
LIMIT 1
2026-06-20 15:37:08.749 +09:00 [INF] Executed DbCommand (0ms) [Parameters=[@newColumn='?' (Size = 5), @ticketId='?' (Size = 32)], CommandType='"Text"', CommandTimeout='30']
SELECT "t"."TicketId", "t"."Assignees", "t"."AssigneesJson", "t"."Category", "t"."ChildTasksJson", "t"."Column", "t"."Effort", "t"."EndDate", "t"."Id", "t"."IsArchived", "t"."IsEmergency", "t"."IsLocked", "t"."Labels", "t"."LabelsJson", "t"."MainAssignee", "t"."Memo", "t"."Position", "t"."PreviousColumn", "t"."Progress", "t"."StartDate", "t"."Title"
FROM "Tickets" AS "t"
WHERE "t"."Column" = @newColumn AND "t"."TicketId" <> @ticketId
ORDER BY "t"."Position" DESC, "t"."Id"
2026-06-20 15:37:08.766 +09:00 [INF] Executed DbCommand (1ms) [Parameters=[@newColumn='?' (Size = 5), @ticketId='?' (Size = 32), @newPos='?' (DbType = Double)], CommandType='"Text"', CommandTimeout='30']
SELECT EXISTS (
    SELECT 1
    FROM "Tickets" AS "t"
    WHERE "t"."Column" = @newColumn AND "t"."TicketId" <> @ticketId AND abs("t"."Position" - @newPos) < 100.0)
2026-06-20 15:37:08.821 +09:00 [INF] Executed DbCommand (0ms) [Parameters=[@p1='?' (Size = 32), @p0='?' (DbType = Double)], CommandType='"Text"', CommandTimeout='30']
UPDATE "Tickets" SET "Position" = @p0
WHERE "TicketId" = @p1
RETURNING 1;
2026-06-20 15:37:08.839 +09:00 [INF] Executing StatusCodeResult, setting HTTP status code 204
2026-06-20 15:37:08.840 +09:00 [INF] Executed action KanbanServer.Controllers.TicketsController.UpdateColumn (KanbanServer) in 135.8035ms
2026-06-20 15:37:08.840 +09:00 [INF] Executed endpoint 'KanbanServer.Controllers.TicketsController.UpdateColumn (KanbanServer)'
2026-06-20 15:37:08.841 +09:00 [INF] Request finished HTTP/1.1 PATCH http://localhost:5000/api/tickets/9e59aabf62984f18b9bb083544aaec0c/column - 204 null null 149.8231ms
2026-06-20 15:37:08.843 +09:00 [INF] Request starting HTTP/1.1 GET http://localhost:5000/api/tickets - null null
2026-06-20 15:37:08.844 +09:00 [INF] Executing endpoint 'KanbanServer.Controllers.TicketsController.GetAll (KanbanServer)'
2026-06-20 15:37:08.845 +09:00 [INF] Route matched with {action = "GetAll", controller = "Tickets"}. Executing controller action with signature System.Threading.Tasks.Task`1[Microsoft.AspNetCore.Mvc.ActionResult`1[System.Collections.Generic.List`1[KanbanServer.Models.Ticket]]] GetAll() on controller KanbanServer.Controllers.TicketsController (KanbanServer).
2026-06-20 15:37:08.847 +09:00 [INF] Executed DbCommand (0ms) [Parameters=[], CommandType='"Text"', CommandTimeout='30']
SELECT "t"."TicketId", "t"."Assignees", "t"."AssigneesJson", "t"."Category", "t"."ChildTasksJson", "t"."Column", "t"."Effort", "t"."EndDate", "t"."Id", "t"."IsArchived", "t"."IsEmergency", "t"."IsLocked", "t"."Labels", "t"."LabelsJson", "t"."MainAssignee", "t"."Memo", "t"."Position", "t"."PreviousColumn", "t"."Progress", "t"."StartDate", "t"."Title"
FROM "Tickets" AS "t"
2026-06-20 15:37:08.863 +09:00 [INF] Executing OkObjectResult, writing value of type 'System.Collections.Generic.List`1[[KanbanServer.Models.Ticket, KanbanServer, Version=1.0.0.0, Culture=neutral, PublicKeyToken=null]]'.
2026-06-20 15:37:08.865 +09:00 [INF] Executed action KanbanServer.Controllers.TicketsController.GetAll (KanbanServer) in 19.0372ms
2026-06-20 15:37:08.866 +09:00 [INF] Executed endpoint 'KanbanServer.Controllers.TicketsController.GetAll (KanbanServer)'
2026-06-20 15:37:08.866 +09:00 [INF] Request finished HTTP/1.1 GET http://localhost:5000/api/tickets - 200 null application/json; charset=utf-8 23.1411ms
2026-06-20 15:45:21.548 +09:00 [INF] Executed DbCommand (7ms) [Parameters=[], CommandType='"Text"', CommandTimeout='30']
SELECT COUNT(*) FROM "sqlite_master" WHERE "type" = 'table' AND "rootpage" IS NOT NULL;
2026-06-20 15:45:21.640 +09:00 [WRN] Overriding address(es) 'http://localhost:5171'. Binding to endpoints defined via IConfiguration and/or UseKestrel() instead.
2026-06-20 15:45:21.648 +09:00 [INF] Now listening on: http://0.0.0.0:5000
2026-06-20 15:45:21.649 +09:00 [INF] Application started. Press Ctrl+C to shut down.
2026-06-20 15:45:21.650 +09:00 [INF] Hosting environment: Development
2026-06-20 15:45:21.651 +09:00 [INF] Content root path: C:\repos\mykanban
2026-06-20 15:45:21.815 +09:00 [INF] Request starting HTTP/1.1 GET http://localhost:5000/ - null null
2026-06-20 15:45:21.838 +09:00 [INF] Executing endpoint 'Fallback {*path:nonfile}'
2026-06-20 15:45:21.845 +09:00 [INF] Executed endpoint 'Fallback {*path:nonfile}'
2026-06-20 15:45:21.850 +09:00 [INF] Request finished HTTP/1.1 GET http://localhost:5000/ - 200 null text/html; charset=utf-8 35.4091ms
2026-06-20 15:45:21.854 +09:00 [INF] Request starting HTTP/1.1 GET http://localhost:5000/styles.css - null null
2026-06-20 15:45:21.873 +09:00 [INF] Sending file. Request path: '/styles.css'. Physical path: 'C:\repos\mykanban\bin\Debug\net10.0\wwwroot\styles.css'
2026-06-20 15:45:21.875 +09:00 [INF] Request finished HTTP/1.1 GET http://localhost:5000/styles.css - 200 59863 text/css 20.5405ms
2026-06-20 15:45:21.878 +09:00 [INF] Request starting HTTP/1.1 GET http://localhost:5000/modules/renderer.js - null null
2026-06-20 15:45:21.882 +09:00 [INF] CORS policy execution successful.
2026-06-20 15:45:21.897 +09:00 [INF] Sending file. Request path: '/modules/renderer.js'. Physical path: 'C:\repos\mykanban\bin\Debug\net10.0\wwwroot\modules\renderer.js'
2026-06-20 15:45:21.899 +09:00 [INF] Request finished HTTP/1.1 GET http://localhost:5000/modules/renderer.js - 200 29602 text/javascript 20.9431ms
2026-06-20 15:45:21.903 +09:00 [INF] Request starting HTTP/1.1 GET http://localhost:5000/modules/dragdrop.js - null null
2026-06-20 15:45:21.906 +09:00 [INF] CORS policy execution successful.
2026-06-20 15:45:21.907 +09:00 [INF] The file /modules/dragdrop.js was not modified
2026-06-20 15:45:21.909 +09:00 [INF] Request finished HTTP/1.1 GET http://localhost:5000/modules/dragdrop.js - 304 null text/javascript 6.3124ms
2026-06-20 15:45:21.912 +09:00 [INF] Request starting HTTP/1.1 GET http://localhost:5000/modules/modal.js - null null
2026-06-20 15:45:21.914 +09:00 [INF] CORS policy execution successful.
2026-06-20 15:45:21.934 +09:00 [INF] Sending file. Request path: '/modules/modal.js'. Physical path: 'C:\repos\mykanban\bin\Debug\net10.0\wwwroot\modules\modal.js'
2026-06-20 15:45:21.936 +09:00 [INF] Request finished HTTP/1.1 GET http://localhost:5000/modules/modal.js - 200 18173 text/javascript 23.9032ms
2026-06-20 15:45:23.446 +09:00 [INF] Request starting HTTP/1.1 POST http://localhost:5000/api/auth/login - application/json 38
2026-06-20 15:45:23.450 +09:00 [INF] CORS policy execution successful.
2026-06-20 15:45:23.451 +09:00 [INF] Executing endpoint 'KanbanServer.Controllers.AuthController.Login (KanbanServer)'
2026-06-20 15:45:23.462 +09:00 [INF] Route matched with {action = "Login", controller = "Auth"}. Executing controller action with signature Microsoft.AspNetCore.Mvc.IActionResult Login(LoginRequest) on controller KanbanServer.Controllers.AuthController (KanbanServer).
2026-06-20 15:45:23.487 +09:00 [INF] Executing OkObjectResult, writing value of type '<>f__AnonymousType1`3[[System.String, System.Private.CoreLib, Version=10.0.0.0, Culture=neutral, PublicKeyToken=7cec85d7bea7798e],[System.Boolean, System.Private.CoreLib, Version=10.0.0.0, Culture=neutral, PublicKeyToken=7cec85d7bea7798e],[System.String, System.Private.CoreLib, Version=10.0.0.0, Culture=neutral, PublicKeyToken=7cec85d7bea7798e]]'.
2026-06-20 15:45:23.494 +09:00 [INF] Executed action KanbanServer.Controllers.AuthController.Login (KanbanServer) in 28.2948ms
2026-06-20 15:45:23.495 +09:00 [INF] Executed endpoint 'KanbanServer.Controllers.AuthController.Login (KanbanServer)'
2026-06-20 15:45:23.496 +09:00 [INF] Request finished HTTP/1.1 POST http://localhost:5000/api/auth/login - 200 null application/json; charset=utf-8 49.9748ms
2026-06-20 15:45:23.500 +09:00 [INF] Request starting HTTP/1.1 GET http://localhost:5000/api/settings - null null
2026-06-20 15:45:23.503 +09:00 [INF] Executing endpoint 'KanbanServer.Controllers.SettingsController.Get (KanbanServer)'
2026-06-20 15:45:23.510 +09:00 [INF] Route matched with {action = "Get", controller = "Settings"}. Executing controller action with signature System.Threading.Tasks.Task`1[Microsoft.AspNetCore.Mvc.ActionResult`1[KanbanServer.Models.Setting]] Get() on controller KanbanServer.Controllers.SettingsController (KanbanServer).
2026-06-20 15:45:23.623 +09:00 [WRN] The query uses the 'First'/'FirstOrDefault' operator without 'OrderBy' and filter operators. This may lead to unpredictable results.
2026-06-20 15:45:23.817 +09:00 [INF] Executed DbCommand (1ms) [Parameters=[], CommandType='"Text"', CommandTimeout='30']
SELECT "s"."Id", "s"."Holidays", "s"."HolidaysJson", "s"."LabelsJson", "s"."Users", "s"."UsersJson"
FROM "Settings" AS "s"
LIMIT 1
2026-06-20 15:45:23.858 +09:00 [INF] Executing OkObjectResult, writing value of type 'KanbanServer.Models.Setting'.
2026-06-20 15:45:23.862 +09:00 [INF] Executed action KanbanServer.Controllers.SettingsController.Get (KanbanServer) in 350.4783ms
2026-06-20 15:45:23.863 +09:00 [INF] Executed endpoint 'KanbanServer.Controllers.SettingsController.Get (KanbanServer)'
2026-06-20 15:45:23.865 +09:00 [INF] Request starting HTTP/1.1 GET http://localhost:5000/api/tickets/labels/suggest - null null
2026-06-20 15:45:23.867 +09:00 [INF] Request starting HTTP/1.1 GET http://localhost:5000/api/tickets/assignees/suggest - null null
2026-06-20 15:45:23.868 +09:00 [INF] Request finished HTTP/1.1 GET http://localhost:5000/api/settings - 200 null application/json; charset=utf-8 366.9398ms
2026-06-20 15:45:23.869 +09:00 [INF] Executing endpoint 'KanbanServer.Controllers.TicketsController.GetLabelsSuggest (KanbanServer)'
2026-06-20 15:45:23.870 +09:00 [INF] Request starting HTTP/1.1 GET http://localhost:5000/api/tickets - null null
2026-06-20 15:45:23.871 +09:00 [INF] Executing endpoint 'KanbanServer.Controllers.TicketsController.GetAssigneesSuggest (KanbanServer)'
2026-06-20 15:45:23.872 +09:00 [INF] Executing endpoint 'KanbanServer.Controllers.TicketsController.GetAll (KanbanServer)'
2026-06-20 15:45:23.875 +09:00 [INF] Route matched with {action = "GetLabelsSuggest", controller = "Tickets"}. Executing controller action with signature System.Threading.Tasks.Task`1[Microsoft.AspNetCore.Mvc.ActionResult`1[System.Collections.Generic.List`1[KanbanServer.Models.LabelSuggestDto]]] GetLabelsSuggest() on controller KanbanServer.Controllers.TicketsController (KanbanServer).
2026-06-20 15:45:23.876 +09:00 [INF] Route matched with {action = "GetAssigneesSuggest", controller = "Tickets"}. Executing controller action with signature System.Threading.Tasks.Task`1[Microsoft.AspNetCore.Mvc.ActionResult`1[System.Collections.Generic.List`1[System.String]]] GetAssigneesSuggest() on controller KanbanServer.Controllers.TicketsController (KanbanServer).
2026-06-20 15:45:23.877 +09:00 [INF] Route matched with {action = "GetAll", controller = "Tickets"}. Executing controller action with signature System.Threading.Tasks.Task`1[Microsoft.AspNetCore.Mvc.ActionResult`1[System.Collections.Generic.List`1[KanbanServer.Models.Ticket]]] GetAll() on controller KanbanServer.Controllers.TicketsController (KanbanServer).
2026-06-20 15:45:23.929 +09:00 [INF] Executed DbCommand (0ms) [Parameters=[], CommandType='"Text"', CommandTimeout='30']
SELECT "s"."Id", "s"."Holidays", "s"."HolidaysJson", "s"."LabelsJson", "s"."Users", "s"."UsersJson"
FROM "Settings" AS "s"
LIMIT 1
2026-06-20 15:45:23.938 +09:00 [INF] Executed DbCommand (0ms) [Parameters=[], CommandType='"Text"', CommandTimeout='30']
SELECT "t"."TicketId", "t"."Assignees", "t"."AssigneesJson", "t"."Category", "t"."ChildTasksJson", "t"."Column", "t"."Effort", "t"."EndDate", "t"."Id", "t"."IsArchived", "t"."IsEmergency", "t"."IsLocked", "t"."Labels", "t"."LabelsJson", "t"."MainAssignee", "t"."Memo", "t"."Position", "t"."PreviousColumn", "t"."Progress", "t"."StartDate", "t"."Title"
FROM "Tickets" AS "t"
2026-06-20 15:45:23.939 +09:00 [INF] Executed DbCommand (9ms) [Parameters=[], CommandType='"Text"', CommandTimeout='30']
SELECT "s"."Id", "s"."Holidays", "s"."HolidaysJson", "s"."LabelsJson", "s"."Users", "s"."UsersJson"
FROM "Settings" AS "s"
LIMIT 1
2026-06-20 15:45:23.963 +09:00 [INF] Executed DbCommand (0ms) [Parameters=[], CommandType='"Text"', CommandTimeout='30']
SELECT "t"."TicketId", "t"."Assignees", "t"."AssigneesJson", "t"."Category", "t"."ChildTasksJson", "t"."Column", "t"."Effort", "t"."EndDate", "t"."Id", "t"."IsArchived", "t"."IsEmergency", "t"."IsLocked", "t"."Labels", "t"."LabelsJson", "t"."MainAssignee", "t"."Memo", "t"."Position", "t"."PreviousColumn", "t"."Progress", "t"."StartDate", "t"."Title"
FROM "Tickets" AS "t"
WHERE length("t"."AssigneesJson") > 2
2026-06-20 15:45:23.966 +09:00 [INF] Executed DbCommand (2ms) [Parameters=[], CommandType='"Text"', CommandTimeout='30']
SELECT "t"."TicketId", "t"."Assignees", "t"."AssigneesJson", "t"."Category", "t"."ChildTasksJson", "t"."Column", "t"."Effort", "t"."EndDate", "t"."Id", "t"."IsArchived", "t"."IsEmergency", "t"."IsLocked", "t"."Labels", "t"."LabelsJson", "t"."MainAssignee", "t"."Memo", "t"."Position", "t"."PreviousColumn", "t"."Progress", "t"."StartDate", "t"."Title"
FROM "Tickets" AS "t"
WHERE length("t"."LabelsJson") > 2
2026-06-20 15:45:23.973 +09:00 [INF] Executing OkObjectResult, writing value of type 'System.Collections.Generic.List`1[[System.String, System.Private.CoreLib, Version=10.0.0.0, Culture=neutral, PublicKeyToken=7cec85d7bea7798e]]'.
2026-06-20 15:45:23.974 +09:00 [INF] Executing OkObjectResult, writing value of type 'System.Collections.Generic.List`1[[KanbanServer.Models.LabelSuggestDto, KanbanServer, Version=1.0.0.0, Culture=neutral, PublicKeyToken=null]]'.
2026-06-20 15:45:23.975 +09:00 [INF] Executed action KanbanServer.Controllers.TicketsController.GetAssigneesSuggest (KanbanServer) in 98.0256ms
2026-06-20 15:45:23.977 +09:00 [INF] Executed endpoint 'KanbanServer.Controllers.TicketsController.GetAssigneesSuggest (KanbanServer)'
2026-06-20 15:45:23.977 +09:00 [INF] Executed action KanbanServer.Controllers.TicketsController.GetLabelsSuggest (KanbanServer) in 100.2117ms
2026-06-20 15:45:23.978 +09:00 [INF] Executed endpoint 'KanbanServer.Controllers.TicketsController.GetLabelsSuggest (KanbanServer)'
2026-06-20 15:45:23.979 +09:00 [INF] Request finished HTTP/1.1 GET http://localhost:5000/api/tickets/labels/suggest - 200 null application/json; charset=utf-8 113.2387ms
2026-06-20 15:45:23.979 +09:00 [INF] Request finished HTTP/1.1 GET http://localhost:5000/api/tickets/assignees/suggest - 200 null application/json; charset=utf-8 112.0038ms
2026-06-20 15:45:23.994 +09:00 [INF] Executing OkObjectResult, writing value of type 'System.Collections.Generic.List`1[[KanbanServer.Models.Ticket, KanbanServer, Version=1.0.0.0, Culture=neutral, PublicKeyToken=null]]'.
2026-06-20 15:45:24.008 +09:00 [INF] Executed action KanbanServer.Controllers.TicketsController.GetAll (KanbanServer) in 129.9478ms
2026-06-20 15:45:24.009 +09:00 [INF] Executed endpoint 'KanbanServer.Controllers.TicketsController.GetAll (KanbanServer)'
2026-06-20 15:45:24.010 +09:00 [INF] Request finished HTTP/1.1 GET http://localhost:5000/api/tickets - 200 null application/json; charset=utf-8 139.788ms
2026-06-20 15:45:28.765 +09:00 [INF] Request starting HTTP/1.1 POST http://localhost:5000/api/tickets - application/json 205
2026-06-20 15:45:28.769 +09:00 [INF] CORS policy execution successful.
2026-06-20 15:45:28.769 +09:00 [INF] Executing endpoint 'KanbanServer.Controllers.TicketsController.Create (KanbanServer)'
2026-06-20 15:45:28.775 +09:00 [INF] Route matched with {action = "Create", controller = "Tickets"}. Executing controller action with signature System.Threading.Tasks.Task`1[Microsoft.AspNetCore.Mvc.ActionResult`1[KanbanServer.Models.Ticket]] Create(KanbanServer.Models.TicketDto) on controller KanbanServer.Controllers.TicketsController (KanbanServer).
2026-06-20 15:45:28.808 +09:00 [INF] Executed DbCommand (0ms) [Parameters=[], CommandType='"Text"', CommandTimeout='30']
SELECT MAX("t"."Id")
FROM "Tickets" AS "t"
2026-06-20 15:45:28.828 +09:00 [INF] Executed DbCommand (2ms) [Parameters=[@column='?' (Size = 5)], CommandType='"Text"', CommandTimeout='30']
SELECT "t"."Position"
FROM "Tickets" AS "t"
WHERE "t"."Column" = @column
2026-06-20 15:45:28.929 +09:00 [INF] Executed DbCommand (1ms) [Parameters=[@p0='?' (Size = 32), @p1='?' (Size = 2), @p2='?' (Size = 2), @p3='?' (Size = 3), @p4='?' (Size = 2), @p5='?' (Size = 5), @p6='?' (DbType = Int32), @p7='?' (DbType = DateTime), @p8='?' (DbType = Int32), @p9='?' (DbType = Boolean), @p10='?' (DbType = Boolean), @p11='?' (Size = 2), @p12='?' (Size = 2), @p13='?', @p14='?', @p15='?' (DbType = Double), @p16='?', @p17='?' (DbType = Int32), @p18='?' (DbType = DateTime), @p19='?' (Size = 3)], CommandType='"Text"', CommandTimeout='30']
INSERT INTO "Tickets" ("TicketId", "Assignees", "AssigneesJson", "Category", "ChildTasksJson", "Column", "Effort", "EndDate", "Id", "IsEmergency", "IsLocked", "Labels", "LabelsJson", "MainAssignee", "Memo", "Position", "PreviousColumn", "Progress", "StartDate", "Title")
VALUES (@p0, @p1, @p2, @p3, @p4, @p5, @p6, @p7, @p8, @p9, @p10, @p11, @p12, @p13, @p14, @p15, @p16, @p17, @p18, @p19)
RETURNING "IsArchived";
2026-06-20 15:45:28.937 +09:00 [INF] Executed DbCommand (0ms) [Parameters=[@p0='?' (DbType = DateTime), @p1='?', @p2='?' (Size = 32), @p3='?' (Size = 7), @p4='?'], CommandType='"Text"', CommandTimeout='30']
INSERT INTO "TicketHistories" ("Date", "PreviousValue", "TicketId", "Type", "Value")
VALUES (@p0, @p1, @p2, @p3, @p4)
RETURNING "Id";
2026-06-20 15:45:28.964 +09:00 [INF] Executing CreatedAtActionResult, writing value of type 'KanbanServer.Models.Ticket'.
2026-06-20 15:45:28.974 +09:00 [INF] Executed action KanbanServer.Controllers.TicketsController.Create (KanbanServer) in 196.6372ms
2026-06-20 15:45:28.976 +09:00 [INF] Executed endpoint 'KanbanServer.Controllers.TicketsController.Create (KanbanServer)'
2026-06-20 15:45:28.976 +09:00 [INF] Request finished HTTP/1.1 POST http://localhost:5000/api/tickets - 201 null application/json; charset=utf-8 211.1792ms
2026-06-20 15:45:37.948 +09:00 [INF] Request starting HTTP/1.1 PATCH http://localhost:5000/api/tickets/3efb8c4607fb492cae91da37905b4c92/column - application/json 35
2026-06-20 15:45:37.954 +09:00 [INF] CORS policy execution successful.
2026-06-20 15:45:37.956 +09:00 [INF] Executing endpoint 'KanbanServer.Controllers.TicketsController.UpdateColumn (KanbanServer)'
2026-06-20 15:45:37.963 +09:00 [INF] Route matched with {action = "UpdateColumn", controller = "Tickets"}. Executing controller action with signature System.Threading.Tasks.Task`1[Microsoft.AspNetCore.Mvc.IActionResult] UpdateColumn(System.String, KanbanServer.Models.ColumnUpdateDto) on controller KanbanServer.Controllers.TicketsController (KanbanServer).
2026-06-20 15:45:37.980 +09:00 [INF] Executed DbCommand (0ms) [Parameters=[@p='?' (Size = 32)], CommandType='"Text"', CommandTimeout='30']
SELECT "t"."TicketId", "t"."Assignees", "t"."AssigneesJson", "t"."Category", "t"."ChildTasksJson", "t"."Column", "t"."Effort", "t"."EndDate", "t"."Id", "t"."IsArchived", "t"."IsEmergency", "t"."IsLocked", "t"."Labels", "t"."LabelsJson", "t"."MainAssignee", "t"."Memo", "t"."Position", "t"."PreviousColumn", "t"."Progress", "t"."StartDate", "t"."Title"
FROM "Tickets" AS "t"
WHERE "t"."TicketId" = @p
LIMIT 1
2026-06-20 15:45:37.993 +09:00 [INF] Executed DbCommand (0ms) [Parameters=[@newColumn='?' (Size = 5), @ticketId='?' (Size = 32)], CommandType='"Text"', CommandTimeout='30']
SELECT "t"."TicketId", "t"."Assignees", "t"."AssigneesJson", "t"."Category", "t"."ChildTasksJson", "t"."Column", "t"."Effort", "t"."EndDate", "t"."Id", "t"."IsArchived", "t"."IsEmergency", "t"."IsLocked", "t"."Labels", "t"."LabelsJson", "t"."MainAssignee", "t"."Memo", "t"."Position", "t"."PreviousColumn", "t"."Progress", "t"."StartDate", "t"."Title"
FROM "Tickets" AS "t"
WHERE "t"."Column" = @newColumn AND "t"."TicketId" <> @ticketId
ORDER BY "t"."Position", "t"."Id"
2026-06-20 15:45:38.009 +09:00 [INF] Executed DbCommand (0ms) [Parameters=[@newColumn='?' (Size = 5), @ticketId='?' (Size = 32), @newPos='?' (DbType = Double)], CommandType='"Text"', CommandTimeout='30']
SELECT EXISTS (
    SELECT 1
    FROM "Tickets" AS "t"
    WHERE "t"."Column" = @newColumn AND "t"."TicketId" <> @ticketId AND abs("t"."Position" - @newPos) < 100.0)
2026-06-20 15:45:38.016 +09:00 [INF] Executed DbCommand (0ms) [Parameters=[@p1='?' (Size = 32), @p0='?' (DbType = Double)], CommandType='"Text"', CommandTimeout='30']
UPDATE "Tickets" SET "Position" = @p0
WHERE "TicketId" = @p1
RETURNING 1;
2026-06-20 15:45:38.031 +09:00 [INF] Executing StatusCodeResult, setting HTTP status code 204
2026-06-20 15:45:38.032 +09:00 [INF] Executed action KanbanServer.Controllers.TicketsController.UpdateColumn (KanbanServer) in 67.1263ms
2026-06-20 15:45:38.032 +09:00 [INF] Executed endpoint 'KanbanServer.Controllers.TicketsController.UpdateColumn (KanbanServer)'
2026-06-20 15:45:38.033 +09:00 [INF] Request finished HTTP/1.1 PATCH http://localhost:5000/api/tickets/3efb8c4607fb492cae91da37905b4c92/column - 204 null null 84.4467ms
2026-06-20 15:45:38.035 +09:00 [INF] Request starting HTTP/1.1 GET http://localhost:5000/api/tickets - null null
2026-06-20 15:45:38.036 +09:00 [INF] Executing endpoint 'KanbanServer.Controllers.TicketsController.GetAll (KanbanServer)'
2026-06-20 15:45:38.036 +09:00 [INF] Route matched with {action = "GetAll", controller = "Tickets"}. Executing controller action with signature System.Threading.Tasks.Task`1[Microsoft.AspNetCore.Mvc.ActionResult`1[System.Collections.Generic.List`1[KanbanServer.Models.Ticket]]] GetAll() on controller KanbanServer.Controllers.TicketsController (KanbanServer).
2026-06-20 15:45:38.038 +09:00 [INF] Executed DbCommand (0ms) [Parameters=[], CommandType='"Text"', CommandTimeout='30']
SELECT "t"."TicketId", "t"."Assignees", "t"."AssigneesJson", "t"."Category", "t"."ChildTasksJson", "t"."Column", "t"."Effort", "t"."EndDate", "t"."Id", "t"."IsArchived", "t"."IsEmergency", "t"."IsLocked", "t"."Labels", "t"."LabelsJson", "t"."MainAssignee", "t"."Memo", "t"."Position", "t"."PreviousColumn", "t"."Progress", "t"."StartDate", "t"."Title"
FROM "Tickets" AS "t"
2026-06-20 15:45:38.046 +09:00 [INF] Executing OkObjectResult, writing value of type 'System.Collections.Generic.List`1[[KanbanServer.Models.Ticket, KanbanServer, Version=1.0.0.0, Culture=neutral, PublicKeyToken=null]]'.
2026-06-20 15:45:38.049 +09:00 [INF] Executed action KanbanServer.Controllers.TicketsController.GetAll (KanbanServer) in 11.506ms
2026-06-20 15:45:38.050 +09:00 [INF] Executed endpoint 'KanbanServer.Controllers.TicketsController.GetAll (KanbanServer)'
2026-06-20 15:45:38.050 +09:00 [INF] Request finished HTTP/1.1 GET http://localhost:5000/api/tickets - 200 null application/json; charset=utf-8 15.5717ms
2026-06-20 15:45:39.231 +09:00 [INF] Request starting HTTP/1.1 PATCH http://localhost:5000/api/tickets/3efb8c4607fb492cae91da37905b4c92/column - application/json 35
2026-06-20 15:45:39.238 +09:00 [INF] CORS policy execution successful.
2026-06-20 15:45:39.239 +09:00 [INF] Executing endpoint 'KanbanServer.Controllers.TicketsController.UpdateColumn (KanbanServer)'
2026-06-20 15:45:39.241 +09:00 [INF] Route matched with {action = "UpdateColumn", controller = "Tickets"}. Executing controller action with signature System.Threading.Tasks.Task`1[Microsoft.AspNetCore.Mvc.IActionResult] UpdateColumn(System.String, KanbanServer.Models.ColumnUpdateDto) on controller KanbanServer.Controllers.TicketsController (KanbanServer).
2026-06-20 15:45:39.247 +09:00 [INF] Executed DbCommand (0ms) [Parameters=[@p='?' (Size = 32)], CommandType='"Text"', CommandTimeout='30']
SELECT "t"."TicketId", "t"."Assignees", "t"."AssigneesJson", "t"."Category", "t"."ChildTasksJson", "t"."Column", "t"."Effort", "t"."EndDate", "t"."Id", "t"."IsArchived", "t"."IsEmergency", "t"."IsLocked", "t"."Labels", "t"."LabelsJson", "t"."MainAssignee", "t"."Memo", "t"."Position", "t"."PreviousColumn", "t"."Progress", "t"."StartDate", "t"."Title"
FROM "Tickets" AS "t"
WHERE "t"."TicketId" = @p
LIMIT 1
2026-06-20 15:45:39.250 +09:00 [INF] Executed DbCommand (0ms) [Parameters=[@newColumn='?' (Size = 5), @ticketId='?' (Size = 32)], CommandType='"Text"', CommandTimeout='30']
SELECT "t"."TicketId", "t"."Assignees", "t"."AssigneesJson", "t"."Category", "t"."ChildTasksJson", "t"."Column", "t"."Effort", "t"."EndDate", "t"."Id", "t"."IsArchived", "t"."IsEmergency", "t"."IsLocked", "t"."Labels", "t"."LabelsJson", "t"."MainAssignee", "t"."Memo", "t"."Position", "t"."PreviousColumn", "t"."Progress", "t"."StartDate", "t"."Title"
FROM "Tickets" AS "t"
WHERE "t"."Column" = @newColumn AND "t"."TicketId" <> @ticketId
ORDER BY "t"."Position", "t"."Id"
2026-06-20 15:45:39.254 +09:00 [INF] Executed DbCommand (0ms) [Parameters=[@newColumn='?' (Size = 5), @ticketId='?' (Size = 32), @newPos='?' (DbType = Double)], CommandType='"Text"', CommandTimeout='30']
SELECT EXISTS (
    SELECT 1
    FROM "Tickets" AS "t"
    WHERE "t"."Column" = @newColumn AND "t"."TicketId" <> @ticketId AND abs("t"."Position" - @newPos) < 100.0)
2026-06-20 15:45:39.263 +09:00 [INF] Executed DbCommand (0ms) [Parameters=[@p1='?' (Size = 32), @p0='?' (DbType = Double)], CommandType='"Text"', CommandTimeout='30']
UPDATE "Tickets" SET "Position" = @p0
WHERE "TicketId" = @p1
RETURNING 1;
2026-06-20 15:45:39.276 +09:00 [INF] Executing StatusCodeResult, setting HTTP status code 204
2026-06-20 15:45:39.277 +09:00 [INF] Executed action KanbanServer.Controllers.TicketsController.UpdateColumn (KanbanServer) in 33.6459ms
2026-06-20 15:45:39.278 +09:00 [INF] Executed endpoint 'KanbanServer.Controllers.TicketsController.UpdateColumn (KanbanServer)'
2026-06-20 15:45:39.280 +09:00 [INF] Request finished HTTP/1.1 PATCH http://localhost:5000/api/tickets/3efb8c4607fb492cae91da37905b4c92/column - 204 null null 49.0742ms
2026-06-20 15:45:39.284 +09:00 [INF] Request starting HTTP/1.1 GET http://localhost:5000/api/tickets - null null
2026-06-20 15:45:39.286 +09:00 [INF] Executing endpoint 'KanbanServer.Controllers.TicketsController.GetAll (KanbanServer)'
2026-06-20 15:45:39.287 +09:00 [INF] Route matched with {action = "GetAll", controller = "Tickets"}. Executing controller action with signature System.Threading.Tasks.Task`1[Microsoft.AspNetCore.Mvc.ActionResult`1[System.Collections.Generic.List`1[KanbanServer.Models.Ticket]]] GetAll() on controller KanbanServer.Controllers.TicketsController (KanbanServer).
2026-06-20 15:45:39.288 +09:00 [INF] Executed DbCommand (0ms) [Parameters=[], CommandType='"Text"', CommandTimeout='30']
SELECT "t"."TicketId", "t"."Assignees", "t"."AssigneesJson", "t"."Category", "t"."ChildTasksJson", "t"."Column", "t"."Effort", "t"."EndDate", "t"."Id", "t"."IsArchived", "t"."IsEmergency", "t"."IsLocked", "t"."Labels", "t"."LabelsJson", "t"."MainAssignee", "t"."Memo", "t"."Position", "t"."PreviousColumn", "t"."Progress", "t"."StartDate", "t"."Title"
FROM "Tickets" AS "t"
2026-06-20 15:45:39.295 +09:00 [INF] Executing OkObjectResult, writing value of type 'System.Collections.Generic.List`1[[KanbanServer.Models.Ticket, KanbanServer, Version=1.0.0.0, Culture=neutral, PublicKeyToken=null]]'.
2026-06-20 15:45:39.298 +09:00 [INF] Executed action KanbanServer.Controllers.TicketsController.GetAll (KanbanServer) in 10.2196ms
2026-06-20 15:45:39.299 +09:00 [INF] Executed endpoint 'KanbanServer.Controllers.TicketsController.GetAll (KanbanServer)'
2026-06-20 15:45:39.299 +09:00 [INF] Request finished HTTP/1.1 GET http://localhost:5000/api/tickets - 200 null application/json; charset=utf-8 15.3473ms
2026-06-20 15:45:40.526 +09:00 [INF] Request starting HTTP/1.1 PATCH http://localhost:5000/api/tickets/3efb8c4607fb492cae91da37905b4c92/column - application/json 35
2026-06-20 15:45:40.531 +09:00 [INF] CORS policy execution successful.
2026-06-20 15:45:40.533 +09:00 [INF] Executing endpoint 'KanbanServer.Controllers.TicketsController.UpdateColumn (KanbanServer)'
2026-06-20 15:45:40.534 +09:00 [INF] Route matched with {action = "UpdateColumn", controller = "Tickets"}. Executing controller action with signature System.Threading.Tasks.Task`1[Microsoft.AspNetCore.Mvc.IActionResult] UpdateColumn(System.String, KanbanServer.Models.ColumnUpdateDto) on controller KanbanServer.Controllers.TicketsController (KanbanServer).
2026-06-20 15:45:40.538 +09:00 [INF] Executed DbCommand (0ms) [Parameters=[@p='?' (Size = 32)], CommandType='"Text"', CommandTimeout='30']
SELECT "t"."TicketId", "t"."Assignees", "t"."AssigneesJson", "t"."Category", "t"."ChildTasksJson", "t"."Column", "t"."Effort", "t"."EndDate", "t"."Id", "t"."IsArchived", "t"."IsEmergency", "t"."IsLocked", "t"."Labels", "t"."LabelsJson", "t"."MainAssignee", "t"."Memo", "t"."Position", "t"."PreviousColumn", "t"."Progress", "t"."StartDate", "t"."Title"
FROM "Tickets" AS "t"
WHERE "t"."TicketId" = @p
LIMIT 1
2026-06-20 15:45:40.540 +09:00 [INF] Executed DbCommand (0ms) [Parameters=[@newColumn='?' (Size = 5), @ticketId='?' (Size = 32)], CommandType='"Text"', CommandTimeout='30']
SELECT "t"."TicketId", "t"."Assignees", "t"."AssigneesJson", "t"."Category", "t"."ChildTasksJson", "t"."Column", "t"."Effort", "t"."EndDate", "t"."Id", "t"."IsArchived", "t"."IsEmergency", "t"."IsLocked", "t"."Labels", "t"."LabelsJson", "t"."MainAssignee", "t"."Memo", "t"."Position", "t"."PreviousColumn", "t"."Progress", "t"."StartDate", "t"."Title"
FROM "Tickets" AS "t"
WHERE "t"."Column" = @newColumn AND "t"."TicketId" <> @ticketId
ORDER BY "t"."Position", "t"."Id"
2026-06-20 15:45:40.543 +09:00 [INF] Executed DbCommand (0ms) [Parameters=[@newColumn='?' (Size = 5), @ticketId='?' (Size = 32), @newPos='?' (DbType = Double)], CommandType='"Text"', CommandTimeout='30']
SELECT EXISTS (
    SELECT 1
    FROM "Tickets" AS "t"
    WHERE "t"."Column" = @newColumn AND "t"."TicketId" <> @ticketId AND abs("t"."Position" - @newPos) < 100.0)
2026-06-20 15:45:40.545 +09:00 [INF] Executed DbCommand (0ms) [Parameters=[@p1='?' (Size = 32), @p0='?' (DbType = Double)], CommandType='"Text"', CommandTimeout='30']
UPDATE "Tickets" SET "Position" = @p0
WHERE "TicketId" = @p1
RETURNING 1;
2026-06-20 15:45:40.558 +09:00 [INF] Executing StatusCodeResult, setting HTTP status code 204
2026-06-20 15:45:40.559 +09:00 [INF] Executed action KanbanServer.Controllers.TicketsController.UpdateColumn (KanbanServer) in 22.7453ms
2026-06-20 15:45:40.561 +09:00 [INF] Executed endpoint 'KanbanServer.Controllers.TicketsController.UpdateColumn (KanbanServer)'
2026-06-20 15:45:40.562 +09:00 [INF] Request finished HTTP/1.1 PATCH http://localhost:5000/api/tickets/3efb8c4607fb492cae91da37905b4c92/column - 204 null null 35.7718ms
2026-06-20 15:45:40.565 +09:00 [INF] Request starting HTTP/1.1 GET http://localhost:5000/api/tickets - null null
2026-06-20 15:45:40.567 +09:00 [INF] Executing endpoint 'KanbanServer.Controllers.TicketsController.GetAll (KanbanServer)'
2026-06-20 15:45:40.568 +09:00 [INF] Route matched with {action = "GetAll", controller = "Tickets"}. Executing controller action with signature System.Threading.Tasks.Task`1[Microsoft.AspNetCore.Mvc.ActionResult`1[System.Collections.Generic.List`1[KanbanServer.Models.Ticket]]] GetAll() on controller KanbanServer.Controllers.TicketsController (KanbanServer).
2026-06-20 15:45:40.570 +09:00 [INF] Executed DbCommand (0ms) [Parameters=[], CommandType='"Text"', CommandTimeout='30']
SELECT "t"."TicketId", "t"."Assignees", "t"."AssigneesJson", "t"."Category", "t"."ChildTasksJson", "t"."Column", "t"."Effort", "t"."EndDate", "t"."Id", "t"."IsArchived", "t"."IsEmergency", "t"."IsLocked", "t"."Labels", "t"."LabelsJson", "t"."MainAssignee", "t"."Memo", "t"."Position", "t"."PreviousColumn", "t"."Progress", "t"."StartDate", "t"."Title"
FROM "Tickets" AS "t"
2026-06-20 15:45:40.574 +09:00 [INF] Executing OkObjectResult, writing value of type 'System.Collections.Generic.List`1[[KanbanServer.Models.Ticket, KanbanServer, Version=1.0.0.0, Culture=neutral, PublicKeyToken=null]]'.
2026-06-20 15:45:40.576 +09:00 [INF] Executed action KanbanServer.Controllers.TicketsController.GetAll (KanbanServer) in 7.0173ms
2026-06-20 15:45:40.577 +09:00 [INF] Executed endpoint 'KanbanServer.Controllers.TicketsController.GetAll (KanbanServer)'
2026-06-20 15:45:40.578 +09:00 [INF] Request finished HTTP/1.1 GET http://localhost:5000/api/tickets - 200 null application/json; charset=utf-8 12.2669ms
2026-06-20 15:45:43.652 +09:00 [INF] Request starting HTTP/1.1 PATCH http://localhost:5000/api/tickets/3efb8c4607fb492cae91da37905b4c92/column - application/json 35
2026-06-20 15:45:43.657 +09:00 [INF] CORS policy execution successful.
2026-06-20 15:45:43.658 +09:00 [INF] Executing endpoint 'KanbanServer.Controllers.TicketsController.UpdateColumn (KanbanServer)'
2026-06-20 15:45:43.660 +09:00 [INF] Route matched with {action = "UpdateColumn", controller = "Tickets"}. Executing controller action with signature System.Threading.Tasks.Task`1[Microsoft.AspNetCore.Mvc.IActionResult] UpdateColumn(System.String, KanbanServer.Models.ColumnUpdateDto) on controller KanbanServer.Controllers.TicketsController (KanbanServer).
2026-06-20 15:45:43.663 +09:00 [INF] Executed DbCommand (0ms) [Parameters=[@p='?' (Size = 32)], CommandType='"Text"', CommandTimeout='30']
SELECT "t"."TicketId", "t"."Assignees", "t"."AssigneesJson", "t"."Category", "t"."ChildTasksJson", "t"."Column", "t"."Effort", "t"."EndDate", "t"."Id", "t"."IsArchived", "t"."IsEmergency", "t"."IsLocked", "t"."Labels", "t"."LabelsJson", "t"."MainAssignee", "t"."Memo", "t"."Position", "t"."PreviousColumn", "t"."Progress", "t"."StartDate", "t"."Title"
FROM "Tickets" AS "t"
WHERE "t"."TicketId" = @p
LIMIT 1
2026-06-20 15:45:43.666 +09:00 [INF] Executed DbCommand (0ms) [Parameters=[@newColumn='?' (Size = 5), @ticketId='?' (Size = 32)], CommandType='"Text"', CommandTimeout='30']
SELECT "t"."TicketId", "t"."Assignees", "t"."AssigneesJson", "t"."Category", "t"."ChildTasksJson", "t"."Column", "t"."Effort", "t"."EndDate", "t"."Id", "t"."IsArchived", "t"."IsEmergency", "t"."IsLocked", "t"."Labels", "t"."LabelsJson", "t"."MainAssignee", "t"."Memo", "t"."Position", "t"."PreviousColumn", "t"."Progress", "t"."StartDate", "t"."Title"
FROM "Tickets" AS "t"
WHERE "t"."Column" = @newColumn AND "t"."TicketId" <> @ticketId
ORDER BY "t"."Position", "t"."Id"
2026-06-20 15:45:43.671 +09:00 [INF] Executed DbCommand (0ms) [Parameters=[@newColumn='?' (Size = 5), @ticketId='?' (Size = 32), @newPos='?' (DbType = Double)], CommandType='"Text"', CommandTimeout='30']
SELECT EXISTS (
    SELECT 1
    FROM "Tickets" AS "t"
    WHERE "t"."Column" = @newColumn AND "t"."TicketId" <> @ticketId AND abs("t"."Position" - @newPos) < 100.0)
2026-06-20 15:45:43.674 +09:00 [INF] Executed DbCommand (0ms) [Parameters=[@p1='?' (Size = 32), @p0='?' (DbType = Double)], CommandType='"Text"', CommandTimeout='30']
UPDATE "Tickets" SET "Position" = @p0
WHERE "TicketId" = @p1
RETURNING 1;
2026-06-20 15:45:43.685 +09:00 [INF] Executing StatusCodeResult, setting HTTP status code 204
2026-06-20 15:45:43.687 +09:00 [INF] Executed action KanbanServer.Controllers.TicketsController.UpdateColumn (KanbanServer) in 24.5473ms
2026-06-20 15:45:43.688 +09:00 [INF] Executed endpoint 'KanbanServer.Controllers.TicketsController.UpdateColumn (KanbanServer)'
2026-06-20 15:45:43.690 +09:00 [INF] Request finished HTTP/1.1 PATCH http://localhost:5000/api/tickets/3efb8c4607fb492cae91da37905b4c92/column - 204 null null 37.7994ms
2026-06-20 15:45:43.694 +09:00 [INF] Request starting HTTP/1.1 GET http://localhost:5000/api/tickets - null null
2026-06-20 15:45:43.697 +09:00 [INF] Executing endpoint 'KanbanServer.Controllers.TicketsController.GetAll (KanbanServer)'
2026-06-20 15:45:43.698 +09:00 [INF] Route matched with {action = "GetAll", controller = "Tickets"}. Executing controller action with signature System.Threading.Tasks.Task`1[Microsoft.AspNetCore.Mvc.ActionResult`1[System.Collections.Generic.List`1[KanbanServer.Models.Ticket]]] GetAll() on controller KanbanServer.Controllers.TicketsController (KanbanServer).
2026-06-20 15:45:43.701 +09:00 [INF] Executed DbCommand (0ms) [Parameters=[], CommandType='"Text"', CommandTimeout='30']
SELECT "t"."TicketId", "t"."Assignees", "t"."AssigneesJson", "t"."Category", "t"."ChildTasksJson", "t"."Column", "t"."Effort", "t"."EndDate", "t"."Id", "t"."IsArchived", "t"."IsEmergency", "t"."IsLocked", "t"."Labels", "t"."LabelsJson", "t"."MainAssignee", "t"."Memo", "t"."Position", "t"."PreviousColumn", "t"."Progress", "t"."StartDate", "t"."Title"
FROM "Tickets" AS "t"
2026-06-20 15:45:43.708 +09:00 [INF] Executing OkObjectResult, writing value of type 'System.Collections.Generic.List`1[[KanbanServer.Models.Ticket, KanbanServer, Version=1.0.0.0, Culture=neutral, PublicKeyToken=null]]'.
2026-06-20 15:45:43.716 +09:00 [INF] Executed action KanbanServer.Controllers.TicketsController.GetAll (KanbanServer) in 16.2731ms
2026-06-20 15:45:43.719 +09:00 [INF] Executed endpoint 'KanbanServer.Controllers.TicketsController.GetAll (KanbanServer)'
2026-06-20 15:45:43.721 +09:00 [INF] Request finished HTTP/1.1 GET http://localhost:5000/api/tickets - 200 null application/json; charset=utf-8 27.4534ms
2026-06-20 16:46:21.166 +09:00 [INF] Executed DbCommand (7ms) [Parameters=[], CommandType='"Text"', CommandTimeout='30']
SELECT COUNT(*) FROM "sqlite_master" WHERE "type" = 'table' AND "rootpage" IS NOT NULL;
2026-06-20 16:46:21.254 +09:00 [WRN] Overriding address(es) 'http://localhost:5171'. Binding to endpoints defined via IConfiguration and/or UseKestrel() instead.
2026-06-20 16:46:21.262 +09:00 [INF] Now listening on: http://0.0.0.0:5000
2026-06-20 16:46:21.262 +09:00 [INF] Application started. Press Ctrl+C to shut down.
2026-06-20 16:46:21.262 +09:00 [INF] Hosting environment: Development
2026-06-20 16:46:21.263 +09:00 [INF] Content root path: C:\repos\mykanban
2026-06-20 16:46:29.190 +09:00 [INF] Request starting HTTP/1.1 GET http://localhost:5000/ - null null
2026-06-20 16:46:29.225 +09:00 [INF] Executing endpoint 'Fallback {*path:nonfile}'
2026-06-20 16:46:29.234 +09:00 [INF] Executed endpoint 'Fallback {*path:nonfile}'
2026-06-20 16:46:29.238 +09:00 [INF] Request finished HTTP/1.1 GET http://localhost:5000/ - 200 null text/html; charset=utf-8 49.754ms
2026-06-20 16:46:29.243 +09:00 [INF] Request starting HTTP/1.1 GET http://localhost:5000/styles.css - null null
2026-06-20 16:46:29.263 +09:00 [INF] Sending file. Request path: '/styles.css'. Physical path: 'C:\repos\mykanban\bin\Debug\net10.0\wwwroot\styles.css'
2026-06-20 16:46:29.264 +09:00 [INF] Request finished HTTP/1.1 GET http://localhost:5000/styles.css - 200 60560 text/css 20.6544ms
2026-06-20 16:46:29.267 +09:00 [INF] Request starting HTTP/1.1 GET http://localhost:5000/app.js - null null
2026-06-20 16:46:29.271 +09:00 [INF] CORS policy execution successful.
2026-06-20 16:46:29.273 +09:00 [INF] The file /app.js was not modified
2026-06-20 16:46:29.274 +09:00 [INF] Request finished HTTP/1.1 GET http://localhost:5000/app.js - 304 null text/javascript 7.2871ms
2026-06-20 16:46:29.344 +09:00 [INF] Request starting HTTP/1.1 GET http://localhost:5000/modules/state.js - null null
2026-06-20 16:46:29.348 +09:00 [INF] CORS policy execution successful.
2026-06-20 16:46:29.349 +09:00 [INF] The file /modules/state.js was not modified
2026-06-20 16:46:29.351 +09:00 [INF] Request finished HTTP/1.1 GET http://localhost:5000/modules/state.js - 304 null text/javascript 7.4904ms
2026-06-20 16:46:29.355 +09:00 [INF] Request starting HTTP/1.1 GET http://localhost:5000/modules/api.js - null null
2026-06-20 16:46:29.359 +09:00 [INF] CORS policy execution successful.
2026-06-20 16:46:29.360 +09:00 [INF] The file /modules/api.js was not modified
2026-06-20 16:46:29.361 +09:00 [INF] Request finished HTTP/1.1 GET http://localhost:5000/modules/api.js - 304 null text/javascript 5.8978ms
2026-06-20 16:46:29.366 +09:00 [INF] Request starting HTTP/1.1 GET http://localhost:5000/modules/renderer.js - null null
2026-06-20 16:46:29.369 +09:00 [INF] CORS policy execution successful.
2026-06-20 16:46:29.370 +09:00 [INF] The file /modules/renderer.js was not modified
2026-06-20 16:46:29.372 +09:00 [INF] Request finished HTTP/1.1 GET http://localhost:5000/modules/renderer.js - 304 null text/javascript 6.083ms
2026-06-20 16:46:29.376 +09:00 [INF] Request starting HTTP/1.1 GET http://localhost:5000/modules/dragdrop.js - null null
2026-06-20 16:46:29.379 +09:00 [INF] CORS policy execution successful.
2026-06-20 16:46:29.381 +09:00 [INF] The file /modules/dragdrop.js was not modified
2026-06-20 16:46:29.382 +09:00 [INF] Request finished HTTP/1.1 GET http://localhost:5000/modules/dragdrop.js - 304 null text/javascript 6.1321ms
2026-06-20 16:46:29.386 +09:00 [INF] Request starting HTTP/1.1 GET http://localhost:5000/modules/modal.js - null null
2026-06-20 16:46:29.390 +09:00 [INF] CORS policy execution successful.
2026-06-20 16:46:29.415 +09:00 [INF] Sending file. Request path: '/modules/modal.js'. Physical path: 'C:\repos\mykanban\bin\Debug\net10.0\wwwroot\modules\modal.js'
2026-06-20 16:46:29.417 +09:00 [INF] Request finished HTTP/1.1 GET http://localhost:5000/modules/modal.js - 200 21096 text/javascript 30.447ms
2026-06-20 16:46:30.262 +09:00 [INF] Request starting HTTP/1.1 GET http://localhost:5000/ - null null
2026-06-20 16:46:30.264 +09:00 [INF] Executing endpoint 'Fallback {*path:nonfile}'
2026-06-20 16:46:30.265 +09:00 [INF] Executed endpoint 'Fallback {*path:nonfile}'
2026-06-20 16:46:30.266 +09:00 [INF] Request finished HTTP/1.1 GET http://localhost:5000/ - 200 null text/html; charset=utf-8 3.7251ms
2026-06-20 16:46:30.271 +09:00 [INF] Request starting HTTP/1.1 GET http://localhost:5000/styles.css - null null
2026-06-20 16:46:30.272 +09:00 [INF] Request starting HTTP/1.1 GET http://localhost:5000/app.js - null null
2026-06-20 16:46:30.274 +09:00 [INF] CORS policy execution successful.
2026-06-20 16:46:30.274 +09:00 [INF] Sending file. Request path: '/styles.css'. Physical path: 'C:\repos\mykanban\bin\Debug\net10.0\wwwroot\styles.css'
2026-06-20 16:46:30.276 +09:00 [INF] Request finished HTTP/1.1 GET http://localhost:5000/styles.css - 200 60560 text/css 5.2334ms
2026-06-20 16:46:30.279 +09:00 [INF] Sending file. Request path: '/app.js'. Physical path: 'C:\repos\mykanban\bin\Debug\net10.0\wwwroot\app.js'
2026-06-20 16:46:30.280 +09:00 [INF] Request starting HTTP/1.1 GET http://localhost:5000/modules/renderer.js - null null
2026-06-20 16:46:30.282 +09:00 [INF] Request starting HTTP/1.1 GET http://localhost:5000/modules/api.js - null null
2026-06-20 16:46:30.283 +09:00 [INF] Request starting HTTP/1.1 GET http://localhost:5000/modules/modal.js - null null
2026-06-20 16:46:30.284 +09:00 [INF] Request starting HTTP/1.1 GET http://localhost:5000/modules/labels.js - null null
2026-06-20 16:46:30.284 +09:00 [INF] Request finished HTTP/1.1 GET http://localhost:5000/app.js - 200 23659 text/javascript 7.8036ms
2026-06-20 16:46:30.288 +09:00 [INF] CORS policy execution successful.
2026-06-20 16:46:30.285 +09:00 [INF] CORS policy execution successful.
2026-06-20 16:46:30.289 +09:00 [INF] CORS policy execution successful.
2026-06-20 16:46:30.289 +09:00 [INF] CORS policy execution successful.
2026-06-20 16:46:30.290 +09:00 [INF] Request starting HTTP/1.1 GET http://localhost:5000/modules/dragdrop.js - null null
2026-06-20 16:46:30.293 +09:00 [INF] Sending file. Request path: '/modules/renderer.js'. Physical path: 'C:\repos\mykanban\bin\Debug\net10.0\wwwroot\modules\renderer.js'
2026-06-20 16:46:30.294 +09:00 [INF] Sending file. Request path: '/modules/api.js'. Physical path: 'C:\repos\mykanban\bin\Debug\net10.0\wwwroot\modules\api.js'
2026-06-20 16:46:30.295 +09:00 [INF] Sending file. Request path: '/modules/modal.js'. Physical path: 'C:\repos\mykanban\bin\Debug\net10.0\wwwroot\modules\modal.js'
2026-06-20 16:46:30.294 +09:00 [INF] Request starting HTTP/1.1 GET http://localhost:5000/modules/state.js - null null
2026-06-20 16:46:30.299 +09:00 [INF] Request finished HTTP/1.1 GET http://localhost:5000/modules/api.js - 200 6109 text/javascript 13.5758ms
2026-06-20 16:46:30.299 +09:00 [INF] Sending file. Request path: '/modules/labels.js'. Physical path: 'C:\repos\mykanban\bin\Debug\net10.0\wwwroot\modules\labels.js'
2026-06-20 16:46:30.303 +09:00 [INF] CORS policy execution successful.
2026-06-20 16:46:30.299 +09:00 [INF] Request finished HTTP/1.1 GET http://localhost:5000/modules/renderer.js - 200 29602 text/javascript 13.9077ms
2026-06-20 16:46:30.303 +09:00 [INF] Request finished HTTP/1.1 GET http://localhost:5000/modules/modal.js - 200 21096 text/javascript 13.5743ms
2026-06-20 16:46:30.304 +09:00 [INF] CORS policy execution successful.
2026-06-20 16:46:30.308 +09:00 [INF] Request finished HTTP/1.1 GET http://localhost:5000/modules/labels.js - 200 5192 text/javascript 19.4016ms
2026-06-20 16:46:30.310 +09:00 [INF] Request starting HTTP/1.1 GET http://localhost:5000/modules/childtasks.js - null null
2026-06-20 16:46:30.315 +09:00 [INF] Sending file. Request path: '/modules/dragdrop.js'. Physical path: 'C:\repos\mykanban\bin\Debug\net10.0\wwwroot\modules\dragdrop.js'
2026-06-20 16:46:30.316 +09:00 [INF] Request starting HTTP/1.1 GET http://localhost:5000/modules/actual.js - null null
2026-06-20 16:46:30.316 +09:00 [INF] Request starting HTTP/1.1 GET http://localhost:5000/modules/assignees.js - null null
2026-06-20 16:46:30.316 +09:00 [INF] Request starting HTTP/1.1 GET http://localhost:5000/modules/history.js - null null
2026-06-20 16:46:30.316 +09:00 [INF] Request finished HTTP/1.1 GET http://localhost:5000/modules/dragdrop.js - 200 7088 text/javascript 26.3243ms
2026-06-20 16:46:30.316 +09:00 [INF] Sending file. Request path: '/modules/state.js'. Physical path: 'C:\repos\mykanban\bin\Debug\net10.0\wwwroot\modules\state.js'
2026-06-20 16:46:30.325 +09:00 [INF] CORS policy execution successful.
2026-06-20 16:46:30.326 +09:00 [INF] Request starting HTTP/1.1 GET http://localhost:5000/modules/filter.js - null null
2026-06-20 16:46:30.326 +09:00 [INF] Request finished HTTP/1.1 GET http://localhost:5000/modules/state.js - 200 20762 text/javascript 32.5992ms
2026-06-20 16:46:30.331 +09:00 [INF] CORS policy execution successful.
2026-06-20 16:46:30.328 +09:00 [INF] CORS policy execution successful.
2026-06-20 16:46:30.332 +09:00 [INF] CORS policy execution successful.
2026-06-20 16:46:30.333 +09:00 [INF] CORS policy execution successful.
2026-06-20 16:46:30.334 +09:00 [INF] Sending file. Request path: '/modules/childtasks.js'. Physical path: 'C:\repos\mykanban\bin\Debug\net10.0\wwwroot\modules\childtasks.js'
2026-06-20 16:46:30.336 +09:00 [INF] Sending file. Request path: '/modules/assignees.js'. Physical path: 'C:\repos\mykanban\bin\Debug\net10.0\wwwroot\modules\assignees.js'
2026-06-20 16:46:30.337 +09:00 [INF] Sending file. Request path: '/modules/actual.js'. Physical path: 'C:\repos\mykanban\bin\Debug\net10.0\wwwroot\modules\actual.js'
2026-06-20 16:46:30.334 +09:00 [INF] Request starting HTTP/1.1 GET http://localhost:5000/modules/archive.js - null null
2026-06-20 16:46:30.337 +09:00 [INF] Request finished HTTP/1.1 GET http://localhost:5000/modules/assignees.js - 200 8700 text/javascript 21.5834ms
2026-06-20 16:46:30.337 +09:00 [INF] Sending file. Request path: '/modules/history.js'. Physical path: 'C:\repos\mykanban\bin\Debug\net10.0\wwwroot\modules\history.js'
2026-06-20 16:46:30.344 +09:00 [INF] Request finished HTTP/1.1 GET http://localhost:5000/modules/childtasks.js - 200 11906 text/javascript 25.6394ms
2026-06-20 16:46:30.345 +09:00 [INF] Sending file. Request path: '/modules/filter.js'. Physical path: 'C:\repos\mykanban\bin\Debug\net10.0\wwwroot\modules\filter.js'
2026-06-20 16:46:30.350 +09:00 [INF] Request finished HTTP/1.1 GET http://localhost:5000/modules/history.js - 200 9423 text/javascript 28.5901ms
2026-06-20 16:46:30.350 +09:00 [INF] Request finished HTTP/1.1 GET http://localhost:5000/modules/filter.js - 200 7563 text/javascript 23.6474ms
2026-06-20 16:46:30.350 +09:00 [INF] Request finished HTTP/1.1 GET http://localhost:5000/modules/actual.js - 200 11688 text/javascript 28.5925ms
2026-06-20 16:46:30.350 +09:00 [INF] Request starting HTTP/1.1 GET http://localhost:5000/modules/auth.js - null null
2026-06-20 16:46:30.359 +09:00 [INF] Request starting HTTP/1.1 GET http://localhost:5000/modules/memo.js - null null
2026-06-20 16:46:30.361 +09:00 [INF] Request starting HTTP/1.1 GET http://localhost:5000/modules/logger.js - null null
2026-06-20 16:46:30.361 +09:00 [INF] Request starting HTTP/1.1 GET http://localhost:5000/modules/settings.js - null null
2026-06-20 16:46:30.361 +09:00 [INF] Request starting HTTP/1.1 GET http://localhost:5000/modules/charts.js - null null
2026-06-20 16:46:30.361 +09:00 [INF] CORS policy execution successful.
2026-06-20 16:46:30.364 +09:00 [INF] CORS policy execution successful.
2026-06-20 16:46:30.369 +09:00 [INF] CORS policy execution successful.
2026-06-20 16:46:30.370 +09:00 [INF] CORS policy execution successful.
2026-06-20 16:46:30.371 +09:00 [INF] CORS policy execution successful.
2026-06-20 16:46:30.372 +09:00 [INF] Sending file. Request path: '/modules/memo.js'. Physical path: 'C:\repos\mykanban\bin\Debug\net10.0\wwwroot\modules\memo.js'
2026-06-20 16:46:30.372 +09:00 [INF] CORS policy execution successful.
2026-06-20 16:46:30.373 +09:00 [INF] Sending file. Request path: '/modules/auth.js'. Physical path: 'C:\repos\mykanban\bin\Debug\net10.0\wwwroot\modules\auth.js'
2026-06-20 16:46:30.374 +09:00 [INF] Sending file. Request path: '/modules/archive.js'. Physical path: 'C:\repos\mykanban\bin\Debug\net10.0\wwwroot\modules\archive.js'
2026-06-20 16:46:30.376 +09:00 [INF] Sending file. Request path: '/modules/logger.js'. Physical path: 'C:\repos\mykanban\bin\Debug\net10.0\wwwroot\modules\logger.js'
2026-06-20 16:46:30.375 +09:00 [INF] Request finished HTTP/1.1 GET http://localhost:5000/modules/memo.js - 200 3562 text/javascript 14.0357ms
2026-06-20 16:46:30.376 +09:00 [INF] Request finished HTTP/1.1 GET http://localhost:5000/modules/archive.js - 200 944 text/javascript 42.2246ms
2026-06-20 16:46:30.382 +09:00 [INF] Sending file. Request path: '/modules/settings.js'. Physical path: 'C:\repos\mykanban\bin\Debug\net10.0\wwwroot\modules\settings.js'
2026-06-20 16:46:30.379 +09:00 [INF] Sending file. Request path: '/modules/charts.js'. Physical path: 'C:\repos\mykanban\bin\Debug\net10.0\wwwroot\modules\charts.js'
2026-06-20 16:46:30.377 +09:00 [INF] Request finished HTTP/1.1 GET http://localhost:5000/modules/auth.js - 200 4113 text/javascript 25.6765ms
2026-06-20 16:46:30.384 +09:00 [INF] Request finished HTTP/1.1 GET http://localhost:5000/modules/logger.js - 200 6900 text/javascript 15.9746ms
2026-06-20 16:46:30.387 +09:00 [INF] Request starting HTTP/1.1 GET http://localhost:5000/modules/ticketService.js - null null
2026-06-20 16:46:30.387 +09:00 [INF] Request finished HTTP/1.1 GET http://localhost:5000/modules/settings.js - 200 28809 text/javascript 25.269ms
2026-06-20 16:46:30.387 +09:00 [INF] Request finished HTTP/1.1 GET http://localhost:5000/modules/charts.js - 200 46291 text/javascript 22.946ms
2026-06-20 16:46:30.395 +09:00 [INF] CORS policy execution successful.
2026-06-20 16:46:30.396 +09:00 [INF] Sending file. Request path: '/modules/ticketService.js'. Physical path: 'C:\repos\mykanban\bin\Debug\net10.0\wwwroot\modules\ticketService.js'
2026-06-20 16:46:30.397 +09:00 [INF] Request finished HTTP/1.1 GET http://localhost:5000/modules/ticketService.js - 200 1719 text/javascript 10.92ms
2026-06-20 16:46:30.403 +09:00 [INF] Request starting HTTP/1.1 GET http://localhost:5000/favicon.ico - null null
2026-06-20 16:46:30.405 +09:00 [INF] Request finished HTTP/1.1 GET http://localhost:5000/favicon.ico - 404 0 null 2.0021ms
2026-06-20 16:46:30.408 +09:00 [INF] Request reached the end of the middleware pipeline without being handled by application code. Request path: GET http://localhost:5000/favicon.ico, Response status code: 404
2026-06-20 16:46:31.197 +09:00 [INF] Request starting HTTP/1.1 POST http://localhost:5000/api/auth/login - application/json 38
2026-06-20 16:46:31.204 +09:00 [INF] CORS policy execution successful.
2026-06-20 16:46:31.206 +09:00 [INF] Executing endpoint 'KanbanServer.Controllers.AuthController.Login (KanbanServer)'
2026-06-20 16:46:31.218 +09:00 [INF] Route matched with {action = "Login", controller = "Auth"}. Executing controller action with signature Microsoft.AspNetCore.Mvc.IActionResult Login(LoginRequest) on controller KanbanServer.Controllers.AuthController (KanbanServer).
2026-06-20 16:46:31.242 +09:00 [INF] Executing OkObjectResult, writing value of type '<>f__AnonymousType1`3[[System.String, System.Private.CoreLib, Version=10.0.0.0, Culture=neutral, PublicKeyToken=7cec85d7bea7798e],[System.Boolean, System.Private.CoreLib, Version=10.0.0.0, Culture=neutral, PublicKeyToken=7cec85d7bea7798e],[System.String, System.Private.CoreLib, Version=10.0.0.0, Culture=neutral, PublicKeyToken=7cec85d7bea7798e]]'.
2026-06-20 16:46:31.250 +09:00 [INF] Executed action KanbanServer.Controllers.AuthController.Login (KanbanServer) in 27.4851ms
2026-06-20 16:46:31.251 +09:00 [INF] Executed endpoint 'KanbanServer.Controllers.AuthController.Login (KanbanServer)'
2026-06-20 16:46:31.252 +09:00 [INF] Request finished HTTP/1.1 POST http://localhost:5000/api/auth/login - 200 null application/json; charset=utf-8 55.1067ms
2026-06-20 16:46:31.256 +09:00 [INF] Request starting HTTP/1.1 GET http://localhost:5000/api/settings - null null
2026-06-20 16:46:31.259 +09:00 [INF] Executing endpoint 'KanbanServer.Controllers.SettingsController.Get (KanbanServer)'
2026-06-20 16:46:31.266 +09:00 [INF] Route matched with {action = "Get", controller = "Settings"}. Executing controller action with signature System.Threading.Tasks.Task`1[Microsoft.AspNetCore.Mvc.ActionResult`1[KanbanServer.Models.Setting]] Get() on controller KanbanServer.Controllers.SettingsController (KanbanServer).
2026-06-20 16:46:31.375 +09:00 [WRN] The query uses the 'First'/'FirstOrDefault' operator without 'OrderBy' and filter operators. This may lead to unpredictable results.
2026-06-20 16:46:31.562 +09:00 [INF] Executed DbCommand (1ms) [Parameters=[], CommandType='"Text"', CommandTimeout='30']
SELECT "s"."Id", "s"."Holidays", "s"."HolidaysJson", "s"."LabelsJson", "s"."Users", "s"."UsersJson"
FROM "Settings" AS "s"
LIMIT 1
2026-06-20 16:46:31.600 +09:00 [INF] Executing OkObjectResult, writing value of type 'KanbanServer.Models.Setting'.
2026-06-20 16:46:31.603 +09:00 [INF] Executed action KanbanServer.Controllers.SettingsController.Get (KanbanServer) in 335.0714ms
2026-06-20 16:46:31.604 +09:00 [INF] Executed endpoint 'KanbanServer.Controllers.SettingsController.Get (KanbanServer)'
2026-06-20 16:46:31.605 +09:00 [INF] Request starting HTTP/1.1 GET http://localhost:5000/api/tickets/labels/suggest - null null
2026-06-20 16:46:31.606 +09:00 [INF] Request starting HTTP/1.1 GET http://localhost:5000/api/tickets/assignees/suggest - null null
2026-06-20 16:46:31.608 +09:00 [INF] Executing endpoint 'KanbanServer.Controllers.TicketsController.GetLabelsSuggest (KanbanServer)'
2026-06-20 16:46:31.608 +09:00 [INF] Request finished HTTP/1.1 GET http://localhost:5000/api/settings - 200 null application/json; charset=utf-8 352.0866ms
2026-06-20 16:46:31.609 +09:00 [INF] Executing endpoint 'KanbanServer.Controllers.TicketsController.GetAssigneesSuggest (KanbanServer)'
2026-06-20 16:46:31.610 +09:00 [INF] Request starting HTTP/1.1 GET http://localhost:5000/api/tickets - null null
2026-06-20 16:46:31.610 +09:00 [INF] Executing endpoint 'KanbanServer.Controllers.TicketsController.GetAll (KanbanServer)'
2026-06-20 16:46:31.613 +09:00 [INF] Route matched with {action = "GetLabelsSuggest", controller = "Tickets"}. Executing controller action with signature System.Threading.Tasks.Task`1[Microsoft.AspNetCore.Mvc.ActionResult`1[System.Collections.Generic.List`1[KanbanServer.Models.LabelSuggestDto]]] GetLabelsSuggest() on controller KanbanServer.Controllers.TicketsController (KanbanServer).
2026-06-20 16:46:31.616 +09:00 [INF] Route matched with {action = "GetAssigneesSuggest", controller = "Tickets"}. Executing controller action with signature System.Threading.Tasks.Task`1[Microsoft.AspNetCore.Mvc.ActionResult`1[System.Collections.Generic.List`1[System.String]]] GetAssigneesSuggest() on controller KanbanServer.Controllers.TicketsController (KanbanServer).
2026-06-20 16:46:31.618 +09:00 [INF] Route matched with {action = "GetAll", controller = "Tickets"}. Executing controller action with signature System.Threading.Tasks.Task`1[Microsoft.AspNetCore.Mvc.ActionResult`1[System.Collections.Generic.List`1[KanbanServer.Models.Ticket]]] GetAll() on controller KanbanServer.Controllers.TicketsController (KanbanServer).
2026-06-20 16:46:31.667 +09:00 [INF] Executed DbCommand (0ms) [Parameters=[], CommandType='"Text"', CommandTimeout='30']
SELECT "s"."Id", "s"."Holidays", "s"."HolidaysJson", "s"."LabelsJson", "s"."Users", "s"."UsersJson"
FROM "Settings" AS "s"
LIMIT 1
2026-06-20 16:46:31.674 +09:00 [INF] Executed DbCommand (7ms) [Parameters=[], CommandType='"Text"', CommandTimeout='30']
SELECT "s"."Id", "s"."Holidays", "s"."HolidaysJson", "s"."LabelsJson", "s"."Users", "s"."UsersJson"
FROM "Settings" AS "s"
LIMIT 1
2026-06-20 16:46:31.675 +09:00 [INF] Executed DbCommand (0ms) [Parameters=[], CommandType='"Text"', CommandTimeout='30']
SELECT "t"."TicketId", "t"."Assignees", "t"."AssigneesJson", "t"."Category", "t"."ChildTasksJson", "t"."Column", "t"."Effort", "t"."EndDate", "t"."Id", "t"."IsArchived", "t"."IsEmergency", "t"."IsLocked", "t"."Labels", "t"."LabelsJson", "t"."MainAssignee", "t"."Memo", "t"."Position", "t"."PreviousColumn", "t"."Progress", "t"."StartDate", "t"."Title"
FROM "Tickets" AS "t"
2026-06-20 16:46:31.701 +09:00 [INF] Executed DbCommand (0ms) [Parameters=[], CommandType='"Text"', CommandTimeout='30']
SELECT "t"."TicketId", "t"."Assignees", "t"."AssigneesJson", "t"."Category", "t"."ChildTasksJson", "t"."Column", "t"."Effort", "t"."EndDate", "t"."Id", "t"."IsArchived", "t"."IsEmergency", "t"."IsLocked", "t"."Labels", "t"."LabelsJson", "t"."MainAssignee", "t"."Memo", "t"."Position", "t"."PreviousColumn", "t"."Progress", "t"."StartDate", "t"."Title"
FROM "Tickets" AS "t"
WHERE length("t"."AssigneesJson") > 2
2026-06-20 16:46:31.702 +09:00 [INF] Executed DbCommand (1ms) [Parameters=[], CommandType='"Text"', CommandTimeout='30']
SELECT "t"."TicketId", "t"."Assignees", "t"."AssigneesJson", "t"."Category", "t"."ChildTasksJson", "t"."Column", "t"."Effort", "t"."EndDate", "t"."Id", "t"."IsArchived", "t"."IsEmergency", "t"."IsLocked", "t"."Labels", "t"."LabelsJson", "t"."MainAssignee", "t"."Memo", "t"."Position", "t"."PreviousColumn", "t"."Progress", "t"."StartDate", "t"."Title"
FROM "Tickets" AS "t"
WHERE length("t"."LabelsJson") > 2
2026-06-20 16:46:31.709 +09:00 [INF] Executing OkObjectResult, writing value of type 'System.Collections.Generic.List`1[[System.String, System.Private.CoreLib, Version=10.0.0.0, Culture=neutral, PublicKeyToken=7cec85d7bea7798e]]'.
2026-06-20 16:46:31.710 +09:00 [INF] Executing OkObjectResult, writing value of type 'System.Collections.Generic.List`1[[KanbanServer.Models.LabelSuggestDto, KanbanServer, Version=1.0.0.0, Culture=neutral, PublicKeyToken=null]]'.
2026-06-20 16:46:31.710 +09:00 [INF] Executed action KanbanServer.Controllers.TicketsController.GetAssigneesSuggest (KanbanServer) in 92.8598ms
2026-06-20 16:46:31.711 +09:00 [INF] Executed endpoint 'KanbanServer.Controllers.TicketsController.GetAssigneesSuggest (KanbanServer)'
2026-06-20 16:46:31.712 +09:00 [INF] Executed action KanbanServer.Controllers.TicketsController.GetLabelsSuggest (KanbanServer) in 95.5916ms
2026-06-20 16:46:31.712 +09:00 [INF] Executed endpoint 'KanbanServer.Controllers.TicketsController.GetLabelsSuggest (KanbanServer)'
2026-06-20 16:46:31.715 +09:00 [INF] Request finished HTTP/1.1 GET http://localhost:5000/api/tickets/labels/suggest - 200 null application/json; charset=utf-8 109.7515ms
2026-06-20 16:46:31.715 +09:00 [INF] Request finished HTTP/1.1 GET http://localhost:5000/api/tickets/assignees/suggest - 200 null application/json; charset=utf-8 108.7795ms
2026-06-20 16:46:31.722 +09:00 [INF] Executing OkObjectResult, writing value of type 'System.Collections.Generic.List`1[[KanbanServer.Models.Ticket, KanbanServer, Version=1.0.0.0, Culture=neutral, PublicKeyToken=null]]'.
2026-06-20 16:46:31.736 +09:00 [INF] Executed action KanbanServer.Controllers.TicketsController.GetAll (KanbanServer) in 118.2837ms
2026-06-20 16:46:31.737 +09:00 [INF] Executed endpoint 'KanbanServer.Controllers.TicketsController.GetAll (KanbanServer)'
2026-06-20 16:46:31.738 +09:00 [INF] Request finished HTTP/1.1 GET http://localhost:5000/api/tickets - 200 null application/json; charset=utf-8 128.1906ms
2026-06-20 16:46:36.267 +09:00 [INF] Request starting HTTP/1.1 POST http://localhost:5000/api/tickets - application/json 205
2026-06-20 16:46:36.270 +09:00 [INF] CORS policy execution successful.
2026-06-20 16:46:36.271 +09:00 [INF] Executing endpoint 'KanbanServer.Controllers.TicketsController.Create (KanbanServer)'
2026-06-20 16:46:36.276 +09:00 [INF] Route matched with {action = "Create", controller = "Tickets"}. Executing controller action with signature System.Threading.Tasks.Task`1[Microsoft.AspNetCore.Mvc.ActionResult`1[KanbanServer.Models.Ticket]] Create(KanbanServer.Models.TicketDto) on controller KanbanServer.Controllers.TicketsController (KanbanServer).
2026-06-20 16:46:36.307 +09:00 [INF] Executed DbCommand (0ms) [Parameters=[], CommandType='"Text"', CommandTimeout='30']
SELECT MAX("t"."Id")
FROM "Tickets" AS "t"
2026-06-20 16:46:36.329 +09:00 [INF] Executed DbCommand (2ms) [Parameters=[@column='?' (Size = 5)], CommandType='"Text"', CommandTimeout='30']
SELECT "t"."Position"
FROM "Tickets" AS "t"
WHERE "t"."Column" = @column
2026-06-20 16:46:36.427 +09:00 [INF] Executed DbCommand (1ms) [Parameters=[@p0='?' (Size = 32), @p1='?' (Size = 2), @p2='?' (Size = 2), @p3='?' (Size = 3), @p4='?' (Size = 2), @p5='?' (Size = 5), @p6='?' (DbType = Int32), @p7='?' (DbType = DateTime), @p8='?' (DbType = Int32), @p9='?' (DbType = Boolean), @p10='?' (DbType = Boolean), @p11='?' (Size = 2), @p12='?' (Size = 2), @p13='?', @p14='?', @p15='?' (DbType = Double), @p16='?', @p17='?' (DbType = Int32), @p18='?' (DbType = DateTime), @p19='?' (Size = 3)], CommandType='"Text"', CommandTimeout='30']
INSERT INTO "Tickets" ("TicketId", "Assignees", "AssigneesJson", "Category", "ChildTasksJson", "Column", "Effort", "EndDate", "Id", "IsEmergency", "IsLocked", "Labels", "LabelsJson", "MainAssignee", "Memo", "Position", "PreviousColumn", "Progress", "StartDate", "Title")
VALUES (@p0, @p1, @p2, @p3, @p4, @p5, @p6, @p7, @p8, @p9, @p10, @p11, @p12, @p13, @p14, @p15, @p16, @p17, @p18, @p19)
RETURNING "IsArchived";
2026-06-20 16:46:36.436 +09:00 [INF] Executed DbCommand (0ms) [Parameters=[@p0='?' (DbType = DateTime), @p1='?', @p2='?' (Size = 32), @p3='?' (Size = 7), @p4='?'], CommandType='"Text"', CommandTimeout='30']
INSERT INTO "TicketHistories" ("Date", "PreviousValue", "TicketId", "Type", "Value")
VALUES (@p0, @p1, @p2, @p3, @p4)
RETURNING "Id";
2026-06-20 16:46:36.453 +09:00 [INF] Executing CreatedAtActionResult, writing value of type 'KanbanServer.Models.Ticket'.
2026-06-20 16:46:36.462 +09:00 [INF] Executed action KanbanServer.Controllers.TicketsController.Create (KanbanServer) in 184.1838ms
2026-06-20 16:46:36.463 +09:00 [INF] Executed endpoint 'KanbanServer.Controllers.TicketsController.Create (KanbanServer)'
2026-06-20 16:46:36.464 +09:00 [INF] Request finished HTTP/1.1 POST http://localhost:5000/api/tickets - 201 null application/json; charset=utf-8 197.3292ms
2026-06-20 16:46:54.547 +09:00 [INF] Request starting HTTP/1.1 GET http://localhost:5000/api/tickets/1565db3f309c48b9bd43866967a7aa42/history - null null
2026-06-20 16:46:54.550 +09:00 [INF] Executing endpoint 'KanbanServer.Controllers.TicketsController.GetHistory (KanbanServer)'
2026-06-20 16:46:54.556 +09:00 [INF] Route matched with {action = "GetHistory", controller = "Tickets"}. Executing controller action with signature System.Threading.Tasks.Task`1[Microsoft.AspNetCore.Mvc.ActionResult`1[System.Collections.Generic.List`1[KanbanServer.Models.TicketHistory]]] GetHistory(System.String) on controller KanbanServer.Controllers.TicketsController (KanbanServer).
2026-06-20 16:46:54.571 +09:00 [INF] Executed DbCommand (0ms) [Parameters=[@p='?' (Size = 32)], CommandType='"Text"', CommandTimeout='30']
SELECT "t"."TicketId", "t"."Assignees", "t"."AssigneesJson", "t"."Category", "t"."ChildTasksJson", "t"."Column", "t"."Effort", "t"."EndDate", "t"."Id", "t"."IsArchived", "t"."IsEmergency", "t"."IsLocked", "t"."Labels", "t"."LabelsJson", "t"."MainAssignee", "t"."Memo", "t"."Position", "t"."PreviousColumn", "t"."Progress", "t"."StartDate", "t"."Title"
FROM "Tickets" AS "t"
WHERE "t"."TicketId" = @p
LIMIT 1
2026-06-20 16:46:54.586 +09:00 [INF] Executed DbCommand (0ms) [Parameters=[@ticketId='?' (Size = 32)], CommandType='"Text"', CommandTimeout='30']
SELECT "t"."Id", "t"."Date", "t"."PreviousValue", "t"."TicketId", "t"."Type", "t"."Value"
FROM "TicketHistories" AS "t"
WHERE "t"."TicketId" = @ticketId
ORDER BY "t"."Date" DESC, "t"."Type"
2026-06-20 16:46:54.591 +09:00 [INF] Executing OkObjectResult, writing value of type 'System.Collections.Generic.List`1[[KanbanServer.Models.TicketHistory, KanbanServer, Version=1.0.0.0, Culture=neutral, PublicKeyToken=null]]'.
2026-06-20 16:46:54.595 +09:00 [INF] Executed action KanbanServer.Controllers.TicketsController.GetHistory (KanbanServer) in 37.3633ms
2026-06-20 16:46:54.597 +09:00 [INF] Executed endpoint 'KanbanServer.Controllers.TicketsController.GetHistory (KanbanServer)'
2026-06-20 16:46:54.599 +09:00 [INF] Request finished HTTP/1.1 GET http://localhost:5000/api/tickets/1565db3f309c48b9bd43866967a7aa42/history - 200 null application/json; charset=utf-8 51.7304ms
2026-06-20 16:46:59.806 +09:00 [INF] Request starting HTTP/1.1 GET http://localhost:5000/api/tickets/1565db3f309c48b9bd43866967a7aa42/history - null null
2026-06-20 16:46:59.809 +09:00 [INF] Executing endpoint 'KanbanServer.Controllers.TicketsController.GetHistory (KanbanServer)'
2026-06-20 16:46:59.810 +09:00 [INF] Route matched with {action = "GetHistory", controller = "Tickets"}. Executing controller action with signature System.Threading.Tasks.Task`1[Microsoft.AspNetCore.Mvc.ActionResult`1[System.Collections.Generic.List`1[KanbanServer.Models.TicketHistory]]] GetHistory(System.String) on controller KanbanServer.Controllers.TicketsController (KanbanServer).
2026-06-20 16:46:59.815 +09:00 [INF] Executed DbCommand (0ms) [Parameters=[@p='?' (Size = 32)], CommandType='"Text"', CommandTimeout='30']
SELECT "t"."TicketId", "t"."Assignees", "t"."AssigneesJson", "t"."Category", "t"."ChildTasksJson", "t"."Column", "t"."Effort", "t"."EndDate", "t"."Id", "t"."IsArchived", "t"."IsEmergency", "t"."IsLocked", "t"."Labels", "t"."LabelsJson", "t"."MainAssignee", "t"."Memo", "t"."Position", "t"."PreviousColumn", "t"."Progress", "t"."StartDate", "t"."Title"
FROM "Tickets" AS "t"
WHERE "t"."TicketId" = @p
LIMIT 1
2026-06-20 16:46:59.817 +09:00 [INF] Executed DbCommand (0ms) [Parameters=[@ticketId='?' (Size = 32)], CommandType='"Text"', CommandTimeout='30']
SELECT "t"."Id", "t"."Date", "t"."PreviousValue", "t"."TicketId", "t"."Type", "t"."Value"
FROM "TicketHistories" AS "t"
WHERE "t"."TicketId" = @ticketId
ORDER BY "t"."Date" DESC, "t"."Type"
2026-06-20 16:46:59.819 +09:00 [INF] Executing OkObjectResult, writing value of type 'System.Collections.Generic.List`1[[KanbanServer.Models.TicketHistory, KanbanServer, Version=1.0.0.0, Culture=neutral, PublicKeyToken=null]]'.
2026-06-20 16:46:59.820 +09:00 [INF] Executed action KanbanServer.Controllers.TicketsController.GetHistory (KanbanServer) in 8.7386ms
2026-06-20 16:46:59.821 +09:00 [INF] Executed endpoint 'KanbanServer.Controllers.TicketsController.GetHistory (KanbanServer)'
2026-06-20 16:46:59.822 +09:00 [INF] Request finished HTTP/1.1 GET http://localhost:5000/api/tickets/1565db3f309c48b9bd43866967a7aa42/history - 200 null application/json; charset=utf-8 16.1375ms
2026-06-20 16:47:01.923 +09:00 [INF] Request starting HTTP/1.1 PUT http://localhost:5000/api/tickets/1565db3f309c48b9bd43866967a7aa42 - application/json 188
2026-06-20 16:47:01.928 +09:00 [INF] CORS policy execution successful.
2026-06-20 16:47:01.930 +09:00 [INF] Executing endpoint 'KanbanServer.Controllers.TicketsController.Update (KanbanServer)'
2026-06-20 16:47:01.937 +09:00 [INF] Route matched with {action = "Update", controller = "Tickets"}. Executing controller action with signature System.Threading.Tasks.Task`1[Microsoft.AspNetCore.Mvc.ActionResult`1[KanbanServer.Models.Ticket]] Update(System.String, KanbanServer.Models.TicketDto) on controller KanbanServer.Controllers.TicketsController (KanbanServer).
2026-06-20 16:47:01.941 +09:00 [INF] Executed DbCommand (0ms) [Parameters=[@p='?' (Size = 32)], CommandType='"Text"', CommandTimeout='30']
SELECT "t"."TicketId", "t"."Assignees", "t"."AssigneesJson", "t"."Category", "t"."ChildTasksJson", "t"."Column", "t"."Effort", "t"."EndDate", "t"."Id", "t"."IsArchived", "t"."IsEmergency", "t"."IsLocked", "t"."Labels", "t"."LabelsJson", "t"."MainAssignee", "t"."Memo", "t"."Position", "t"."PreviousColumn", "t"."Progress", "t"."StartDate", "t"."Title"
FROM "Tickets" AS "t"
WHERE "t"."TicketId" = @p
LIMIT 1
2026-06-20 16:47:01.944 +09:00 [INF] Executing OkObjectResult, writing value of type 'KanbanServer.Models.Ticket'.
2026-06-20 16:47:01.945 +09:00 [INF] Executed action KanbanServer.Controllers.TicketsController.Update (KanbanServer) in 5.9627ms
2026-06-20 16:47:01.946 +09:00 [INF] Executed endpoint 'KanbanServer.Controllers.TicketsController.Update (KanbanServer)'
2026-06-20 16:47:01.947 +09:00 [INF] Request finished HTTP/1.1 PUT http://localhost:5000/api/tickets/1565db3f309c48b9bd43866967a7aa42 - 200 null application/json; charset=utf-8 23.5407ms
2026-06-20 16:47:08.101 +09:00 [INF] Request starting HTTP/1.1 POST http://localhost:5000/api/tickets - application/json 209
2026-06-20 16:47:08.104 +09:00 [INF] CORS policy execution successful.
2026-06-20 16:47:08.105 +09:00 [INF] Executing endpoint 'KanbanServer.Controllers.TicketsController.Create (KanbanServer)'
2026-06-20 16:47:08.106 +09:00 [INF] Route matched with {action = "Create", controller = "Tickets"}. Executing controller action with signature System.Threading.Tasks.Task`1[Microsoft.AspNetCore.Mvc.ActionResult`1[KanbanServer.Models.Ticket]] Create(KanbanServer.Models.TicketDto) on controller KanbanServer.Controllers.TicketsController (KanbanServer).
2026-06-20 16:47:08.108 +09:00 [INF] Executed DbCommand (0ms) [Parameters=[], CommandType='"Text"', CommandTimeout='30']
SELECT MAX("t"."Id")
FROM "Tickets" AS "t"
2026-06-20 16:47:08.110 +09:00 [INF] Executed DbCommand (0ms) [Parameters=[@column='?' (Size = 5)], CommandType='"Text"', CommandTimeout='30']
SELECT "t"."Position"
FROM "Tickets" AS "t"
WHERE "t"."Column" = @column
2026-06-20 16:47:08.113 +09:00 [INF] Executed DbCommand (0ms) [Parameters=[@p0='?' (Size = 32), @p1='?' (Size = 2), @p2='?' (Size = 2), @p3='?' (Size = 5), @p4='?' (Size = 2), @p5='?' (Size = 5), @p6='?' (DbType = Int32), @p7='?' (DbType = DateTime), @p8='?' (DbType = Int32), @p9='?' (DbType = Boolean), @p10='?' (DbType = Boolean), @p11='?' (Size = 2), @p12='?' (Size = 2), @p13='?', @p14='?', @p15='?' (DbType = Double), @p16='?', @p17='?' (DbType = Int32), @p18='?' (DbType = DateTime), @p19='?' (Size = 5)], CommandType='"Text"', CommandTimeout='30']
INSERT INTO "Tickets" ("TicketId", "Assignees", "AssigneesJson", "Category", "ChildTasksJson", "Column", "Effort", "EndDate", "Id", "IsEmergency", "IsLocked", "Labels", "LabelsJson", "MainAssignee", "Memo", "Position", "PreviousColumn", "Progress", "StartDate", "Title")
VALUES (@p0, @p1, @p2, @p3, @p4, @p5, @p6, @p7, @p8, @p9, @p10, @p11, @p12, @p13, @p14, @p15, @p16, @p17, @p18, @p19)
RETURNING "IsArchived";
2026-06-20 16:47:08.115 +09:00 [INF] Executed DbCommand (0ms) [Parameters=[@p0='?' (DbType = DateTime), @p1='?', @p2='?' (Size = 32), @p3='?' (Size = 7), @p4='?'], CommandType='"Text"', CommandTimeout='30']
INSERT INTO "TicketHistories" ("Date", "PreviousValue", "TicketId", "Type", "Value")
VALUES (@p0, @p1, @p2, @p3, @p4)
RETURNING "Id";
2026-06-20 16:47:08.127 +09:00 [INF] Executing CreatedAtActionResult, writing value of type 'KanbanServer.Models.Ticket'.
2026-06-20 16:47:08.129 +09:00 [INF] Executed action KanbanServer.Controllers.TicketsController.Create (KanbanServer) in 21.3128ms
2026-06-20 16:47:08.130 +09:00 [INF] Executed endpoint 'KanbanServer.Controllers.TicketsController.Create (KanbanServer)'
2026-06-20 16:47:08.131 +09:00 [INF] Request finished HTTP/1.1 POST http://localhost:5000/api/tickets - 201 null application/json; charset=utf-8 29.3564ms
2026-06-20 16:47:13.470 +09:00 [INF] Request starting HTTP/1.1 GET http://localhost:5000/api/tickets/53bf4e9fadfd4435a14e06d459a67c12/history - null null
2026-06-20 16:47:13.475 +09:00 [INF] Executing endpoint 'KanbanServer.Controllers.TicketsController.GetHistory (KanbanServer)'
2026-06-20 16:47:13.476 +09:00 [INF] Route matched with {action = "GetHistory", controller = "Tickets"}. Executing controller action with signature System.Threading.Tasks.Task`1[Microsoft.AspNetCore.Mvc.ActionResult`1[System.Collections.Generic.List`1[KanbanServer.Models.TicketHistory]]] GetHistory(System.String) on controller KanbanServer.Controllers.TicketsController (KanbanServer).
2026-06-20 16:47:13.479 +09:00 [INF] Executed DbCommand (0ms) [Parameters=[@p='?' (Size = 32)], CommandType='"Text"', CommandTimeout='30']
SELECT "t"."TicketId", "t"."Assignees", "t"."AssigneesJson", "t"."Category", "t"."ChildTasksJson", "t"."Column", "t"."Effort", "t"."EndDate", "t"."Id", "t"."IsArchived", "t"."IsEmergency", "t"."IsLocked", "t"."Labels", "t"."LabelsJson", "t"."MainAssignee", "t"."Memo", "t"."Position", "t"."PreviousColumn", "t"."Progress", "t"."StartDate", "t"."Title"
FROM "Tickets" AS "t"
WHERE "t"."TicketId" = @p
LIMIT 1
2026-06-20 16:47:13.481 +09:00 [INF] Executed DbCommand (0ms) [Parameters=[@ticketId='?' (Size = 32)], CommandType='"Text"', CommandTimeout='30']
SELECT "t"."Id", "t"."Date", "t"."PreviousValue", "t"."TicketId", "t"."Type", "t"."Value"
FROM "TicketHistories" AS "t"
WHERE "t"."TicketId" = @ticketId
ORDER BY "t"."Date" DESC, "t"."Type"
2026-06-20 16:47:13.483 +09:00 [INF] Executing OkObjectResult, writing value of type 'System.Collections.Generic.List`1[[KanbanServer.Models.TicketHistory, KanbanServer, Version=1.0.0.0, Culture=neutral, PublicKeyToken=null]]'.
2026-06-20 16:47:13.484 +09:00 [INF] Executed action KanbanServer.Controllers.TicketsController.GetHistory (KanbanServer) in 6.1569ms
2026-06-20 16:47:13.485 +09:00 [INF] Executed endpoint 'KanbanServer.Controllers.TicketsController.GetHistory (KanbanServer)'
2026-06-20 16:47:13.486 +09:00 [INF] Request finished HTTP/1.1 GET http://localhost:5000/api/tickets/53bf4e9fadfd4435a14e06d459a67c12/history - 200 null application/json; charset=utf-8 15.6312ms
2026-06-20 16:47:20.001 +09:00 [INF] Request starting HTTP/1.1 PUT http://localhost:5000/api/tickets/53bf4e9fadfd4435a14e06d459a67c12 - application/json 192
2026-06-20 16:47:20.006 +09:00 [INF] CORS policy execution successful.
2026-06-20 16:47:20.007 +09:00 [INF] Executing endpoint 'KanbanServer.Controllers.TicketsController.Update (KanbanServer)'
2026-06-20 16:47:20.008 +09:00 [INF] Route matched with {action = "Update", controller = "Tickets"}. Executing controller action with signature System.Threading.Tasks.Task`1[Microsoft.AspNetCore.Mvc.ActionResult`1[KanbanServer.Models.Ticket]] Update(System.String, KanbanServer.Models.TicketDto) on controller KanbanServer.Controllers.TicketsController (KanbanServer).
2026-06-20 16:47:20.011 +09:00 [INF] Executed DbCommand (0ms) [Parameters=[@p='?' (Size = 32)], CommandType='"Text"', CommandTimeout='30']
SELECT "t"."TicketId", "t"."Assignees", "t"."AssigneesJson", "t"."Category", "t"."ChildTasksJson", "t"."Column", "t"."Effort", "t"."EndDate", "t"."Id", "t"."IsArchived", "t"."IsEmergency", "t"."IsLocked", "t"."Labels", "t"."LabelsJson", "t"."MainAssignee", "t"."Memo", "t"."Position", "t"."PreviousColumn", "t"."Progress", "t"."StartDate", "t"."Title"
FROM "Tickets" AS "t"
WHERE "t"."TicketId" = @p
LIMIT 1
2026-06-20 16:47:20.013 +09:00 [INF] Executing OkObjectResult, writing value of type 'KanbanServer.Models.Ticket'.
2026-06-20 16:47:20.014 +09:00 [INF] Executed action KanbanServer.Controllers.TicketsController.Update (KanbanServer) in 4.2963ms
2026-06-20 16:47:20.015 +09:00 [INF] Executed endpoint 'KanbanServer.Controllers.TicketsController.Update (KanbanServer)'
2026-06-20 16:47:20.016 +09:00 [INF] Request finished HTTP/1.1 PUT http://localhost:5000/api/tickets/53bf4e9fadfd4435a14e06d459a67c12 - 200 null application/json; charset=utf-8 15.1715ms
2026-06-20 16:47:26.032 +09:00 [INF] Request starting HTTP/1.1 PUT http://localhost:5000/api/tickets/1565db3f309c48b9bd43866967a7aa42 - application/json 188
2026-06-20 16:47:26.037 +09:00 [INF] CORS policy execution successful.
2026-06-20 16:47:26.038 +09:00 [INF] Executing endpoint 'KanbanServer.Controllers.TicketsController.Update (KanbanServer)'
2026-06-20 16:47:26.040 +09:00 [INF] Route matched with {action = "Update", controller = "Tickets"}. Executing controller action with signature System.Threading.Tasks.Task`1[Microsoft.AspNetCore.Mvc.ActionResult`1[KanbanServer.Models.Ticket]] Update(System.String, KanbanServer.Models.TicketDto) on controller KanbanServer.Controllers.TicketsController (KanbanServer).
2026-06-20 16:47:26.043 +09:00 [INF] Executed DbCommand (0ms) [Parameters=[@p='?' (Size = 32)], CommandType='"Text"', CommandTimeout='30']
SELECT "t"."TicketId", "t"."Assignees", "t"."AssigneesJson", "t"."Category", "t"."ChildTasksJson", "t"."Column", "t"."Effort", "t"."EndDate", "t"."Id", "t"."IsArchived", "t"."IsEmergency", "t"."IsLocked", "t"."Labels", "t"."LabelsJson", "t"."MainAssignee", "t"."Memo", "t"."Position", "t"."PreviousColumn", "t"."Progress", "t"."StartDate", "t"."Title"
FROM "Tickets" AS "t"
WHERE "t"."TicketId" = @p
LIMIT 1
2026-06-20 16:47:26.045 +09:00 [INF] Executing OkObjectResult, writing value of type 'KanbanServer.Models.Ticket'.
2026-06-20 16:47:26.046 +09:00 [INF] Executed action KanbanServer.Controllers.TicketsController.Update (KanbanServer) in 4.0884ms
2026-06-20 16:47:26.047 +09:00 [INF] Executed endpoint 'KanbanServer.Controllers.TicketsController.Update (KanbanServer)'
2026-06-20 16:47:26.048 +09:00 [INF] Request finished HTTP/1.1 PUT http://localhost:5000/api/tickets/1565db3f309c48b9bd43866967a7aa42 - 200 null application/json; charset=utf-8 15.6012ms
2026-06-20 16:47:38.448 +09:00 [INF] Request starting HTTP/1.1 PATCH http://localhost:5000/api/tickets/f390f3a0fb10487a94718eb9fefe447f/column - application/json 34
2026-06-20 16:47:38.451 +09:00 [INF] CORS policy execution successful.
2026-06-20 16:47:38.452 +09:00 [INF] Executing endpoint 'KanbanServer.Controllers.TicketsController.UpdateColumn (KanbanServer)'
2026-06-20 16:47:38.457 +09:00 [INF] Route matched with {action = "UpdateColumn", controller = "Tickets"}. Executing controller action with signature System.Threading.Tasks.Task`1[Microsoft.AspNetCore.Mvc.IActionResult] UpdateColumn(System.String, KanbanServer.Models.ColumnUpdateDto) on controller KanbanServer.Controllers.TicketsController (KanbanServer).
2026-06-20 16:47:38.461 +09:00 [INF] Executed DbCommand (0ms) [Parameters=[@p='?' (Size = 32)], CommandType='"Text"', CommandTimeout='30']
SELECT "t"."TicketId", "t"."Assignees", "t"."AssigneesJson", "t"."Category", "t"."ChildTasksJson", "t"."Column", "t"."Effort", "t"."EndDate", "t"."Id", "t"."IsArchived", "t"."IsEmergency", "t"."IsLocked", "t"."Labels", "t"."LabelsJson", "t"."MainAssignee", "t"."Memo", "t"."Position", "t"."PreviousColumn", "t"."Progress", "t"."StartDate", "t"."Title"
FROM "Tickets" AS "t"
WHERE "t"."TicketId" = @p
LIMIT 1
2026-06-20 16:47:38.471 +09:00 [INF] Executed DbCommand (0ms) [Parameters=[@newColumn='?' (Size = 5), @ticketId='?' (Size = 32)], CommandType='"Text"', CommandTimeout='30']
SELECT "t"."TicketId", "t"."Assignees", "t"."AssigneesJson", "t"."Category", "t"."ChildTasksJson", "t"."Column", "t"."Effort", "t"."EndDate", "t"."Id", "t"."IsArchived", "t"."IsEmergency", "t"."IsLocked", "t"."Labels", "t"."LabelsJson", "t"."MainAssignee", "t"."Memo", "t"."Position", "t"."PreviousColumn", "t"."Progress", "t"."StartDate", "t"."Title"
FROM "Tickets" AS "t"
WHERE "t"."Column" = @newColumn AND "t"."TicketId" <> @ticketId
ORDER BY "t"."Position", "t"."Id"
2026-06-20 16:47:38.486 +09:00 [INF] Executed DbCommand (0ms) [Parameters=[@newColumn='?' (Size = 5), @ticketId='?' (Size = 32), @newPos='?' (DbType = Double)], CommandType='"Text"', CommandTimeout='30']
SELECT EXISTS (
    SELECT 1
    FROM "Tickets" AS "t"
    WHERE "t"."Column" = @newColumn AND "t"."TicketId" <> @ticketId AND abs("t"."Position" - @newPos) < 100.0)
2026-06-20 16:47:38.492 +09:00 [INF] Executed DbCommand (0ms) [Parameters=[@p1='?' (Size = 32), @p0='?' (DbType = Double)], CommandType='"Text"', CommandTimeout='30']
UPDATE "Tickets" SET "Position" = @p0
WHERE "TicketId" = @p1
RETURNING 1;
2026-06-20 16:47:38.506 +09:00 [INF] Executing StatusCodeResult, setting HTTP status code 204
2026-06-20 16:47:38.507 +09:00 [INF] Executed action KanbanServer.Controllers.TicketsController.UpdateColumn (KanbanServer) in 48.6361ms
2026-06-20 16:47:38.507 +09:00 [INF] Executed endpoint 'KanbanServer.Controllers.TicketsController.UpdateColumn (KanbanServer)'
2026-06-20 16:47:38.508 +09:00 [INF] Request finished HTTP/1.1 PATCH http://localhost:5000/api/tickets/f390f3a0fb10487a94718eb9fefe447f/column - 204 null null 59.8419ms
2026-06-20 16:47:38.511 +09:00 [INF] Request starting HTTP/1.1 GET http://localhost:5000/api/tickets - null null
2026-06-20 16:47:38.512 +09:00 [INF] Executing endpoint 'KanbanServer.Controllers.TicketsController.GetAll (KanbanServer)'
2026-06-20 16:47:38.512 +09:00 [INF] Route matched with {action = "GetAll", controller = "Tickets"}. Executing controller action with signature System.Threading.Tasks.Task`1[Microsoft.AspNetCore.Mvc.ActionResult`1[System.Collections.Generic.List`1[KanbanServer.Models.Ticket]]] GetAll() on controller KanbanServer.Controllers.TicketsController (KanbanServer).
2026-06-20 16:47:38.513 +09:00 [INF] Executed DbCommand (0ms) [Parameters=[], CommandType='"Text"', CommandTimeout='30']
SELECT "t"."TicketId", "t"."Assignees", "t"."AssigneesJson", "t"."Category", "t"."ChildTasksJson", "t"."Column", "t"."Effort", "t"."EndDate", "t"."Id", "t"."IsArchived", "t"."IsEmergency", "t"."IsLocked", "t"."Labels", "t"."LabelsJson", "t"."MainAssignee", "t"."Memo", "t"."Position", "t"."PreviousColumn", "t"."Progress", "t"."StartDate", "t"."Title"
FROM "Tickets" AS "t"
2026-06-20 16:47:38.519 +09:00 [INF] Executing OkObjectResult, writing value of type 'System.Collections.Generic.List`1[[KanbanServer.Models.Ticket, KanbanServer, Version=1.0.0.0, Culture=neutral, PublicKeyToken=null]]'.
2026-06-20 16:47:38.521 +09:00 [INF] Executed action KanbanServer.Controllers.TicketsController.GetAll (KanbanServer) in 7.7741ms
2026-06-20 16:47:38.522 +09:00 [INF] Executed endpoint 'KanbanServer.Controllers.TicketsController.GetAll (KanbanServer)'
2026-06-20 16:47:38.523 +09:00 [INF] Request finished HTTP/1.1 GET http://localhost:5000/api/tickets - 200 null application/json; charset=utf-8 12.1379ms
2026-06-20 16:47:40.019 +09:00 [INF] Request starting HTTP/1.1 PATCH http://localhost:5000/api/tickets/f390f3a0fb10487a94718eb9fefe447f/column - application/json 34
2026-06-20 16:47:40.021 +09:00 [INF] CORS policy execution successful.
2026-06-20 16:47:40.022 +09:00 [INF] Executing endpoint 'KanbanServer.Controllers.TicketsController.UpdateColumn (KanbanServer)'
2026-06-20 16:47:40.023 +09:00 [INF] Route matched with {action = "UpdateColumn", controller = "Tickets"}. Executing controller action with signature System.Threading.Tasks.Task`1[Microsoft.AspNetCore.Mvc.IActionResult] UpdateColumn(System.String, KanbanServer.Models.ColumnUpdateDto) on controller KanbanServer.Controllers.TicketsController (KanbanServer).
2026-06-20 16:47:40.026 +09:00 [INF] Executed DbCommand (0ms) [Parameters=[@p='?' (Size = 32)], CommandType='"Text"', CommandTimeout='30']
SELECT "t"."TicketId", "t"."Assignees", "t"."AssigneesJson", "t"."Category", "t"."ChildTasksJson", "t"."Column", "t"."Effort", "t"."EndDate", "t"."Id", "t"."IsArchived", "t"."IsEmergency", "t"."IsLocked", "t"."Labels", "t"."LabelsJson", "t"."MainAssignee", "t"."Memo", "t"."Position", "t"."PreviousColumn", "t"."Progress", "t"."StartDate", "t"."Title"
FROM "Tickets" AS "t"
WHERE "t"."TicketId" = @p
LIMIT 1
2026-06-20 16:47:40.028 +09:00 [INF] Executed DbCommand (0ms) [Parameters=[@newColumn='?' (Size = 5), @ticketId='?' (Size = 32)], CommandType='"Text"', CommandTimeout='30']
SELECT "t"."TicketId", "t"."Assignees", "t"."AssigneesJson", "t"."Category", "t"."ChildTasksJson", "t"."Column", "t"."Effort", "t"."EndDate", "t"."Id", "t"."IsArchived", "t"."IsEmergency", "t"."IsLocked", "t"."Labels", "t"."LabelsJson", "t"."MainAssignee", "t"."Memo", "t"."Position", "t"."PreviousColumn", "t"."Progress", "t"."StartDate", "t"."Title"
FROM "Tickets" AS "t"
WHERE "t"."Column" = @newColumn AND "t"."TicketId" <> @ticketId
ORDER BY "t"."Position", "t"."Id"
2026-06-20 16:47:40.033 +09:00 [INF] Executed DbCommand (0ms) [Parameters=[@newColumn='?' (Size = 5), @ticketId='?' (Size = 32), @newPos='?' (DbType = Double)], CommandType='"Text"', CommandTimeout='30']
SELECT EXISTS (
    SELECT 1
    FROM "Tickets" AS "t"
    WHERE "t"."Column" = @newColumn AND "t"."TicketId" <> @ticketId AND abs("t"."Position" - @newPos) < 100.0)
2026-06-20 16:47:40.037 +09:00 [INF] Executed DbCommand (0ms) [Parameters=[@p1='?' (Size = 32), @p0='?' (DbType = Double)], CommandType='"Text"', CommandTimeout='30']
UPDATE "Tickets" SET "Position" = @p0
WHERE "TicketId" = @p1
RETURNING 1;
2026-06-20 16:47:40.048 +09:00 [INF] Executing StatusCodeResult, setting HTTP status code 204
2026-06-20 16:47:40.049 +09:00 [INF] Executed action KanbanServer.Controllers.TicketsController.UpdateColumn (KanbanServer) in 24.8894ms
2026-06-20 16:47:40.050 +09:00 [INF] Executed endpoint 'KanbanServer.Controllers.TicketsController.UpdateColumn (KanbanServer)'
2026-06-20 16:47:40.051 +09:00 [INF] Request finished HTTP/1.1 PATCH http://localhost:5000/api/tickets/f390f3a0fb10487a94718eb9fefe447f/column - 204 null null 32.0559ms
2026-06-20 16:47:40.054 +09:00 [INF] Request starting HTTP/1.1 GET http://localhost:5000/api/tickets - null null
2026-06-20 16:47:40.055 +09:00 [INF] Executing endpoint 'KanbanServer.Controllers.TicketsController.GetAll (KanbanServer)'
2026-06-20 16:47:40.056 +09:00 [INF] Route matched with {action = "GetAll", controller = "Tickets"}. Executing controller action with signature System.Threading.Tasks.Task`1[Microsoft.AspNetCore.Mvc.ActionResult`1[System.Collections.Generic.List`1[KanbanServer.Models.Ticket]]] GetAll() on controller KanbanServer.Controllers.TicketsController (KanbanServer).
2026-06-20 16:47:40.058 +09:00 [INF] Executed DbCommand (0ms) [Parameters=[], CommandType='"Text"', CommandTimeout='30']
SELECT "t"."TicketId", "t"."Assignees", "t"."AssigneesJson", "t"."Category", "t"."ChildTasksJson", "t"."Column", "t"."Effort", "t"."EndDate", "t"."Id", "t"."IsArchived", "t"."IsEmergency", "t"."IsLocked", "t"."Labels", "t"."LabelsJson", "t"."MainAssignee", "t"."Memo", "t"."Position", "t"."PreviousColumn", "t"."Progress", "t"."StartDate", "t"."Title"
FROM "Tickets" AS "t"
2026-06-20 16:47:40.074 +09:00 [INF] Executing OkObjectResult, writing value of type 'System.Collections.Generic.List`1[[KanbanServer.Models.Ticket, KanbanServer, Version=1.0.0.0, Culture=neutral, PublicKeyToken=null]]'.
2026-06-20 16:47:40.077 +09:00 [INF] Executed action KanbanServer.Controllers.TicketsController.GetAll (KanbanServer) in 19.6008ms
2026-06-20 16:47:40.078 +09:00 [INF] Executed endpoint 'KanbanServer.Controllers.TicketsController.GetAll (KanbanServer)'
2026-06-20 16:47:40.079 +09:00 [INF] Request finished HTTP/1.1 GET http://localhost:5000/api/tickets - 200 null application/json; charset=utf-8 25.6844ms
2026-06-20 16:47:41.487 +09:00 [INF] Request starting HTTP/1.1 PATCH http://localhost:5000/api/tickets/f390f3a0fb10487a94718eb9fefe447f/column - application/json 34
2026-06-20 16:47:41.492 +09:00 [INF] CORS policy execution successful.
2026-06-20 16:47:41.493 +09:00 [INF] Executing endpoint 'KanbanServer.Controllers.TicketsController.UpdateColumn (KanbanServer)'
2026-06-20 16:47:41.494 +09:00 [INF] Route matched with {action = "UpdateColumn", controller = "Tickets"}. Executing controller action with signature System.Threading.Tasks.Task`1[Microsoft.AspNetCore.Mvc.IActionResult] UpdateColumn(System.String, KanbanServer.Models.ColumnUpdateDto) on controller KanbanServer.Controllers.TicketsController (KanbanServer).
2026-06-20 16:47:41.498 +09:00 [INF] Executed DbCommand (0ms) [Parameters=[@p='?' (Size = 32)], CommandType='"Text"', CommandTimeout='30']
SELECT "t"."TicketId", "t"."Assignees", "t"."AssigneesJson", "t"."Category", "t"."ChildTasksJson", "t"."Column", "t"."Effort", "t"."EndDate", "t"."Id", "t"."IsArchived", "t"."IsEmergency", "t"."IsLocked", "t"."Labels", "t"."LabelsJson", "t"."MainAssignee", "t"."Memo", "t"."Position", "t"."PreviousColumn", "t"."Progress", "t"."StartDate", "t"."Title"
FROM "Tickets" AS "t"
WHERE "t"."TicketId" = @p
LIMIT 1
2026-06-20 16:47:41.502 +09:00 [INF] Executed DbCommand (0ms) [Parameters=[@newColumn='?' (Size = 5), @ticketId='?' (Size = 32)], CommandType='"Text"', CommandTimeout='30']
SELECT "t"."TicketId", "t"."Assignees", "t"."AssigneesJson", "t"."Category", "t"."ChildTasksJson", "t"."Column", "t"."Effort", "t"."EndDate", "t"."Id", "t"."IsArchived", "t"."IsEmergency", "t"."IsLocked", "t"."Labels", "t"."LabelsJson", "t"."MainAssignee", "t"."Memo", "t"."Position", "t"."PreviousColumn", "t"."Progress", "t"."StartDate", "t"."Title"
FROM "Tickets" AS "t"
WHERE "t"."Column" = @newColumn AND "t"."TicketId" <> @ticketId
ORDER BY "t"."Position", "t"."Id"
2026-06-20 16:47:41.504 +09:00 [INF] Executed DbCommand (0ms) [Parameters=[@newColumn='?' (Size = 5), @ticketId='?' (Size = 32), @newPos='?' (DbType = Double)], CommandType='"Text"', CommandTimeout='30']
SELECT EXISTS (
    SELECT 1
    FROM "Tickets" AS "t"
    WHERE "t"."Column" = @newColumn AND "t"."TicketId" <> @ticketId AND abs("t"."Position" - @newPos) < 100.0)
2026-06-20 16:47:41.507 +09:00 [INF] Executed DbCommand (0ms) [Parameters=[@p1='?' (Size = 32), @p0='?' (DbType = Double)], CommandType='"Text"', CommandTimeout='30']
UPDATE "Tickets" SET "Position" = @p0
WHERE "TicketId" = @p1
RETURNING 1;
2026-06-20 16:47:41.520 +09:00 [INF] Executing StatusCodeResult, setting HTTP status code 204
2026-06-20 16:47:41.521 +09:00 [INF] Executed action KanbanServer.Controllers.TicketsController.UpdateColumn (KanbanServer) in 24.456ms
2026-06-20 16:47:41.522 +09:00 [INF] Executed endpoint 'KanbanServer.Controllers.TicketsController.UpdateColumn (KanbanServer)'
2026-06-20 16:47:41.523 +09:00 [INF] Request finished HTTP/1.1 PATCH http://localhost:5000/api/tickets/f390f3a0fb10487a94718eb9fefe447f/column - 204 null null 35.6146ms
2026-06-20 16:47:41.525 +09:00 [INF] Request starting HTTP/1.1 GET http://localhost:5000/api/tickets - null null
2026-06-20 16:47:41.527 +09:00 [INF] Executing endpoint 'KanbanServer.Controllers.TicketsController.GetAll (KanbanServer)'
2026-06-20 16:47:41.528 +09:00 [INF] Route matched with {action = "GetAll", controller = "Tickets"}. Executing controller action with signature System.Threading.Tasks.Task`1[Microsoft.AspNetCore.Mvc.ActionResult`1[System.Collections.Generic.List`1[KanbanServer.Models.Ticket]]] GetAll() on controller KanbanServer.Controllers.TicketsController (KanbanServer).
2026-06-20 16:47:41.530 +09:00 [INF] Executed DbCommand (0ms) [Parameters=[], CommandType='"Text"', CommandTimeout='30']
SELECT "t"."TicketId", "t"."Assignees", "t"."AssigneesJson", "t"."Category", "t"."ChildTasksJson", "t"."Column", "t"."Effort", "t"."EndDate", "t"."Id", "t"."IsArchived", "t"."IsEmergency", "t"."IsLocked", "t"."Labels", "t"."LabelsJson", "t"."MainAssignee", "t"."Memo", "t"."Position", "t"."PreviousColumn", "t"."Progress", "t"."StartDate", "t"."Title"
FROM "Tickets" AS "t"
2026-06-20 16:47:41.536 +09:00 [INF] Executing OkObjectResult, writing value of type 'System.Collections.Generic.List`1[[KanbanServer.Models.Ticket, KanbanServer, Version=1.0.0.0, Culture=neutral, PublicKeyToken=null]]'.
2026-06-20 16:47:41.538 +09:00 [INF] Executed action KanbanServer.Controllers.TicketsController.GetAll (KanbanServer) in 8.6043ms
2026-06-20 16:47:41.539 +09:00 [INF] Executed endpoint 'KanbanServer.Controllers.TicketsController.GetAll (KanbanServer)'
2026-06-20 16:47:41.540 +09:00 [INF] Request finished HTTP/1.1 GET http://localhost:5000/api/tickets - 200 null application/json; charset=utf-8 14.7791ms
2026-06-20 16:47:42.542 +09:00 [INF] Request starting HTTP/1.1 PATCH http://localhost:5000/api/tickets/f390f3a0fb10487a94718eb9fefe447f/column - application/json 34
2026-06-20 16:47:42.544 +09:00 [INF] CORS policy execution successful.
2026-06-20 16:47:42.545 +09:00 [INF] Executing endpoint 'KanbanServer.Controllers.TicketsController.UpdateColumn (KanbanServer)'
2026-06-20 16:47:42.545 +09:00 [INF] Route matched with {action = "UpdateColumn", controller = "Tickets"}. Executing controller action with signature System.Threading.Tasks.Task`1[Microsoft.AspNetCore.Mvc.IActionResult] UpdateColumn(System.String, KanbanServer.Models.ColumnUpdateDto) on controller KanbanServer.Controllers.TicketsController (KanbanServer).
2026-06-20 16:47:42.548 +09:00 [INF] Executed DbCommand (0ms) [Parameters=[@p='?' (Size = 32)], CommandType='"Text"', CommandTimeout='30']
SELECT "t"."TicketId", "t"."Assignees", "t"."AssigneesJson", "t"."Category", "t"."ChildTasksJson", "t"."Column", "t"."Effort", "t"."EndDate", "t"."Id", "t"."IsArchived", "t"."IsEmergency", "t"."IsLocked", "t"."Labels", "t"."LabelsJson", "t"."MainAssignee", "t"."Memo", "t"."Position", "t"."PreviousColumn", "t"."Progress", "t"."StartDate", "t"."Title"
FROM "Tickets" AS "t"
WHERE "t"."TicketId" = @p
LIMIT 1
2026-06-20 16:47:42.551 +09:00 [INF] Executed DbCommand (0ms) [Parameters=[@newColumn='?' (Size = 5), @ticketId='?' (Size = 32)], CommandType='"Text"', CommandTimeout='30']
SELECT "t"."TicketId", "t"."Assignees", "t"."AssigneesJson", "t"."Category", "t"."ChildTasksJson", "t"."Column", "t"."Effort", "t"."EndDate", "t"."Id", "t"."IsArchived", "t"."IsEmergency", "t"."IsLocked", "t"."Labels", "t"."LabelsJson", "t"."MainAssignee", "t"."Memo", "t"."Position", "t"."PreviousColumn", "t"."Progress", "t"."StartDate", "t"."Title"
FROM "Tickets" AS "t"
WHERE "t"."Column" = @newColumn AND "t"."TicketId" <> @ticketId
ORDER BY "t"."Position", "t"."Id"
2026-06-20 16:47:42.553 +09:00 [INF] Executed DbCommand (0ms) [Parameters=[@newColumn='?' (Size = 5), @ticketId='?' (Size = 32), @newPos='?' (DbType = Double)], CommandType='"Text"', CommandTimeout='30']
SELECT EXISTS (
    SELECT 1
    FROM "Tickets" AS "t"
    WHERE "t"."Column" = @newColumn AND "t"."TicketId" <> @ticketId AND abs("t"."Position" - @newPos) < 100.0)
2026-06-20 16:47:42.555 +09:00 [INF] Executing StatusCodeResult, setting HTTP status code 204
2026-06-20 16:47:42.556 +09:00 [INF] Executed action KanbanServer.Controllers.TicketsController.UpdateColumn (KanbanServer) in 9.163ms
2026-06-20 16:47:42.557 +09:00 [INF] Executed endpoint 'KanbanServer.Controllers.TicketsController.UpdateColumn (KanbanServer)'
2026-06-20 16:47:42.558 +09:00 [INF] Request finished HTTP/1.1 PATCH http://localhost:5000/api/tickets/f390f3a0fb10487a94718eb9fefe447f/column - 204 null null 16.3069ms
2026-06-20 16:47:42.561 +09:00 [INF] Request starting HTTP/1.1 GET http://localhost:5000/api/tickets - null null
2026-06-20 16:47:42.562 +09:00 [INF] Executing endpoint 'KanbanServer.Controllers.TicketsController.GetAll (KanbanServer)'
2026-06-20 16:47:42.563 +09:00 [INF] Route matched with {action = "GetAll", controller = "Tickets"}. Executing controller action with signature System.Threading.Tasks.Task`1[Microsoft.AspNetCore.Mvc.ActionResult`1[System.Collections.Generic.List`1[KanbanServer.Models.Ticket]]] GetAll() on controller KanbanServer.Controllers.TicketsController (KanbanServer).
2026-06-20 16:47:42.566 +09:00 [INF] Executed DbCommand (0ms) [Parameters=[], CommandType='"Text"', CommandTimeout='30']
SELECT "t"."TicketId", "t"."Assignees", "t"."AssigneesJson", "t"."Category", "t"."ChildTasksJson", "t"."Column", "t"."Effort", "t"."EndDate", "t"."Id", "t"."IsArchived", "t"."IsEmergency", "t"."IsLocked", "t"."Labels", "t"."LabelsJson", "t"."MainAssignee", "t"."Memo", "t"."Position", "t"."PreviousColumn", "t"."Progress", "t"."StartDate", "t"."Title"
FROM "Tickets" AS "t"
2026-06-20 16:47:42.571 +09:00 [INF] Executing OkObjectResult, writing value of type 'System.Collections.Generic.List`1[[KanbanServer.Models.Ticket, KanbanServer, Version=1.0.0.0, Culture=neutral, PublicKeyToken=null]]'.
2026-06-20 16:47:42.573 +09:00 [INF] Executed action KanbanServer.Controllers.TicketsController.GetAll (KanbanServer) in 7.2328ms
2026-06-20 16:47:42.574 +09:00 [INF] Executed endpoint 'KanbanServer.Controllers.TicketsController.GetAll (KanbanServer)'
2026-06-20 16:47:42.575 +09:00 [INF] Request finished HTTP/1.1 GET http://localhost:5000/api/tickets - 200 null application/json; charset=utf-8 14.0197ms
2026-06-20 16:47:44.401 +09:00 [INF] Request starting HTTP/1.1 PATCH http://localhost:5000/api/tickets/f390f3a0fb10487a94718eb9fefe447f/column - application/json 34
2026-06-20 16:47:44.403 +09:00 [INF] CORS policy execution successful.
2026-06-20 16:47:44.404 +09:00 [INF] Executing endpoint 'KanbanServer.Controllers.TicketsController.UpdateColumn (KanbanServer)'
2026-06-20 16:47:44.405 +09:00 [INF] Route matched with {action = "UpdateColumn", controller = "Tickets"}. Executing controller action with signature System.Threading.Tasks.Task`1[Microsoft.AspNetCore.Mvc.IActionResult] UpdateColumn(System.String, KanbanServer.Models.ColumnUpdateDto) on controller KanbanServer.Controllers.TicketsController (KanbanServer).
2026-06-20 16:47:44.407 +09:00 [INF] Executed DbCommand (0ms) [Parameters=[@p='?' (Size = 32)], CommandType='"Text"', CommandTimeout='30']
SELECT "t"."TicketId", "t"."Assignees", "t"."AssigneesJson", "t"."Category", "t"."ChildTasksJson", "t"."Column", "t"."Effort", "t"."EndDate", "t"."Id", "t"."IsArchived", "t"."IsEmergency", "t"."IsLocked", "t"."Labels", "t"."LabelsJson", "t"."MainAssignee", "t"."Memo", "t"."Position", "t"."PreviousColumn", "t"."Progress", "t"."StartDate", "t"."Title"
FROM "Tickets" AS "t"
WHERE "t"."TicketId" = @p
LIMIT 1
2026-06-20 16:47:44.410 +09:00 [INF] Executed DbCommand (0ms) [Parameters=[@newColumn='?' (Size = 5), @ticketId='?' (Size = 32)], CommandType='"Text"', CommandTimeout='30']
SELECT "t"."TicketId", "t"."Assignees", "t"."AssigneesJson", "t"."Category", "t"."ChildTasksJson", "t"."Column", "t"."Effort", "t"."EndDate", "t"."Id", "t"."IsArchived", "t"."IsEmergency", "t"."IsLocked", "t"."Labels", "t"."LabelsJson", "t"."MainAssignee", "t"."Memo", "t"."Position", "t"."PreviousColumn", "t"."Progress", "t"."StartDate", "t"."Title"
FROM "Tickets" AS "t"
WHERE "t"."Column" = @newColumn AND "t"."TicketId" <> @ticketId
ORDER BY "t"."Position", "t"."Id"
2026-06-20 16:47:44.413 +09:00 [INF] Executed DbCommand (0ms) [Parameters=[@newColumn='?' (Size = 5), @ticketId='?' (Size = 32), @newPos='?' (DbType = Double)], CommandType='"Text"', CommandTimeout='30']
SELECT EXISTS (
    SELECT 1
    FROM "Tickets" AS "t"
    WHERE "t"."Column" = @newColumn AND "t"."TicketId" <> @ticketId AND abs("t"."Position" - @newPos) < 100.0)
2026-06-20 16:47:44.415 +09:00 [INF] Executing StatusCodeResult, setting HTTP status code 204
2026-06-20 16:47:44.416 +09:00 [INF] Executed action KanbanServer.Controllers.TicketsController.UpdateColumn (KanbanServer) in 9.7554ms
2026-06-20 16:47:44.417 +09:00 [INF] Executed endpoint 'KanbanServer.Controllers.TicketsController.UpdateColumn (KanbanServer)'
2026-06-20 16:47:44.418 +09:00 [INF] Request finished HTTP/1.1 PATCH http://localhost:5000/api/tickets/f390f3a0fb10487a94718eb9fefe447f/column - 204 null null 17.4321ms
2026-06-20 16:47:44.421 +09:00 [INF] Request starting HTTP/1.1 GET http://localhost:5000/api/tickets - null null
2026-06-20 16:47:44.423 +09:00 [INF] Executing endpoint 'KanbanServer.Controllers.TicketsController.GetAll (KanbanServer)'
2026-06-20 16:47:44.424 +09:00 [INF] Route matched with {action = "GetAll", controller = "Tickets"}. Executing controller action with signature System.Threading.Tasks.Task`1[Microsoft.AspNetCore.Mvc.ActionResult`1[System.Collections.Generic.List`1[KanbanServer.Models.Ticket]]] GetAll() on controller KanbanServer.Controllers.TicketsController (KanbanServer).
2026-06-20 16:47:44.426 +09:00 [INF] Executed DbCommand (0ms) [Parameters=[], CommandType='"Text"', CommandTimeout='30']
SELECT "t"."TicketId", "t"."Assignees", "t"."AssigneesJson", "t"."Category", "t"."ChildTasksJson", "t"."Column", "t"."Effort", "t"."EndDate", "t"."Id", "t"."IsArchived", "t"."IsEmergency", "t"."IsLocked", "t"."Labels", "t"."LabelsJson", "t"."MainAssignee", "t"."Memo", "t"."Position", "t"."PreviousColumn", "t"."Progress", "t"."StartDate", "t"."Title"
FROM "Tickets" AS "t"
2026-06-20 16:47:44.430 +09:00 [INF] Executing OkObjectResult, writing value of type 'System.Collections.Generic.List`1[[KanbanServer.Models.Ticket, KanbanServer, Version=1.0.0.0, Culture=neutral, PublicKeyToken=null]]'.
2026-06-20 16:47:44.433 +09:00 [INF] Executed action KanbanServer.Controllers.TicketsController.GetAll (KanbanServer) in 8.156ms
2026-06-20 16:47:44.434 +09:00 [INF] Executed endpoint 'KanbanServer.Controllers.TicketsController.GetAll (KanbanServer)'
2026-06-20 16:47:44.435 +09:00 [INF] Request finished HTTP/1.1 GET http://localhost:5000/api/tickets - 200 null application/json; charset=utf-8 14.47ms
2026-06-20 16:47:45.331 +09:00 [INF] Request starting HTTP/1.1 PATCH http://localhost:5000/api/tickets/f390f3a0fb10487a94718eb9fefe447f/column - application/json 34
2026-06-20 16:47:45.334 +09:00 [INF] CORS policy execution successful.
2026-06-20 16:47:45.334 +09:00 [INF] Executing endpoint 'KanbanServer.Controllers.TicketsController.UpdateColumn (KanbanServer)'
2026-06-20 16:47:45.335 +09:00 [INF] Route matched with {action = "UpdateColumn", controller = "Tickets"}. Executing controller action with signature System.Threading.Tasks.Task`1[Microsoft.AspNetCore.Mvc.IActionResult] UpdateColumn(System.String, KanbanServer.Models.ColumnUpdateDto) on controller KanbanServer.Controllers.TicketsController (KanbanServer).
2026-06-20 16:47:45.338 +09:00 [INF] Executed DbCommand (0ms) [Parameters=[@p='?' (Size = 32)], CommandType='"Text"', CommandTimeout='30']
SELECT "t"."TicketId", "t"."Assignees", "t"."AssigneesJson", "t"."Category", "t"."ChildTasksJson", "t"."Column", "t"."Effort", "t"."EndDate", "t"."Id", "t"."IsArchived", "t"."IsEmergency", "t"."IsLocked", "t"."Labels", "t"."LabelsJson", "t"."MainAssignee", "t"."Memo", "t"."Position", "t"."PreviousColumn", "t"."Progress", "t"."StartDate", "t"."Title"
FROM "Tickets" AS "t"
WHERE "t"."TicketId" = @p
LIMIT 1
2026-06-20 16:47:45.340 +09:00 [INF] Executed DbCommand (0ms) [Parameters=[@newColumn='?' (Size = 5), @ticketId='?' (Size = 32)], CommandType='"Text"', CommandTimeout='30']
SELECT "t"."TicketId", "t"."Assignees", "t"."AssigneesJson", "t"."Category", "t"."ChildTasksJson", "t"."Column", "t"."Effort", "t"."EndDate", "t"."Id", "t"."IsArchived", "t"."IsEmergency", "t"."IsLocked", "t"."Labels", "t"."LabelsJson", "t"."MainAssignee", "t"."Memo", "t"."Position", "t"."PreviousColumn", "t"."Progress", "t"."StartDate", "t"."Title"
FROM "Tickets" AS "t"
WHERE "t"."Column" = @newColumn AND "t"."TicketId" <> @ticketId
ORDER BY "t"."Position", "t"."Id"
2026-06-20 16:47:45.344 +09:00 [INF] Executed DbCommand (0ms) [Parameters=[@newColumn='?' (Size = 5), @ticketId='?' (Size = 32), @newPos='?' (DbType = Double)], CommandType='"Text"', CommandTimeout='30']
SELECT EXISTS (
    SELECT 1
    FROM "Tickets" AS "t"
    WHERE "t"."Column" = @newColumn AND "t"."TicketId" <> @ticketId AND abs("t"."Position" - @newPos) < 100.0)
2026-06-20 16:47:45.346 +09:00 [INF] Executing StatusCodeResult, setting HTTP status code 204
2026-06-20 16:47:45.347 +09:00 [INF] Executed action KanbanServer.Controllers.TicketsController.UpdateColumn (KanbanServer) in 9.9952ms
2026-06-20 16:47:45.348 +09:00 [INF] Executed endpoint 'KanbanServer.Controllers.TicketsController.UpdateColumn (KanbanServer)'
2026-06-20 16:47:45.349 +09:00 [INF] Request finished HTTP/1.1 PATCH http://localhost:5000/api/tickets/f390f3a0fb10487a94718eb9fefe447f/column - 204 null null 17.4074ms
2026-06-20 16:47:45.351 +09:00 [INF] Request starting HTTP/1.1 GET http://localhost:5000/api/tickets - null null
2026-06-20 16:47:45.353 +09:00 [INF] Executing endpoint 'KanbanServer.Controllers.TicketsController.GetAll (KanbanServer)'
2026-06-20 16:47:45.354 +09:00 [INF] Route matched with {action = "GetAll", controller = "Tickets"}. Executing controller action with signature System.Threading.Tasks.Task`1[Microsoft.AspNetCore.Mvc.ActionResult`1[System.Collections.Generic.List`1[KanbanServer.Models.Ticket]]] GetAll() on controller KanbanServer.Controllers.TicketsController (KanbanServer).
2026-06-20 16:47:45.356 +09:00 [INF] Executed DbCommand (0ms) [Parameters=[], CommandType='"Text"', CommandTimeout='30']
SELECT "t"."TicketId", "t"."Assignees", "t"."AssigneesJson", "t"."Category", "t"."ChildTasksJson", "t"."Column", "t"."Effort", "t"."EndDate", "t"."Id", "t"."IsArchived", "t"."IsEmergency", "t"."IsLocked", "t"."Labels", "t"."LabelsJson", "t"."MainAssignee", "t"."Memo", "t"."Position", "t"."PreviousColumn", "t"."Progress", "t"."StartDate", "t"."Title"
FROM "Tickets" AS "t"
2026-06-20 16:47:45.361 +09:00 [INF] Executing OkObjectResult, writing value of type 'System.Collections.Generic.List`1[[KanbanServer.Models.Ticket, KanbanServer, Version=1.0.0.0, Culture=neutral, PublicKeyToken=null]]'.
2026-06-20 16:47:45.363 +09:00 [INF] Executed action KanbanServer.Controllers.TicketsController.GetAll (KanbanServer) in 7.3187ms
2026-06-20 16:47:45.364 +09:00 [INF] Executed endpoint 'KanbanServer.Controllers.TicketsController.GetAll (KanbanServer)'
2026-06-20 16:47:45.365 +09:00 [INF] Request finished HTTP/1.1 GET http://localhost:5000/api/tickets - 200 null application/json; charset=utf-8 13.7595ms
2026-06-20 16:47:46.064 +09:00 [INF] Request starting HTTP/1.1 PATCH http://localhost:5000/api/tickets/f390f3a0fb10487a94718eb9fefe447f/column - application/json 34
2026-06-20 16:47:46.067 +09:00 [INF] CORS policy execution successful.
2026-06-20 16:47:46.068 +09:00 [INF] Executing endpoint 'KanbanServer.Controllers.TicketsController.UpdateColumn (KanbanServer)'
2026-06-20 16:47:46.068 +09:00 [INF] Route matched with {action = "UpdateColumn", controller = "Tickets"}. Executing controller action with signature System.Threading.Tasks.Task`1[Microsoft.AspNetCore.Mvc.IActionResult] UpdateColumn(System.String, KanbanServer.Models.ColumnUpdateDto) on controller KanbanServer.Controllers.TicketsController (KanbanServer).
2026-06-20 16:47:46.071 +09:00 [INF] Executed DbCommand (0ms) [Parameters=[@p='?' (Size = 32)], CommandType='"Text"', CommandTimeout='30']
SELECT "t"."TicketId", "t"."Assignees", "t"."AssigneesJson", "t"."Category", "t"."ChildTasksJson", "t"."Column", "t"."Effort", "t"."EndDate", "t"."Id", "t"."IsArchived", "t"."IsEmergency", "t"."IsLocked", "t"."Labels", "t"."LabelsJson", "t"."MainAssignee", "t"."Memo", "t"."Position", "t"."PreviousColumn", "t"."Progress", "t"."StartDate", "t"."Title"
FROM "Tickets" AS "t"
WHERE "t"."TicketId" = @p
LIMIT 1
2026-06-20 16:47:46.073 +09:00 [INF] Executed DbCommand (0ms) [Parameters=[@newColumn='?' (Size = 5), @ticketId='?' (Size = 32)], CommandType='"Text"', CommandTimeout='30']
SELECT "t"."TicketId", "t"."Assignees", "t"."AssigneesJson", "t"."Category", "t"."ChildTasksJson", "t"."Column", "t"."Effort", "t"."EndDate", "t"."Id", "t"."IsArchived", "t"."IsEmergency", "t"."IsLocked", "t"."Labels", "t"."LabelsJson", "t"."MainAssignee", "t"."Memo", "t"."Position", "t"."PreviousColumn", "t"."Progress", "t"."StartDate", "t"."Title"
FROM "Tickets" AS "t"
WHERE "t"."Column" = @newColumn AND "t"."TicketId" <> @ticketId
ORDER BY "t"."Position", "t"."Id"
2026-06-20 16:47:46.076 +09:00 [INF] Executed DbCommand (0ms) [Parameters=[@newColumn='?' (Size = 5), @ticketId='?' (Size = 32), @newPos='?' (DbType = Double)], CommandType='"Text"', CommandTimeout='30']
SELECT EXISTS (
    SELECT 1
    FROM "Tickets" AS "t"
    WHERE "t"."Column" = @newColumn AND "t"."TicketId" <> @ticketId AND abs("t"."Position" - @newPos) < 100.0)
2026-06-20 16:47:46.077 +09:00 [INF] Executing StatusCodeResult, setting HTTP status code 204
2026-06-20 16:47:46.078 +09:00 [INF] Executed action KanbanServer.Controllers.TicketsController.UpdateColumn (KanbanServer) in 8.3826ms
2026-06-20 16:47:46.079 +09:00 [INF] Executed endpoint 'KanbanServer.Controllers.TicketsController.UpdateColumn (KanbanServer)'
2026-06-20 16:47:46.080 +09:00 [INF] Request finished HTTP/1.1 PATCH http://localhost:5000/api/tickets/f390f3a0fb10487a94718eb9fefe447f/column - 204 null null 15.9341ms
2026-06-20 16:47:46.083 +09:00 [INF] Request starting HTTP/1.1 GET http://localhost:5000/api/tickets - null null
2026-06-20 16:47:46.085 +09:00 [INF] Executing endpoint 'KanbanServer.Controllers.TicketsController.GetAll (KanbanServer)'
2026-06-20 16:47:46.086 +09:00 [INF] Route matched with {action = "GetAll", controller = "Tickets"}. Executing controller action with signature System.Threading.Tasks.Task`1[Microsoft.AspNetCore.Mvc.ActionResult`1[System.Collections.Generic.List`1[KanbanServer.Models.Ticket]]] GetAll() on controller KanbanServer.Controllers.TicketsController (KanbanServer).
2026-06-20 16:47:46.088 +09:00 [INF] Executed DbCommand (0ms) [Parameters=[], CommandType='"Text"', CommandTimeout='30']
SELECT "t"."TicketId", "t"."Assignees", "t"."AssigneesJson", "t"."Category", "t"."ChildTasksJson", "t"."Column", "t"."Effort", "t"."EndDate", "t"."Id", "t"."IsArchived", "t"."IsEmergency", "t"."IsLocked", "t"."Labels", "t"."LabelsJson", "t"."MainAssignee", "t"."Memo", "t"."Position", "t"."PreviousColumn", "t"."Progress", "t"."StartDate", "t"."Title"
FROM "Tickets" AS "t"
2026-06-20 16:47:46.095 +09:00 [INF] Executing OkObjectResult, writing value of type 'System.Collections.Generic.List`1[[KanbanServer.Models.Ticket, KanbanServer, Version=1.0.0.0, Culture=neutral, PublicKeyToken=null]]'.
2026-06-20 16:47:46.098 +09:00 [INF] Executed action KanbanServer.Controllers.TicketsController.GetAll (KanbanServer) in 9.8315ms
2026-06-20 16:47:46.099 +09:00 [INF] Executed endpoint 'KanbanServer.Controllers.TicketsController.GetAll (KanbanServer)'
2026-06-20 16:47:46.100 +09:00 [INF] Request finished HTTP/1.1 GET http://localhost:5000/api/tickets - 200 null application/json; charset=utf-8 16.4559ms
2026-06-20 16:47:47.792 +09:00 [INF] Request starting HTTP/1.1 PATCH http://localhost:5000/api/tickets/f390f3a0fb10487a94718eb9fefe447f/column - application/json 34
2026-06-20 16:47:47.795 +09:00 [INF] CORS policy execution successful.
2026-06-20 16:47:47.796 +09:00 [INF] Executing endpoint 'KanbanServer.Controllers.TicketsController.UpdateColumn (KanbanServer)'
2026-06-20 16:47:47.796 +09:00 [INF] Route matched with {action = "UpdateColumn", controller = "Tickets"}. Executing controller action with signature System.Threading.Tasks.Task`1[Microsoft.AspNetCore.Mvc.IActionResult] UpdateColumn(System.String, KanbanServer.Models.ColumnUpdateDto) on controller KanbanServer.Controllers.TicketsController (KanbanServer).
2026-06-20 16:47:47.799 +09:00 [INF] Executed DbCommand (0ms) [Parameters=[@p='?' (Size = 32)], CommandType='"Text"', CommandTimeout='30']
SELECT "t"."TicketId", "t"."Assignees", "t"."AssigneesJson", "t"."Category", "t"."ChildTasksJson", "t"."Column", "t"."Effort", "t"."EndDate", "t"."Id", "t"."IsArchived", "t"."IsEmergency", "t"."IsLocked", "t"."Labels", "t"."LabelsJson", "t"."MainAssignee", "t"."Memo", "t"."Position", "t"."PreviousColumn", "t"."Progress", "t"."StartDate", "t"."Title"
FROM "Tickets" AS "t"
WHERE "t"."TicketId" = @p
LIMIT 1
2026-06-20 16:47:47.801 +09:00 [INF] Executed DbCommand (0ms) [Parameters=[@newColumn='?' (Size = 5), @ticketId='?' (Size = 32)], CommandType='"Text"', CommandTimeout='30']
SELECT "t"."TicketId", "t"."Assignees", "t"."AssigneesJson", "t"."Category", "t"."ChildTasksJson", "t"."Column", "t"."Effort", "t"."EndDate", "t"."Id", "t"."IsArchived", "t"."IsEmergency", "t"."IsLocked", "t"."Labels", "t"."LabelsJson", "t"."MainAssignee", "t"."Memo", "t"."Position", "t"."PreviousColumn", "t"."Progress", "t"."StartDate", "t"."Title"
FROM "Tickets" AS "t"
WHERE "t"."Column" = @newColumn AND "t"."TicketId" <> @ticketId
ORDER BY "t"."Position", "t"."Id"
2026-06-20 16:47:47.804 +09:00 [INF] Executed DbCommand (0ms) [Parameters=[@newColumn='?' (Size = 5), @ticketId='?' (Size = 32), @newPos='?' (DbType = Double)], CommandType='"Text"', CommandTimeout='30']
SELECT EXISTS (
    SELECT 1
    FROM "Tickets" AS "t"
    WHERE "t"."Column" = @newColumn AND "t"."TicketId" <> @ticketId AND abs("t"."Position" - @newPos) < 100.0)
2026-06-20 16:47:47.806 +09:00 [INF] Executed DbCommand (0ms) [Parameters=[@p1='?' (Size = 32), @p0='?' (DbType = Double)], CommandType='"Text"', CommandTimeout='30']
UPDATE "Tickets" SET "Position" = @p0
WHERE "TicketId" = @p1
RETURNING 1;
2026-06-20 16:47:47.809 +09:00 [INF] Executing StatusCodeResult, setting HTTP status code 204
2026-06-20 16:47:47.810 +09:00 [INF] Executed action KanbanServer.Controllers.TicketsController.UpdateColumn (KanbanServer) in 11.9823ms
2026-06-20 16:47:47.811 +09:00 [INF] Executed endpoint 'KanbanServer.Controllers.TicketsController.UpdateColumn (KanbanServer)'
2026-06-20 16:47:47.812 +09:00 [INF] Request finished HTTP/1.1 PATCH http://localhost:5000/api/tickets/f390f3a0fb10487a94718eb9fefe447f/column - 204 null null 19.5218ms
2026-06-20 16:47:47.814 +09:00 [INF] Request starting HTTP/1.1 GET http://localhost:5000/api/tickets - null null
2026-06-20 16:47:47.816 +09:00 [INF] Executing endpoint 'KanbanServer.Controllers.TicketsController.GetAll (KanbanServer)'
2026-06-20 16:47:47.817 +09:00 [INF] Route matched with {action = "GetAll", controller = "Tickets"}. Executing controller action with signature System.Threading.Tasks.Task`1[Microsoft.AspNetCore.Mvc.ActionResult`1[System.Collections.Generic.List`1[KanbanServer.Models.Ticket]]] GetAll() on controller KanbanServer.Controllers.TicketsController (KanbanServer).
2026-06-20 16:47:47.819 +09:00 [INF] Executed DbCommand (0ms) [Parameters=[], CommandType='"Text"', CommandTimeout='30']
SELECT "t"."TicketId", "t"."Assignees", "t"."AssigneesJson", "t"."Category", "t"."ChildTasksJson", "t"."Column", "t"."Effort", "t"."EndDate", "t"."Id", "t"."IsArchived", "t"."IsEmergency", "t"."IsLocked", "t"."Labels", "t"."LabelsJson", "t"."MainAssignee", "t"."Memo", "t"."Position", "t"."PreviousColumn", "t"."Progress", "t"."StartDate", "t"."Title"
FROM "Tickets" AS "t"
2026-06-20 16:47:47.825 +09:00 [INF] Executing OkObjectResult, writing value of type 'System.Collections.Generic.List`1[[KanbanServer.Models.Ticket, KanbanServer, Version=1.0.0.0, Culture=neutral, PublicKeyToken=null]]'.
2026-06-20 16:47:47.827 +09:00 [INF] Executed action KanbanServer.Controllers.TicketsController.GetAll (KanbanServer) in 8.4946ms
2026-06-20 16:47:47.828 +09:00 [INF] Executed endpoint 'KanbanServer.Controllers.TicketsController.GetAll (KanbanServer)'
2026-06-20 16:47:47.830 +09:00 [INF] Request finished HTTP/1.1 GET http://localhost:5000/api/tickets - 200 null application/json; charset=utf-8 15.4256ms
2026-06-20 16:47:48.909 +09:00 [INF] Request starting HTTP/1.1 PATCH http://localhost:5000/api/tickets/f390f3a0fb10487a94718eb9fefe447f/column - application/json 34
2026-06-20 16:47:48.913 +09:00 [INF] CORS policy execution successful.
2026-06-20 16:47:48.914 +09:00 [INF] Executing endpoint 'KanbanServer.Controllers.TicketsController.UpdateColumn (KanbanServer)'
2026-06-20 16:47:48.916 +09:00 [INF] Route matched with {action = "UpdateColumn", controller = "Tickets"}. Executing controller action with signature System.Threading.Tasks.Task`1[Microsoft.AspNetCore.Mvc.IActionResult] UpdateColumn(System.String, KanbanServer.Models.ColumnUpdateDto) on controller KanbanServer.Controllers.TicketsController (KanbanServer).
2026-06-20 16:47:48.918 +09:00 [INF] Executed DbCommand (0ms) [Parameters=[@p='?' (Size = 32)], CommandType='"Text"', CommandTimeout='30']
SELECT "t"."TicketId", "t"."Assignees", "t"."AssigneesJson", "t"."Category", "t"."ChildTasksJson", "t"."Column", "t"."Effort", "t"."EndDate", "t"."Id", "t"."IsArchived", "t"."IsEmergency", "t"."IsLocked", "t"."Labels", "t"."LabelsJson", "t"."MainAssignee", "t"."Memo", "t"."Position", "t"."PreviousColumn", "t"."Progress", "t"."StartDate", "t"."Title"
FROM "Tickets" AS "t"
WHERE "t"."TicketId" = @p
LIMIT 1
2026-06-20 16:47:48.921 +09:00 [INF] Executed DbCommand (0ms) [Parameters=[@newColumn='?' (Size = 5), @ticketId='?' (Size = 32)], CommandType='"Text"', CommandTimeout='30']
SELECT "t"."TicketId", "t"."Assignees", "t"."AssigneesJson", "t"."Category", "t"."ChildTasksJson", "t"."Column", "t"."Effort", "t"."EndDate", "t"."Id", "t"."IsArchived", "t"."IsEmergency", "t"."IsLocked", "t"."Labels", "t"."LabelsJson", "t"."MainAssignee", "t"."Memo", "t"."Position", "t"."PreviousColumn", "t"."Progress", "t"."StartDate", "t"."Title"
FROM "Tickets" AS "t"
WHERE "t"."Column" = @newColumn AND "t"."TicketId" <> @ticketId
ORDER BY "t"."Position", "t"."Id"
2026-06-20 16:47:48.923 +09:00 [INF] Executed DbCommand (0ms) [Parameters=[@newColumn='?' (Size = 5), @ticketId='?' (Size = 32), @newPos='?' (DbType = Double)], CommandType='"Text"', CommandTimeout='30']
SELECT EXISTS (
    SELECT 1
    FROM "Tickets" AS "t"
    WHERE "t"."Column" = @newColumn AND "t"."TicketId" <> @ticketId AND abs("t"."Position" - @newPos) < 100.0)
2026-06-20 16:47:48.925 +09:00 [INF] Executed DbCommand (0ms) [Parameters=[@p1='?' (Size = 32), @p0='?' (DbType = Double)], CommandType='"Text"', CommandTimeout='30']
UPDATE "Tickets" SET "Position" = @p0
WHERE "TicketId" = @p1
RETURNING 1;
2026-06-20 16:47:48.937 +09:00 [INF] Executing StatusCodeResult, setting HTTP status code 204
2026-06-20 16:47:48.937 +09:00 [INF] Executed action KanbanServer.Controllers.TicketsController.UpdateColumn (KanbanServer) in 19.7441ms
2026-06-20 16:47:48.939 +09:00 [INF] Executed endpoint 'KanbanServer.Controllers.TicketsController.UpdateColumn (KanbanServer)'
2026-06-20 16:47:48.940 +09:00 [INF] Request finished HTTP/1.1 PATCH http://localhost:5000/api/tickets/f390f3a0fb10487a94718eb9fefe447f/column - 204 null null 30.6615ms
2026-06-20 16:47:48.942 +09:00 [INF] Request starting HTTP/1.1 GET http://localhost:5000/api/tickets - null null
2026-06-20 16:47:48.944 +09:00 [INF] Executing endpoint 'KanbanServer.Controllers.TicketsController.GetAll (KanbanServer)'
2026-06-20 16:47:48.945 +09:00 [INF] Route matched with {action = "GetAll", controller = "Tickets"}. Executing controller action with signature System.Threading.Tasks.Task`1[Microsoft.AspNetCore.Mvc.ActionResult`1[System.Collections.Generic.List`1[KanbanServer.Models.Ticket]]] GetAll() on controller KanbanServer.Controllers.TicketsController (KanbanServer).
2026-06-20 16:47:48.946 +09:00 [INF] Executed DbCommand (0ms) [Parameters=[], CommandType='"Text"', CommandTimeout='30']
SELECT "t"."TicketId", "t"."Assignees", "t"."AssigneesJson", "t"."Category", "t"."ChildTasksJson", "t"."Column", "t"."Effort", "t"."EndDate", "t"."Id", "t"."IsArchived", "t"."IsEmergency", "t"."IsLocked", "t"."Labels", "t"."LabelsJson", "t"."MainAssignee", "t"."Memo", "t"."Position", "t"."PreviousColumn", "t"."Progress", "t"."StartDate", "t"."Title"
FROM "Tickets" AS "t"
2026-06-20 16:47:48.950 +09:00 [INF] Executing OkObjectResult, writing value of type 'System.Collections.Generic.List`1[[KanbanServer.Models.Ticket, KanbanServer, Version=1.0.0.0, Culture=neutral, PublicKeyToken=null]]'.
2026-06-20 16:47:48.952 +09:00 [INF] Executed action KanbanServer.Controllers.TicketsController.GetAll (KanbanServer) in 5.8213ms
2026-06-20 16:47:48.952 +09:00 [INF] Executed endpoint 'KanbanServer.Controllers.TicketsController.GetAll (KanbanServer)'
2026-06-20 16:47:48.953 +09:00 [INF] Request finished HTTP/1.1 GET http://localhost:5000/api/tickets - 200 null application/json; charset=utf-8 10.5286ms
2026-06-20 16:49:55.534 +09:00 [INF] Executed DbCommand (7ms) [Parameters=[], CommandType='"Text"', CommandTimeout='30']
SELECT COUNT(*) FROM "sqlite_master" WHERE "type" = 'table' AND "rootpage" IS NOT NULL;
2026-06-20 16:49:55.615 +09:00 [WRN] Overriding address(es) 'http://localhost:5171'. Binding to endpoints defined via IConfiguration and/or UseKestrel() instead.
2026-06-20 16:49:55.622 +09:00 [INF] Now listening on: http://0.0.0.0:5000
2026-06-20 16:49:55.622 +09:00 [INF] Application started. Press Ctrl+C to shut down.
2026-06-20 16:49:55.623 +09:00 [INF] Hosting environment: Development
2026-06-20 16:49:55.623 +09:00 [INF] Content root path: C:\repos\mykanban
2026-06-20 16:50:00.994 +09:00 [INF] Request starting HTTP/1.1 GET http://localhost:5000/ - null null
2026-06-20 16:50:01.014 +09:00 [INF] Executing endpoint 'Fallback {*path:nonfile}'
2026-06-20 16:50:01.020 +09:00 [INF] Executed endpoint 'Fallback {*path:nonfile}'
2026-06-20 16:50:01.022 +09:00 [INF] Request finished HTTP/1.1 GET http://localhost:5000/ - 200 null text/html; charset=utf-8 29.539ms
2026-06-20 16:50:02.621 +09:00 [INF] Request starting HTTP/1.1 GET http://localhost:5000/ - null null
2026-06-20 16:50:02.623 +09:00 [INF] Executing endpoint 'Fallback {*path:nonfile}'
2026-06-20 16:50:02.624 +09:00 [INF] Executed endpoint 'Fallback {*path:nonfile}'
2026-06-20 16:50:02.625 +09:00 [INF] Request finished HTTP/1.1 GET http://localhost:5000/ - 200 null text/html; charset=utf-8 3.8702ms
2026-06-20 16:50:02.629 +09:00 [INF] Request starting HTTP/1.1 GET http://localhost:5000/styles.css - null null
2026-06-20 16:50:02.629 +09:00 [INF] Request starting HTTP/1.1 GET http://localhost:5000/app.js - null null
2026-06-20 16:50:02.636 +09:00 [INF] CORS policy execution successful.
2026-06-20 16:50:02.641 +09:00 [INF] Sending file. Request path: '/app.js'. Physical path: 'C:\repos\mykanban\bin\Debug\net10.0\wwwroot\app.js'
2026-06-20 16:50:02.641 +09:00 [INF] Request finished HTTP/1.1 GET http://localhost:5000/app.js - 200 23659 text/javascript 12.2551ms
2026-06-20 16:50:02.644 +09:00 [INF] Sending file. Request path: '/styles.css'. Physical path: 'C:\repos\mykanban\bin\Debug\net10.0\wwwroot\styles.css'
2026-06-20 16:50:02.645 +09:00 [INF] Request finished HTTP/1.1 GET http://localhost:5000/styles.css - 200 60737 text/css 15.8322ms
2026-06-20 16:50:02.670 +09:00 [INF] Request starting HTTP/1.1 GET http://localhost:5000/modules/state.js - null null
2026-06-20 16:50:02.670 +09:00 [INF] Request starting HTTP/1.1 GET http://localhost:5000/modules/api.js - null null
2026-06-20 16:50:02.674 +09:00 [INF] CORS policy execution successful.
2026-06-20 16:50:02.674 +09:00 [INF] CORS policy execution successful.
2026-06-20 16:50:02.676 +09:00 [INF] Sending file. Request path: '/modules/api.js'. Physical path: 'C:\repos\mykanban\bin\Debug\net10.0\wwwroot\modules\api.js'
2026-06-20 16:50:02.677 +09:00 [INF] Sending file. Request path: '/modules/state.js'. Physical path: 'C:\repos\mykanban\bin\Debug\net10.0\wwwroot\modules\state.js'
2026-06-20 16:50:02.678 +09:00 [INF] Request finished HTTP/1.1 GET http://localhost:5000/modules/api.js - 200 6109 text/javascript 6.9133ms
2026-06-20 16:50:02.678 +09:00 [INF] Request finished HTTP/1.1 GET http://localhost:5000/modules/state.js - 200 20762 text/javascript 7.6225ms
2026-06-20 16:50:02.682 +09:00 [INF] Request starting HTTP/1.1 GET http://localhost:5000/modules/dragdrop.js - null null
2026-06-20 16:50:02.682 +09:00 [INF] Request starting HTTP/1.1 GET http://localhost:5000/modules/renderer.js - null null
2026-06-20 16:50:02.686 +09:00 [INF] CORS policy execution successful.
2026-06-20 16:50:02.686 +09:00 [INF] CORS policy execution successful.
2026-06-20 16:50:02.687 +09:00 [INF] Sending file. Request path: '/modules/renderer.js'. Physical path: 'C:\repos\mykanban\bin\Debug\net10.0\wwwroot\modules\renderer.js'
2026-06-20 16:50:02.688 +09:00 [INF] Sending file. Request path: '/modules/dragdrop.js'. Physical path: 'C:\repos\mykanban\bin\Debug\net10.0\wwwroot\modules\dragdrop.js'
2026-06-20 16:50:02.689 +09:00 [INF] Request finished HTTP/1.1 GET http://localhost:5000/modules/renderer.js - 200 29602 text/javascript 6.3227ms
2026-06-20 16:50:02.689 +09:00 [INF] Request finished HTTP/1.1 GET http://localhost:5000/modules/dragdrop.js - 200 7088 text/javascript 6.9353ms
2026-06-20 16:50:02.694 +09:00 [INF] Request starting HTTP/1.1 GET http://localhost:5000/modules/modal.js - null null
2026-06-20 16:50:02.696 +09:00 [INF] Request starting HTTP/1.1 GET http://localhost:5000/modules/labels.js - null null
2026-06-20 16:50:02.697 +09:00 [INF] CORS policy execution successful.
2026-06-20 16:50:02.698 +09:00 [INF] CORS policy execution successful.
2026-06-20 16:50:02.699 +09:00 [INF] Sending file. Request path: '/modules/labels.js'. Physical path: 'C:\repos\mykanban\bin\Debug\net10.0\wwwroot\modules\labels.js'
2026-06-20 16:50:02.700 +09:00 [INF] Sending file. Request path: '/modules/modal.js'. Physical path: 'C:\repos\mykanban\bin\Debug\net10.0\wwwroot\modules\modal.js'
2026-06-20 16:50:02.701 +09:00 [INF] Request finished HTTP/1.1 GET http://localhost:5000/modules/labels.js - 200 5192 text/javascript 4.6385ms
2026-06-20 16:50:02.701 +09:00 [INF] Request finished HTTP/1.1 GET http://localhost:5000/modules/modal.js - 200 21096 text/javascript 7.3856ms
2026-06-20 16:50:02.706 +09:00 [INF] Request starting HTTP/1.1 GET http://localhost:5000/modules/childtasks.js - null null
2026-06-20 16:50:02.706 +09:00 [INF] Request starting HTTP/1.1 GET http://localhost:5000/modules/assignees.js - null null
2026-06-20 16:50:02.709 +09:00 [INF] CORS policy execution successful.
2026-06-20 16:50:02.709 +09:00 [INF] CORS policy execution successful.
2026-06-20 16:50:02.711 +09:00 [INF] Sending file. Request path: '/modules/assignees.js'. Physical path: 'C:\repos\mykanban\bin\Debug\net10.0\wwwroot\modules\assignees.js'
2026-06-20 16:50:02.711 +09:00 [INF] Sending file. Request path: '/modules/childtasks.js'. Physical path: 'C:\repos\mykanban\bin\Debug\net10.0\wwwroot\modules\childtasks.js'
2026-06-20 16:50:02.713 +09:00 [INF] Request finished HTTP/1.1 GET http://localhost:5000/modules/assignees.js - 200 8700 text/javascript 6.9051ms
2026-06-20 16:50:02.713 +09:00 [INF] Request finished HTTP/1.1 GET http://localhost:5000/modules/childtasks.js - 200 11906 text/javascript 6.9172ms
2026-06-20 16:50:02.718 +09:00 [INF] Request starting HTTP/1.1 GET http://localhost:5000/modules/history.js - null null
2026-06-20 16:50:02.718 +09:00 [INF] Request starting HTTP/1.1 GET http://localhost:5000/modules/actual.js - null null
2026-06-20 16:50:02.724 +09:00 [INF] CORS policy execution successful.
2026-06-20 16:50:02.724 +09:00 [INF] CORS policy execution successful.
2026-06-20 16:50:02.725 +09:00 [INF] Sending file. Request path: '/modules/history.js'. Physical path: 'C:\repos\mykanban\bin\Debug\net10.0\wwwroot\modules\history.js'
2026-06-20 16:50:02.726 +09:00 [INF] Sending file. Request path: '/modules/actual.js'. Physical path: 'C:\repos\mykanban\bin\Debug\net10.0\wwwroot\modules\actual.js'
2026-06-20 16:50:02.728 +09:00 [INF] Request finished HTTP/1.1 GET http://localhost:5000/modules/history.js - 200 9423 text/javascript 8.6422ms
2026-06-20 16:50:02.728 +09:00 [INF] Request finished HTTP/1.1 GET http://localhost:5000/modules/actual.js - 200 11688 text/javascript 9.9713ms
2026-06-20 16:50:02.733 +09:00 [INF] Request starting HTTP/1.1 GET http://localhost:5000/modules/archive.js - null null
2026-06-20 16:50:02.735 +09:00 [INF] Request starting HTTP/1.1 GET http://localhost:5000/modules/filter.js - null null
2026-06-20 16:50:02.736 +09:00 [INF] CORS policy execution successful.
2026-06-20 16:50:02.737 +09:00 [INF] CORS policy execution successful.
2026-06-20 16:50:02.738 +09:00 [INF] Sending file. Request path: '/modules/archive.js'. Physical path: 'C:\repos\mykanban\bin\Debug\net10.0\wwwroot\modules\archive.js'
2026-06-20 16:50:02.739 +09:00 [INF] Sending file. Request path: '/modules/filter.js'. Physical path: 'C:\repos\mykanban\bin\Debug\net10.0\wwwroot\modules\filter.js'
2026-06-20 16:50:02.740 +09:00 [INF] Request finished HTTP/1.1 GET http://localhost:5000/modules/archive.js - 200 944 text/javascript 6.3324ms
2026-06-20 16:50:02.740 +09:00 [INF] Request finished HTTP/1.1 GET http://localhost:5000/modules/filter.js - 200 7563 text/javascript 5.4331ms
2026-06-20 16:50:02.745 +09:00 [INF] Request starting HTTP/1.1 GET http://localhost:5000/modules/memo.js - null null
2026-06-20 16:50:02.747 +09:00 [INF] Request starting HTTP/1.1 GET http://localhost:5000/modules/settings.js - null null
2026-06-20 16:50:02.749 +09:00 [INF] CORS policy execution successful.
2026-06-20 16:50:02.749 +09:00 [INF] CORS policy execution successful.
2026-06-20 16:50:02.750 +09:00 [INF] Sending file. Request path: '/modules/memo.js'. Physical path: 'C:\repos\mykanban\bin\Debug\net10.0\wwwroot\modules\memo.js'
2026-06-20 16:50:02.751 +09:00 [INF] Sending file. Request path: '/modules/settings.js'. Physical path: 'C:\repos\mykanban\bin\Debug\net10.0\wwwroot\modules\settings.js'
2026-06-20 16:50:02.751 +09:00 [INF] Request finished HTTP/1.1 GET http://localhost:5000/modules/memo.js - 200 3562 text/javascript 6.6917ms
2026-06-20 16:50:02.755 +09:00 [INF] Request finished HTTP/1.1 GET http://localhost:5000/modules/settings.js - 200 28809 text/javascript 8.3761ms
2026-06-20 16:50:02.755 +09:00 [INF] Request starting HTTP/1.1 GET http://localhost:5000/modules/auth.js - null null
2026-06-20 16:50:02.760 +09:00 [INF] Request starting HTTP/1.1 GET http://localhost:5000/modules/logger.js - null null
2026-06-20 16:50:02.762 +09:00 [INF] CORS policy execution successful.
2026-06-20 16:50:02.762 +09:00 [INF] CORS policy execution successful.
2026-06-20 16:50:02.763 +09:00 [INF] Sending file. Request path: '/modules/logger.js'. Physical path: 'C:\repos\mykanban\bin\Debug\net10.0\wwwroot\modules\logger.js'
2026-06-20 16:50:02.765 +09:00 [INF] Sending file. Request path: '/modules/auth.js'. Physical path: 'C:\repos\mykanban\bin\Debug\net10.0\wwwroot\modules\auth.js'
2026-06-20 16:50:02.765 +09:00 [INF] Request finished HTTP/1.1 GET http://localhost:5000/modules/logger.js - 200 6900 text/javascript 5.3099ms
2026-06-20 16:50:02.769 +09:00 [INF] Request finished HTTP/1.1 GET http://localhost:5000/modules/auth.js - 200 4113 text/javascript 13.4679ms
2026-06-20 16:50:02.771 +09:00 [INF] Request starting HTTP/1.1 GET http://localhost:5000/modules/ticketService.js - null null
2026-06-20 16:50:02.771 +09:00 [INF] Request starting HTTP/1.1 GET http://localhost:5000/modules/charts.js - null null
2026-06-20 16:50:02.775 +09:00 [INF] CORS policy execution successful.
2026-06-20 16:50:02.775 +09:00 [INF] CORS policy execution successful.
2026-06-20 16:50:02.778 +09:00 [INF] Sending file. Request path: '/modules/charts.js'. Physical path: 'C:\repos\mykanban\bin\Debug\net10.0\wwwroot\modules\charts.js'
2026-06-20 16:50:02.779 +09:00 [INF] Sending file. Request path: '/modules/ticketService.js'. Physical path: 'C:\repos\mykanban\bin\Debug\net10.0\wwwroot\modules\ticketService.js'
2026-06-20 16:50:02.779 +09:00 [INF] Request finished HTTP/1.1 GET http://localhost:5000/modules/charts.js - 200 46291 text/javascript 7.9737ms
2026-06-20 16:50:02.784 +09:00 [INF] Request finished HTTP/1.1 GET http://localhost:5000/modules/ticketService.js - 200 1719 text/javascript 12.8472ms
2026-06-20 16:50:02.787 +09:00 [INF] Request starting HTTP/1.1 GET http://localhost:5000/favicon.ico - null null
2026-06-20 16:50:02.789 +09:00 [INF] Request finished HTTP/1.1 GET http://localhost:5000/favicon.ico - 404 0 null 2.1463ms
2026-06-20 16:50:02.792 +09:00 [INF] Request reached the end of the middleware pipeline without being handled by application code. Request path: GET http://localhost:5000/favicon.ico, Response status code: 404
2026-06-20 16:50:03.724 +09:00 [INF] Request starting HTTP/1.1 POST http://localhost:5000/api/auth/login - application/json 38
2026-06-20 16:50:03.733 +09:00 [INF] CORS policy execution successful.
2026-06-20 16:50:03.734 +09:00 [INF] Executing endpoint 'KanbanServer.Controllers.AuthController.Login (KanbanServer)'
2026-06-20 16:50:03.746 +09:00 [INF] Route matched with {action = "Login", controller = "Auth"}. Executing controller action with signature Microsoft.AspNetCore.Mvc.IActionResult Login(LoginRequest) on controller KanbanServer.Controllers.AuthController (KanbanServer).
2026-06-20 16:50:03.770 +09:00 [INF] Executing OkObjectResult, writing value of type '<>f__AnonymousType1`3[[System.String, System.Private.CoreLib, Version=10.0.0.0, Culture=neutral, PublicKeyToken=7cec85d7bea7798e],[System.Boolean, System.Private.CoreLib, Version=10.0.0.0, Culture=neutral, PublicKeyToken=7cec85d7bea7798e],[System.String, System.Private.CoreLib, Version=10.0.0.0, Culture=neutral, PublicKeyToken=7cec85d7bea7798e]]'.
2026-06-20 16:50:03.779 +09:00 [INF] Executed action KanbanServer.Controllers.AuthController.Login (KanbanServer) in 29.4298ms
2026-06-20 16:50:03.782 +09:00 [INF] Executed endpoint 'KanbanServer.Controllers.AuthController.Login (KanbanServer)'
2026-06-20 16:50:03.783 +09:00 [INF] Request finished HTTP/1.1 POST http://localhost:5000/api/auth/login - 200 null application/json; charset=utf-8 59.3922ms
2026-06-20 16:50:03.787 +09:00 [INF] Request starting HTTP/1.1 GET http://localhost:5000/api/settings - null null
2026-06-20 16:50:03.792 +09:00 [INF] Executing endpoint 'KanbanServer.Controllers.SettingsController.Get (KanbanServer)'
2026-06-20 16:50:03.798 +09:00 [INF] Route matched with {action = "Get", controller = "Settings"}. Executing controller action with signature System.Threading.Tasks.Task`1[Microsoft.AspNetCore.Mvc.ActionResult`1[KanbanServer.Models.Setting]] Get() on controller KanbanServer.Controllers.SettingsController (KanbanServer).
2026-06-20 16:50:03.910 +09:00 [WRN] The query uses the 'First'/'FirstOrDefault' operator without 'OrderBy' and filter operators. This may lead to unpredictable results.
2026-06-20 16:50:04.098 +09:00 [INF] Executed DbCommand (1ms) [Parameters=[], CommandType='"Text"', CommandTimeout='30']
SELECT "s"."Id", "s"."Holidays", "s"."HolidaysJson", "s"."LabelsJson", "s"."Users", "s"."UsersJson"
FROM "Settings" AS "s"
LIMIT 1
2026-06-20 16:50:04.136 +09:00 [INF] Executing OkObjectResult, writing value of type 'KanbanServer.Models.Setting'.
2026-06-20 16:50:04.139 +09:00 [INF] Executed action KanbanServer.Controllers.SettingsController.Get (KanbanServer) in 338.5022ms
2026-06-20 16:50:04.140 +09:00 [INF] Executed endpoint 'KanbanServer.Controllers.SettingsController.Get (KanbanServer)'
2026-06-20 16:50:04.142 +09:00 [INF] Request starting HTTP/1.1 GET http://localhost:5000/api/tickets/labels/suggest - null null
2026-06-20 16:50:04.143 +09:00 [INF] Request starting HTTP/1.1 GET http://localhost:5000/api/tickets/assignees/suggest - null null
2026-06-20 16:50:04.144 +09:00 [INF] Executing endpoint 'KanbanServer.Controllers.TicketsController.GetLabelsSuggest (KanbanServer)'
2026-06-20 16:50:04.144 +09:00 [INF] Request finished HTTP/1.1 GET http://localhost:5000/api/settings - 200 null application/json; charset=utf-8 357.22ms
2026-06-20 16:50:04.146 +09:00 [INF] Executing endpoint 'KanbanServer.Controllers.TicketsController.GetAssigneesSuggest (KanbanServer)'
2026-06-20 16:50:04.146 +09:00 [INF] Request starting HTTP/1.1 GET http://localhost:5000/api/tickets - null null
2026-06-20 16:50:04.147 +09:00 [INF] Executing endpoint 'KanbanServer.Controllers.TicketsController.GetAll (KanbanServer)'
2026-06-20 16:50:04.149 +09:00 [INF] Route matched with {action = "GetLabelsSuggest", controller = "Tickets"}. Executing controller action with signature System.Threading.Tasks.Task`1[Microsoft.AspNetCore.Mvc.ActionResult`1[System.Collections.Generic.List`1[KanbanServer.Models.LabelSuggestDto]]] GetLabelsSuggest() on controller KanbanServer.Controllers.TicketsController (KanbanServer).
2026-06-20 16:50:04.150 +09:00 [INF] Route matched with {action = "GetAssigneesSuggest", controller = "Tickets"}. Executing controller action with signature System.Threading.Tasks.Task`1[Microsoft.AspNetCore.Mvc.ActionResult`1[System.Collections.Generic.List`1[System.String]]] GetAssigneesSuggest() on controller KanbanServer.Controllers.TicketsController (KanbanServer).
2026-06-20 16:50:04.151 +09:00 [INF] Route matched with {action = "GetAll", controller = "Tickets"}. Executing controller action with signature System.Threading.Tasks.Task`1[Microsoft.AspNetCore.Mvc.ActionResult`1[System.Collections.Generic.List`1[KanbanServer.Models.Ticket]]] GetAll() on controller KanbanServer.Controllers.TicketsController (KanbanServer).
2026-06-20 16:50:04.201 +09:00 [INF] Executed DbCommand (0ms) [Parameters=[], CommandType='"Text"', CommandTimeout='30']
SELECT "s"."Id", "s"."Holidays", "s"."HolidaysJson", "s"."LabelsJson", "s"."Users", "s"."UsersJson"
FROM "Settings" AS "s"
LIMIT 1
2026-06-20 16:50:04.208 +09:00 [INF] Executed DbCommand (6ms) [Parameters=[], CommandType='"Text"', CommandTimeout='30']
SELECT "s"."Id", "s"."Holidays", "s"."HolidaysJson", "s"."LabelsJson", "s"."Users", "s"."UsersJson"
FROM "Settings" AS "s"
LIMIT 1
2026-06-20 16:50:04.209 +09:00 [INF] Executed DbCommand (0ms) [Parameters=[], CommandType='"Text"', CommandTimeout='30']
SELECT "t"."TicketId", "t"."Assignees", "t"."AssigneesJson", "t"."Category", "t"."ChildTasksJson", "t"."Column", "t"."Effort", "t"."EndDate", "t"."Id", "t"."IsArchived", "t"."IsEmergency", "t"."IsLocked", "t"."Labels", "t"."LabelsJson", "t"."MainAssignee", "t"."Memo", "t"."Position", "t"."PreviousColumn", "t"."Progress", "t"."StartDate", "t"."Title"
FROM "Tickets" AS "t"
2026-06-20 16:50:04.233 +09:00 [INF] Executed DbCommand (0ms) [Parameters=[], CommandType='"Text"', CommandTimeout='30']
SELECT "t"."TicketId", "t"."Assignees", "t"."AssigneesJson", "t"."Category", "t"."ChildTasksJson", "t"."Column", "t"."Effort", "t"."EndDate", "t"."Id", "t"."IsArchived", "t"."IsEmergency", "t"."IsLocked", "t"."Labels", "t"."LabelsJson", "t"."MainAssignee", "t"."Memo", "t"."Position", "t"."PreviousColumn", "t"."Progress", "t"."StartDate", "t"."Title"
FROM "Tickets" AS "t"
WHERE length("t"."LabelsJson") > 2
2026-06-20 16:50:04.234 +09:00 [INF] Executed DbCommand (1ms) [Parameters=[], CommandType='"Text"', CommandTimeout='30']
SELECT "t"."TicketId", "t"."Assignees", "t"."AssigneesJson", "t"."Category", "t"."ChildTasksJson", "t"."Column", "t"."Effort", "t"."EndDate", "t"."Id", "t"."IsArchived", "t"."IsEmergency", "t"."IsLocked", "t"."Labels", "t"."LabelsJson", "t"."MainAssignee", "t"."Memo", "t"."Position", "t"."PreviousColumn", "t"."Progress", "t"."StartDate", "t"."Title"
FROM "Tickets" AS "t"
WHERE length("t"."AssigneesJson") > 2
2026-06-20 16:50:04.242 +09:00 [INF] Executing OkObjectResult, writing value of type 'System.Collections.Generic.List`1[[System.String, System.Private.CoreLib, Version=10.0.0.0, Culture=neutral, PublicKeyToken=7cec85d7bea7798e]]'.
2026-06-20 16:50:04.243 +09:00 [INF] Executing OkObjectResult, writing value of type 'System.Collections.Generic.List`1[[KanbanServer.Models.LabelSuggestDto, KanbanServer, Version=1.0.0.0, Culture=neutral, PublicKeyToken=null]]'.
2026-06-20 16:50:04.244 +09:00 [INF] Executed action KanbanServer.Controllers.TicketsController.GetAssigneesSuggest (KanbanServer) in 92.3594ms
2026-06-20 16:50:04.244 +09:00 [INF] Executed endpoint 'KanbanServer.Controllers.TicketsController.GetAssigneesSuggest (KanbanServer)'
2026-06-20 16:50:04.245 +09:00 [INF] Executed action KanbanServer.Controllers.TicketsController.GetLabelsSuggest (KanbanServer) in 94.1566ms
2026-06-20 16:50:04.245 +09:00 [INF] Executed endpoint 'KanbanServer.Controllers.TicketsController.GetLabelsSuggest (KanbanServer)'
2026-06-20 16:50:04.246 +09:00 [INF] Request finished HTTP/1.1 GET http://localhost:5000/api/tickets/assignees/suggest - 200 null application/json; charset=utf-8 102.9469ms
2026-06-20 16:50:04.246 +09:00 [INF] Request finished HTTP/1.1 GET http://localhost:5000/api/tickets/labels/suggest - 200 null application/json; charset=utf-8 103.9842ms
2026-06-20 16:50:04.258 +09:00 [INF] Executing OkObjectResult, writing value of type 'System.Collections.Generic.List`1[[KanbanServer.Models.Ticket, KanbanServer, Version=1.0.0.0, Culture=neutral, PublicKeyToken=null]]'.
2026-06-20 16:50:04.273 +09:00 [INF] Executed action KanbanServer.Controllers.TicketsController.GetAll (KanbanServer) in 120.8727ms
2026-06-20 16:50:04.273 +09:00 [INF] Executed endpoint 'KanbanServer.Controllers.TicketsController.GetAll (KanbanServer)'
2026-06-20 16:50:04.274 +09:00 [INF] Request finished HTTP/1.1 GET http://localhost:5000/api/tickets - 200 null application/json; charset=utf-8 127.8396ms
2026-06-20 16:50:17.128 +09:00 [INF] Request starting HTTP/1.1 PUT http://localhost:5000/api/tickets/1890bd23ea7f4d6e8c486c1c3d68a2ba - application/json 192
2026-06-20 16:50:17.134 +09:00 [INF] CORS policy execution successful.
2026-06-20 16:50:17.135 +09:00 [INF] Executing endpoint 'KanbanServer.Controllers.TicketsController.Update (KanbanServer)'
2026-06-20 16:50:17.141 +09:00 [INF] Route matched with {action = "Update", controller = "Tickets"}. Executing controller action with signature System.Threading.Tasks.Task`1[Microsoft.AspNetCore.Mvc.ActionResult`1[KanbanServer.Models.Ticket]] Update(System.String, KanbanServer.Models.TicketDto) on controller KanbanServer.Controllers.TicketsController (KanbanServer).
2026-06-20 16:50:17.175 +09:00 [INF] Executed DbCommand (2ms) [Parameters=[@p='?' (Size = 32)], CommandType='"Text"', CommandTimeout='30']
SELECT "t"."TicketId", "t"."Assignees", "t"."AssigneesJson", "t"."Category", "t"."ChildTasksJson", "t"."Column", "t"."Effort", "t"."EndDate", "t"."Id", "t"."IsArchived", "t"."IsEmergency", "t"."IsLocked", "t"."Labels", "t"."LabelsJson", "t"."MainAssignee", "t"."Memo", "t"."Position", "t"."PreviousColumn", "t"."Progress", "t"."StartDate", "t"."Title"
FROM "Tickets" AS "t"
WHERE "t"."TicketId" = @p
LIMIT 1
2026-06-20 16:50:17.202 +09:00 [INF] Executing OkObjectResult, writing value of type 'KanbanServer.Models.Ticket'.
2026-06-20 16:50:17.205 +09:00 [INF] Executed action KanbanServer.Controllers.TicketsController.Update (KanbanServer) in 61.1769ms
2026-06-20 16:50:17.206 +09:00 [INF] Executed endpoint 'KanbanServer.Controllers.TicketsController.Update (KanbanServer)'
2026-06-20 16:50:17.206 +09:00 [INF] Request finished HTTP/1.1 PUT http://localhost:5000/api/tickets/1890bd23ea7f4d6e8c486c1c3d68a2ba - 200 null application/json; charset=utf-8 78.7051ms
2026-06-20 16:50:25.588 +09:00 [INF] Request starting HTTP/1.1 PUT http://localhost:5000/api/tickets/f390f3a0fb10487a94718eb9fefe447f - application/json 194
2026-06-20 16:50:25.594 +09:00 [INF] CORS policy execution successful.
2026-06-20 16:50:25.595 +09:00 [INF] Executing endpoint 'KanbanServer.Controllers.TicketsController.Update (KanbanServer)'
2026-06-20 16:50:25.596 +09:00 [INF] Route matched with {action = "Update", controller = "Tickets"}. Executing controller action with signature System.Threading.Tasks.Task`1[Microsoft.AspNetCore.Mvc.ActionResult`1[KanbanServer.Models.Ticket]] Update(System.String, KanbanServer.Models.TicketDto) on controller KanbanServer.Controllers.TicketsController (KanbanServer).
2026-06-20 16:50:25.603 +09:00 [INF] Executed DbCommand (0ms) [Parameters=[@p='?' (Size = 32)], CommandType='"Text"', CommandTimeout='30']
SELECT "t"."TicketId", "t"."Assignees", "t"."AssigneesJson", "t"."Category", "t"."ChildTasksJson", "t"."Column", "t"."Effort", "t"."EndDate", "t"."Id", "t"."IsArchived", "t"."IsEmergency", "t"."IsLocked", "t"."Labels", "t"."LabelsJson", "t"."MainAssignee", "t"."Memo", "t"."Position", "t"."PreviousColumn", "t"."Progress", "t"."StartDate", "t"."Title"
FROM "Tickets" AS "t"
WHERE "t"."TicketId" = @p
LIMIT 1
2026-06-20 16:50:25.606 +09:00 [INF] Executing OkObjectResult, writing value of type 'KanbanServer.Models.Ticket'.
2026-06-20 16:50:25.607 +09:00 [INF] Executed action KanbanServer.Controllers.TicketsController.Update (KanbanServer) in 8.994ms
2026-06-20 16:50:25.609 +09:00 [INF] Executed endpoint 'KanbanServer.Controllers.TicketsController.Update (KanbanServer)'
2026-06-20 16:50:25.610 +09:00 [INF] Request finished HTTP/1.1 PUT http://localhost:5000/api/tickets/f390f3a0fb10487a94718eb9fefe447f - 200 null application/json; charset=utf-8 22.1199ms
2026-06-20 16:50:34.619 +09:00 [INF] Request starting HTTP/1.1 GET http://localhost:5000/api/tickets/1890bd23ea7f4d6e8c486c1c3d68a2ba/history - null null
2026-06-20 16:50:34.622 +09:00 [INF] Executing endpoint 'KanbanServer.Controllers.TicketsController.GetHistory (KanbanServer)'
2026-06-20 16:50:34.627 +09:00 [INF] Route matched with {action = "GetHistory", controller = "Tickets"}. Executing controller action with signature System.Threading.Tasks.Task`1[Microsoft.AspNetCore.Mvc.ActionResult`1[System.Collections.Generic.List`1[KanbanServer.Models.TicketHistory]]] GetHistory(System.String) on controller KanbanServer.Controllers.TicketsController (KanbanServer).
2026-06-20 16:50:34.631 +09:00 [INF] Executed DbCommand (0ms) [Parameters=[@p='?' (Size = 32)], CommandType='"Text"', CommandTimeout='30']
SELECT "t"."TicketId", "t"."Assignees", "t"."AssigneesJson", "t"."Category", "t"."ChildTasksJson", "t"."Column", "t"."Effort", "t"."EndDate", "t"."Id", "t"."IsArchived", "t"."IsEmergency", "t"."IsLocked", "t"."Labels", "t"."LabelsJson", "t"."MainAssignee", "t"."Memo", "t"."Position", "t"."PreviousColumn", "t"."Progress", "t"."StartDate", "t"."Title"
FROM "Tickets" AS "t"
WHERE "t"."TicketId" = @p
LIMIT 1
2026-06-20 16:50:34.642 +09:00 [INF] Executed DbCommand (0ms) [Parameters=[@ticketId='?' (Size = 32)], CommandType='"Text"', CommandTimeout='30']
SELECT "t"."Id", "t"."Date", "t"."PreviousValue", "t"."TicketId", "t"."Type", "t"."Value"
FROM "TicketHistories" AS "t"
WHERE "t"."TicketId" = @ticketId
ORDER BY "t"."Date" DESC, "t"."Type"
2026-06-20 16:50:34.651 +09:00 [INF] Executing OkObjectResult, writing value of type 'System.Collections.Generic.List`1[[KanbanServer.Models.TicketHistory, KanbanServer, Version=1.0.0.0, Culture=neutral, PublicKeyToken=null]]'.
2026-06-20 16:50:34.656 +09:00 [INF] Executed action KanbanServer.Controllers.TicketsController.GetHistory (KanbanServer) in 26.5444ms
2026-06-20 16:50:34.657 +09:00 [INF] Executed endpoint 'KanbanServer.Controllers.TicketsController.GetHistory (KanbanServer)'
2026-06-20 16:50:34.658 +09:00 [INF] Request finished HTTP/1.1 GET http://localhost:5000/api/tickets/1890bd23ea7f4d6e8c486c1c3d68a2ba/history - 200 null application/json; charset=utf-8 39.9757ms
2026-06-20 17:07:09.493 +09:00 [INF] Executed DbCommand (8ms) [Parameters=[], CommandType='"Text"', CommandTimeout='30']
SELECT COUNT(*) FROM "sqlite_master" WHERE "type" = 'table' AND "rootpage" IS NOT NULL;
2026-06-20 17:07:09.581 +09:00 [WRN] Overriding address(es) 'http://localhost:5171'. Binding to endpoints defined via IConfiguration and/or UseKestrel() instead.
2026-06-20 17:07:09.589 +09:00 [INF] Now listening on: http://0.0.0.0:5000
2026-06-20 17:07:09.589 +09:00 [INF] Application started. Press Ctrl+C to shut down.
2026-06-20 17:07:09.590 +09:00 [INF] Hosting environment: Development
2026-06-20 17:07:09.590 +09:00 [INF] Content root path: C:\repos\mykanban
2026-06-20 17:07:18.088 +09:00 [INF] Request starting HTTP/1.1 GET http://localhost:5000/ - null null
2026-06-20 17:07:18.107 +09:00 [INF] Executing endpoint 'Fallback {*path:nonfile}'
2026-06-20 17:07:18.113 +09:00 [INF] Executed endpoint 'Fallback {*path:nonfile}'
2026-06-20 17:07:18.116 +09:00 [INF] Request finished HTTP/1.1 GET http://localhost:5000/ - 200 null text/html; charset=utf-8 28.834ms
2026-06-20 17:07:18.119 +09:00 [INF] Request starting HTTP/1.1 GET http://localhost:5000/styles.css - null null
2026-06-20 17:07:18.124 +09:00 [INF] The file /styles.css was not modified
2026-06-20 17:07:18.125 +09:00 [INF] Request finished HTTP/1.1 GET http://localhost:5000/styles.css - 304 null text/css 5.8313ms
2026-06-20 17:07:18.127 +09:00 [INF] Request starting HTTP/1.1 GET http://localhost:5000/modules/renderer.js - null null
2026-06-20 17:07:18.129 +09:00 [INF] CORS policy execution successful.
2026-06-20 17:07:18.130 +09:00 [INF] The file /modules/renderer.js was not modified
2026-06-20 17:07:18.131 +09:00 [INF] Request finished HTTP/1.1 GET http://localhost:5000/modules/renderer.js - 304 null text/javascript 4.8074ms
2026-06-20 17:07:18.134 +09:00 [INF] Request starting HTTP/1.1 GET http://localhost:5000/modules/dragdrop.js - null null
2026-06-20 17:07:18.135 +09:00 [INF] CORS policy execution successful.
2026-06-20 17:07:18.136 +09:00 [INF] The file /modules/dragdrop.js was not modified
2026-06-20 17:07:18.137 +09:00 [INF] Request finished HTTP/1.1 GET http://localhost:5000/modules/dragdrop.js - 304 null text/javascript 3.1242ms
2026-06-20 17:07:18.139 +09:00 [INF] Request starting HTTP/1.1 GET http://localhost:5000/modules/modal.js - null null
2026-06-20 17:07:18.140 +09:00 [INF] CORS policy execution successful.
2026-06-20 17:07:18.159 +09:00 [INF] Sending file. Request path: '/modules/modal.js'. Physical path: 'C:\repos\mykanban\bin\Debug\net10.0\wwwroot\modules\modal.js'
2026-06-20 17:07:18.160 +09:00 [INF] Request finished HTTP/1.1 GET http://localhost:5000/modules/modal.js - 200 21369 text/javascript 20.294ms
2026-06-20 17:07:19.532 +09:00 [INF] Request starting HTTP/1.1 GET http://localhost:5000/ - null null
2026-06-20 17:07:19.535 +09:00 [INF] Executing endpoint 'Fallback {*path:nonfile}'
2026-06-20 17:07:19.536 +09:00 [INF] Executed endpoint 'Fallback {*path:nonfile}'
2026-06-20 17:07:19.537 +09:00 [INF] Request finished HTTP/1.1 GET http://localhost:5000/ - 200 null text/html; charset=utf-8 4.7069ms
2026-06-20 17:07:19.541 +09:00 [INF] Request starting HTTP/1.1 GET http://localhost:5000/styles.css - null null
2026-06-20 17:07:19.543 +09:00 [INF] Request starting HTTP/1.1 GET http://localhost:5000/app.js - null null
2026-06-20 17:07:19.545 +09:00 [INF] CORS policy execution successful.
2026-06-20 17:07:19.546 +09:00 [INF] Sending file. Request path: '/styles.css'. Physical path: 'C:\repos\mykanban\bin\Debug\net10.0\wwwroot\styles.css'
2026-06-20 17:07:19.548 +09:00 [INF] Request finished HTTP/1.1 GET http://localhost:5000/styles.css - 200 60737 text/css 7.0469ms
2026-06-20 17:07:19.551 +09:00 [INF] Sending file. Request path: '/app.js'. Physical path: 'C:\repos\mykanban\bin\Debug\net10.0\wwwroot\app.js'
2026-06-20 17:07:19.552 +09:00 [INF] Request finished HTTP/1.1 GET http://localhost:5000/app.js - 200 23659 text/javascript 8.9947ms
2026-06-20 17:07:19.584 +09:00 [INF] Request starting HTTP/1.1 GET http://localhost:5000/modules/state.js - null null
2026-06-20 17:07:19.584 +09:00 [INF] Request starting HTTP/1.1 GET http://localhost:5000/modules/api.js - null null
2026-06-20 17:07:19.590 +09:00 [INF] Request starting HTTP/1.1 GET http://localhost:5000/modules/renderer.js - null null
2026-06-20 17:07:19.590 +09:00 [INF] Request starting HTTP/1.1 GET http://localhost:5000/modules/modal.js - null null
2026-06-20 17:07:19.592 +09:00 [INF] CORS policy execution successful.
2026-06-20 17:07:19.592 +09:00 [INF] Request starting HTTP/1.1 GET http://localhost:5000/modules/dragdrop.js - null null
2026-06-20 17:07:19.595 +09:00 [INF] CORS policy execution successful.
2026-06-20 17:07:19.599 +09:00 [INF] CORS policy execution successful.
2026-06-20 17:07:19.598 +09:00 [INF] CORS policy execution successful.
2026-06-20 17:07:19.600 +09:00 [INF] CORS policy execution successful.
2026-06-20 17:07:19.601 +09:00 [INF] Sending file. Request path: '/modules/api.js'. Physical path: 'C:\repos\mykanban\bin\Debug\net10.0\wwwroot\modules\api.js'
2026-06-20 17:07:19.603 +09:00 [INF] Sending file. Request path: '/modules/state.js'. Physical path: 'C:\repos\mykanban\bin\Debug\net10.0\wwwroot\modules\state.js'
2026-06-20 17:07:19.604 +09:00 [INF] Sending file. Request path: '/modules/modal.js'. Physical path: 'C:\repos\mykanban\bin\Debug\net10.0\wwwroot\modules\modal.js'
2026-06-20 17:07:19.605 +09:00 [INF] Sending file. Request path: '/modules/renderer.js'. Physical path: 'C:\repos\mykanban\bin\Debug\net10.0\wwwroot\modules\renderer.js'
2026-06-20 17:07:19.604 +09:00 [INF] Request finished HTTP/1.1 GET http://localhost:5000/modules/api.js - 200 6109 text/javascript 18.9984ms
2026-06-20 17:07:19.609 +09:00 [INF] Sending file. Request path: '/modules/dragdrop.js'. Physical path: 'C:\repos\mykanban\bin\Debug\net10.0\wwwroot\modules\dragdrop.js'
2026-06-20 17:07:19.611 +09:00 [INF] Request finished HTTP/1.1 GET http://localhost:5000/modules/dragdrop.js - 200 7088 text/javascript 18.7804ms
2026-06-20 17:07:19.609 +09:00 [INF] Request finished HTTP/1.1 GET http://localhost:5000/modules/modal.js - 200 21369 text/javascript 15.7494ms
2026-06-20 17:07:19.611 +09:00 [INF] Request finished HTTP/1.1 GET http://localhost:5000/modules/state.js - 200 20762 text/javascript 20.357ms
2026-06-20 17:07:19.611 +09:00 [INF] Request finished HTTP/1.1 GET http://localhost:5000/modules/renderer.js - 200 29602 text/javascript 16.9404ms
2026-06-20 17:07:19.624 +09:00 [INF] Request starting HTTP/1.1 GET http://localhost:5000/modules/actual.js - null null
2026-06-20 17:07:19.624 +09:00 [INF] Request starting HTTP/1.1 GET http://localhost:5000/modules/labels.js - null null
2026-06-20 17:07:19.626 +09:00 [INF] Request starting HTTP/1.1 GET http://localhost:5000/modules/childtasks.js - null null
2026-06-20 17:07:19.628 +09:00 [INF] Request starting HTTP/1.1 GET http://localhost:5000/modules/history.js - null null
2026-06-20 17:07:19.632 +09:00 [INF] CORS policy execution successful.
2026-06-20 17:07:19.630 +09:00 [INF] Request starting HTTP/1.1 GET http://localhost:5000/modules/assignees.js - null null
2026-06-20 17:07:19.635 +09:00 [INF] CORS policy execution successful.
2026-06-20 17:07:19.636 +09:00 [INF] CORS policy execution successful.
2026-06-20 17:07:19.636 +09:00 [INF] CORS policy execution successful.
2026-06-20 17:07:19.637 +09:00 [INF] Sending file. Request path: '/modules/actual.js'. Physical path: 'C:\repos\mykanban\bin\Debug\net10.0\wwwroot\modules\actual.js'
2026-06-20 17:07:19.639 +09:00 [INF] Sending file. Request path: '/modules/labels.js'. Physical path: 'C:\repos\mykanban\bin\Debug\net10.0\wwwroot\modules\labels.js'
2026-06-20 17:07:19.640 +09:00 [INF] CORS policy execution successful.
2026-06-20 17:07:19.640 +09:00 [INF] Request finished HTTP/1.1 GET http://localhost:5000/modules/labels.js - 200 5192 text/javascript 16.5031ms
2026-06-20 17:07:19.644 +09:00 [INF] Request finished HTTP/1.1 GET http://localhost:5000/modules/actual.js - 200 11688 text/javascript 15.2083ms
2026-06-20 17:07:19.644 +09:00 [INF] Sending file. Request path: '/modules/history.js'. Physical path: 'C:\repos\mykanban\bin\Debug\net10.0\wwwroot\modules\history.js'
2026-06-20 17:07:19.644 +09:00 [INF] Sending file. Request path: '/modules/childtasks.js'. Physical path: 'C:\repos\mykanban\bin\Debug\net10.0\wwwroot\modules\childtasks.js'
2026-06-20 17:07:19.649 +09:00 [INF] Sending file. Request path: '/modules/assignees.js'. Physical path: 'C:\repos\mykanban\bin\Debug\net10.0\wwwroot\modules\assignees.js'
2026-06-20 17:07:19.651 +09:00 [INF] Request finished HTTP/1.1 GET http://localhost:5000/modules/assignees.js - 200 8700 text/javascript 21.2635ms
2026-06-20 17:07:19.651 +09:00 [INF] Request starting HTTP/1.1 GET http://localhost:5000/modules/archive.js - null null
2026-06-20 17:07:19.650 +09:00 [INF] Request finished HTTP/1.1 GET http://localhost:5000/modules/childtasks.js - 200 11906 text/javascript 23.7647ms
2026-06-20 17:07:19.651 +09:00 [INF] Request starting HTTP/1.1 GET http://localhost:5000/modules/filter.js - null null
2026-06-20 17:07:19.651 +09:00 [INF] Request finished HTTP/1.1 GET http://localhost:5000/modules/history.js - 200 9423 text/javascript 21.7909ms
2026-06-20 17:07:19.663 +09:00 [INF] Request starting HTTP/1.1 GET http://localhost:5000/modules/auth.js - null null
2026-06-20 17:07:19.663 +09:00 [INF] Request starting HTTP/1.1 GET http://localhost:5000/modules/memo.js - null null
2026-06-20 17:07:19.663 +09:00 [INF] Request starting HTTP/1.1 GET http://localhost:5000/modules/settings.js - null null
2026-06-20 17:07:19.670 +09:00 [INF] CORS policy execution successful.
2026-06-20 17:07:19.670 +09:00 [INF] CORS policy execution successful.
2026-06-20 17:07:19.670 +09:00 [INF] CORS policy execution successful.
2026-06-20 17:07:19.672 +09:00 [INF] CORS policy execution successful.
2026-06-20 17:07:19.673 +09:00 [INF] CORS policy execution successful.
2026-06-20 17:07:19.674 +09:00 [INF] Sending file. Request path: '/modules/archive.js'. Physical path: 'C:\repos\mykanban\bin\Debug\net10.0\wwwroot\modules\archive.js'
2026-06-20 17:07:19.674 +09:00 [INF] Sending file. Request path: '/modules/auth.js'. Physical path: 'C:\repos\mykanban\bin\Debug\net10.0\wwwroot\modules\auth.js'
2026-06-20 17:07:19.677 +09:00 [INF] Sending file. Request path: '/modules/filter.js'. Physical path: 'C:\repos\mykanban\bin\Debug\net10.0\wwwroot\modules\filter.js'
2026-06-20 17:07:19.678 +09:00 [INF] Sending file. Request path: '/modules/settings.js'. Physical path: 'C:\repos\mykanban\bin\Debug\net10.0\wwwroot\modules\settings.js'
2026-06-20 17:07:19.677 +09:00 [INF] Request finished HTTP/1.1 GET http://localhost:5000/modules/auth.js - 200 4113 text/javascript 13.7561ms
2026-06-20 17:07:19.678 +09:00 [INF] Request finished HTTP/1.1 GET http://localhost:5000/modules/filter.js - 200 7563 text/javascript 27.2901ms
2026-06-20 17:07:19.680 +09:00 [INF] Sending file. Request path: '/modules/memo.js'. Physical path: 'C:\repos\mykanban\bin\Debug\net10.0\wwwroot\modules\memo.js'
2026-06-20 17:07:19.680 +09:00 [INF] Request finished HTTP/1.1 GET http://localhost:5000/modules/settings.js - 200 28809 text/javascript 16.4759ms
2026-06-20 17:07:19.690 +09:00 [INF] Request finished HTTP/1.1 GET http://localhost:5000/modules/archive.js - 200 944 text/javascript 27.3351ms
2026-06-20 17:07:19.693 +09:00 [INF] Request starting HTTP/1.1 GET http://localhost:5000/modules/charts.js - null null
2026-06-20 17:07:19.693 +09:00 [INF] Request starting HTTP/1.1 GET http://localhost:5000/modules/ticketService.js - null null
2026-06-20 17:07:19.693 +09:00 [INF] Request finished HTTP/1.1 GET http://localhost:5000/modules/memo.js - 200 3562 text/javascript 27.3132ms
2026-06-20 17:07:19.695 +09:00 [INF] Request starting HTTP/1.1 GET http://localhost:5000/modules/logger.js - null null
2026-06-20 17:07:19.703 +09:00 [INF] CORS policy execution successful.
2026-06-20 17:07:19.703 +09:00 [INF] CORS policy execution successful.
2026-06-20 17:07:19.703 +09:00 [INF] CORS policy execution successful.
2026-06-20 17:07:19.705 +09:00 [INF] Sending file. Request path: '/modules/ticketService.js'. Physical path: 'C:\repos\mykanban\bin\Debug\net10.0\wwwroot\modules\ticketService.js'
2026-06-20 17:07:19.707 +09:00 [INF] Sending file. Request path: '/modules/logger.js'. Physical path: 'C:\repos\mykanban\bin\Debug\net10.0\wwwroot\modules\logger.js'
2026-06-20 17:07:19.707 +09:00 [INF] Sending file. Request path: '/modules/charts.js'. Physical path: 'C:\repos\mykanban\bin\Debug\net10.0\wwwroot\modules\charts.js'
2026-06-20 17:07:19.708 +09:00 [INF] Request finished HTTP/1.1 GET http://localhost:5000/modules/ticketService.js - 200 1719 text/javascript 13.4592ms
2026-06-20 17:07:19.709 +09:00 [INF] Request finished HTTP/1.1 GET http://localhost:5000/modules/logger.js - 200 6900 text/javascript 12.7771ms
2026-06-20 17:07:19.716 +09:00 [INF] Request finished HTTP/1.1 GET http://localhost:5000/modules/charts.js - 200 46291 text/javascript 19.6961ms
2026-06-20 17:07:19.719 +09:00 [INF] Request starting HTTP/1.1 GET http://localhost:5000/favicon.ico - null null
2026-06-20 17:07:19.722 +09:00 [INF] Request finished HTTP/1.1 GET http://localhost:5000/favicon.ico - 404 0 null 2.7894ms
2026-06-20 17:07:19.725 +09:00 [INF] Request reached the end of the middleware pipeline without being handled by application code. Request path: GET http://localhost:5000/favicon.ico, Response status code: 404
2026-06-20 17:07:20.995 +09:00 [INF] Request starting HTTP/1.1 POST http://localhost:5000/api/auth/login - application/json 38
2026-06-20 17:07:21.001 +09:00 [INF] CORS policy execution successful.
2026-06-20 17:07:21.002 +09:00 [INF] Executing endpoint 'KanbanServer.Controllers.AuthController.Login (KanbanServer)'
2026-06-20 17:07:21.017 +09:00 [INF] Route matched with {action = "Login", controller = "Auth"}. Executing controller action with signature Microsoft.AspNetCore.Mvc.IActionResult Login(LoginRequest) on controller KanbanServer.Controllers.AuthController (KanbanServer).
2026-06-20 17:07:21.041 +09:00 [INF] Executing OkObjectResult, writing value of type '<>f__AnonymousType1`3[[System.String, System.Private.CoreLib, Version=10.0.0.0, Culture=neutral, PublicKeyToken=7cec85d7bea7798e],[System.Boolean, System.Private.CoreLib, Version=10.0.0.0, Culture=neutral, PublicKeyToken=7cec85d7bea7798e],[System.String, System.Private.CoreLib, Version=10.0.0.0, Culture=neutral, PublicKeyToken=7cec85d7bea7798e]]'.
2026-06-20 17:07:21.049 +09:00 [INF] Executed action KanbanServer.Controllers.AuthController.Login (KanbanServer) in 28.3597ms
2026-06-20 17:07:21.051 +09:00 [INF] Executed endpoint 'KanbanServer.Controllers.AuthController.Login (KanbanServer)'
2026-06-20 17:07:21.052 +09:00 [INF] Request finished HTTP/1.1 POST http://localhost:5000/api/auth/login - 200 null application/json; charset=utf-8 57.1528ms
2026-06-20 17:07:21.055 +09:00 [INF] Request starting HTTP/1.1 GET http://localhost:5000/api/settings - null null
2026-06-20 17:07:21.058 +09:00 [INF] Executing endpoint 'KanbanServer.Controllers.SettingsController.Get (KanbanServer)'
2026-06-20 17:07:21.065 +09:00 [INF] Route matched with {action = "Get", controller = "Settings"}. Executing controller action with signature System.Threading.Tasks.Task`1[Microsoft.AspNetCore.Mvc.ActionResult`1[KanbanServer.Models.Setting]] Get() on controller KanbanServer.Controllers.SettingsController (KanbanServer).
2026-06-20 17:07:21.172 +09:00 [WRN] The query uses the 'First'/'FirstOrDefault' operator without 'OrderBy' and filter operators. This may lead to unpredictable results.
2026-06-20 17:07:21.359 +09:00 [INF] Executed DbCommand (1ms) [Parameters=[], CommandType='"Text"', CommandTimeout='30']
SELECT "s"."Id", "s"."Holidays", "s"."HolidaysJson", "s"."LabelsJson", "s"."Users", "s"."UsersJson"
FROM "Settings" AS "s"
LIMIT 1
2026-06-20 17:07:21.397 +09:00 [INF] Executing OkObjectResult, writing value of type 'KanbanServer.Models.Setting'.
2026-06-20 17:07:21.401 +09:00 [INF] Executed action KanbanServer.Controllers.SettingsController.Get (KanbanServer) in 333.6346ms
2026-06-20 17:07:21.402 +09:00 [INF] Executed endpoint 'KanbanServer.Controllers.SettingsController.Get (KanbanServer)'
2026-06-20 17:07:21.404 +09:00 [INF] Request starting HTTP/1.1 GET http://localhost:5000/api/tickets/labels/suggest - null null
2026-06-20 17:07:21.405 +09:00 [INF] Request starting HTTP/1.1 GET http://localhost:5000/api/tickets/assignees/suggest - null null
2026-06-20 17:07:21.406 +09:00 [INF] Executing endpoint 'KanbanServer.Controllers.TicketsController.GetLabelsSuggest (KanbanServer)'
2026-06-20 17:07:21.407 +09:00 [INF] Executing endpoint 'KanbanServer.Controllers.TicketsController.GetAssigneesSuggest (KanbanServer)'
2026-06-20 17:07:21.407 +09:00 [INF] Request finished HTTP/1.1 GET http://localhost:5000/api/settings - 200 null application/json; charset=utf-8 351.6882ms
2026-06-20 17:07:21.408 +09:00 [INF] Request starting HTTP/1.1 GET http://localhost:5000/api/tickets - null null
2026-06-20 17:07:21.409 +09:00 [INF] Executing endpoint 'KanbanServer.Controllers.TicketsController.GetAll (KanbanServer)'
2026-06-20 17:07:21.410 +09:00 [INF] Route matched with {action = "GetLabelsSuggest", controller = "Tickets"}. Executing controller action with signature System.Threading.Tasks.Task`1[Microsoft.AspNetCore.Mvc.ActionResult`1[System.Collections.Generic.List`1[KanbanServer.Models.LabelSuggestDto]]] GetLabelsSuggest() on controller KanbanServer.Controllers.TicketsController (KanbanServer).
2026-06-20 17:07:21.412 +09:00 [INF] Route matched with {action = "GetAssigneesSuggest", controller = "Tickets"}. Executing controller action with signature System.Threading.Tasks.Task`1[Microsoft.AspNetCore.Mvc.ActionResult`1[System.Collections.Generic.List`1[System.String]]] GetAssigneesSuggest() on controller KanbanServer.Controllers.TicketsController (KanbanServer).
2026-06-20 17:07:21.413 +09:00 [INF] Route matched with {action = "GetAll", controller = "Tickets"}. Executing controller action with signature System.Threading.Tasks.Task`1[Microsoft.AspNetCore.Mvc.ActionResult`1[System.Collections.Generic.List`1[KanbanServer.Models.Ticket]]] GetAll() on controller KanbanServer.Controllers.TicketsController (KanbanServer).
2026-06-20 17:07:21.461 +09:00 [INF] Executed DbCommand (0ms) [Parameters=[], CommandType='"Text"', CommandTimeout='30']
SELECT "s"."Id", "s"."Holidays", "s"."HolidaysJson", "s"."LabelsJson", "s"."Users", "s"."UsersJson"
FROM "Settings" AS "s"
LIMIT 1
2026-06-20 17:07:21.468 +09:00 [INF] Executed DbCommand (6ms) [Parameters=[], CommandType='"Text"', CommandTimeout='30']
SELECT "s"."Id", "s"."Holidays", "s"."HolidaysJson", "s"."LabelsJson", "s"."Users", "s"."UsersJson"
FROM "Settings" AS "s"
LIMIT 1
2026-06-20 17:07:21.481 +09:00 [ERR] Failed executing DbCommand (11ms) [Parameters=[], CommandType='"Text"', CommandTimeout='30']
SELECT "t"."TicketId", "t"."Assignees", "t"."AssigneesJson", "t"."Category", "t"."ChildTasksJson", "t"."Column", "t"."CreatedAt", "t"."Effort", "t"."EndDate", "t"."Id", "t"."IsArchived", "t"."IsEmergency", "t"."IsLocked", "t"."Labels", "t"."LabelsJson", "t"."MainAssignee", "t"."Memo", "t"."Position", "t"."PreviousColumn", "t"."Progress", "t"."StartDate", "t"."Title"
FROM "Tickets" AS "t"
2026-06-20 17:07:21.490 +09:00 [ERR] An exception occurred while iterating over the results of a query for context type 'KanbanServer.Data.KanbanDbContext'.
Microsoft.Data.Sqlite.SqliteException (0x80004005): SQLite Error 1: 'no such column: t.CreatedAt'.
   at Microsoft.Data.Sqlite.SqliteException.ThrowExceptionForRC(Int32 rc, sqlite3 db)
   at Microsoft.Data.Sqlite.SqliteCommand.PrepareAndEnumerateStatements()+MoveNext()
   at Microsoft.Data.Sqlite.SqliteCommand.GetStatements()+MoveNext()
   at Microsoft.Data.Sqlite.SqliteDataReader.NextResult()
   at Microsoft.Data.Sqlite.SqliteCommand.ExecuteReader(CommandBehavior behavior)
   at Microsoft.Data.Sqlite.SqliteCommand.ExecuteReaderAsync(CommandBehavior behavior, CancellationToken cancellationToken)
   at Microsoft.Data.Sqlite.SqliteCommand.ExecuteDbDataReaderAsync(CommandBehavior behavior, CancellationToken cancellationToken)
   at Microsoft.EntityFrameworkCore.Storage.RelationalCommand.ExecuteReaderAsync(RelationalCommandParameterObject parameterObject, CancellationToken cancellationToken)
   at Microsoft.EntityFrameworkCore.Storage.RelationalCommand.ExecuteReaderAsync(RelationalCommandParameterObject parameterObject, CancellationToken cancellationToken)
   at Microsoft.EntityFrameworkCore.Query.Internal.SingleQueryingEnumerable`1.AsyncEnumerator.InitializeReaderAsync(AsyncEnumerator enumerator, CancellationToken cancellationToken)
   at Microsoft.EntityFrameworkCore.Query.Internal.SingleQueryingEnumerable`1.AsyncEnumerator.MoveNextAsync()
Microsoft.Data.Sqlite.SqliteException (0x80004005): SQLite Error 1: 'no such column: t.CreatedAt'.
   at Microsoft.Data.Sqlite.SqliteException.ThrowExceptionForRC(Int32 rc, sqlite3 db)
   at Microsoft.Data.Sqlite.SqliteCommand.PrepareAndEnumerateStatements()+MoveNext()
   at Microsoft.Data.Sqlite.SqliteCommand.GetStatements()+MoveNext()
   at Microsoft.Data.Sqlite.SqliteDataReader.NextResult()
   at Microsoft.Data.Sqlite.SqliteCommand.ExecuteReader(CommandBehavior behavior)
   at Microsoft.Data.Sqlite.SqliteCommand.ExecuteReaderAsync(CommandBehavior behavior, CancellationToken cancellationToken)
   at Microsoft.Data.Sqlite.SqliteCommand.ExecuteDbDataReaderAsync(CommandBehavior behavior, CancellationToken cancellationToken)
   at Microsoft.EntityFrameworkCore.Storage.RelationalCommand.ExecuteReaderAsync(RelationalCommandParameterObject parameterObject, CancellationToken cancellationToken)
   at Microsoft.EntityFrameworkCore.Storage.RelationalCommand.ExecuteReaderAsync(RelationalCommandParameterObject parameterObject, CancellationToken cancellationToken)
   at Microsoft.EntityFrameworkCore.Query.Internal.SingleQueryingEnumerable`1.AsyncEnumerator.InitializeReaderAsync(AsyncEnumerator enumerator, CancellationToken cancellationToken)
   at Microsoft.EntityFrameworkCore.Query.Internal.SingleQueryingEnumerable`1.AsyncEnumerator.MoveNextAsync()
2026-06-20 17:07:21.493 +09:00 [INF] Executing ObjectResult, writing value of type '<>f__AnonymousType0`1[[System.String, System.Private.CoreLib, Version=10.0.0.0, Culture=neutral, PublicKeyToken=7cec85d7bea7798e]]'.
2026-06-20 17:07:21.494 +09:00 [INF] Executed action KanbanServer.Controllers.TicketsController.GetAll (KanbanServer) in 80.0452ms
2026-06-20 17:07:21.497 +09:00 [INF] Executed endpoint 'KanbanServer.Controllers.TicketsController.GetAll (KanbanServer)'
2026-06-20 17:07:21.497 +09:00 [INF] Request finished HTTP/1.1 GET http://localhost:5000/api/tickets - 500 null application/json; charset=utf-8 88.7828ms
2026-06-20 17:07:21.499 +09:00 [ERR] Failed executing DbCommand (0ms) [Parameters=[], CommandType='"Text"', CommandTimeout='30']
SELECT "t"."TicketId", "t"."Assignees", "t"."AssigneesJson", "t"."Category", "t"."ChildTasksJson", "t"."Column", "t"."CreatedAt", "t"."Effort", "t"."EndDate", "t"."Id", "t"."IsArchived", "t"."IsEmergency", "t"."IsLocked", "t"."Labels", "t"."LabelsJson", "t"."MainAssignee", "t"."Memo", "t"."Position", "t"."PreviousColumn", "t"."Progress", "t"."StartDate", "t"."Title"
FROM "Tickets" AS "t"
WHERE length("t"."AssigneesJson") > 2
2026-06-20 17:07:21.499 +09:00 [ERR] Failed executing DbCommand (0ms) [Parameters=[], CommandType='"Text"', CommandTimeout='30']
SELECT "t"."TicketId", "t"."Assignees", "t"."AssigneesJson", "t"."Category", "t"."ChildTasksJson", "t"."Column", "t"."CreatedAt", "t"."Effort", "t"."EndDate", "t"."Id", "t"."IsArchived", "t"."IsEmergency", "t"."IsLocked", "t"."Labels", "t"."LabelsJson", "t"."MainAssignee", "t"."Memo", "t"."Position", "t"."PreviousColumn", "t"."Progress", "t"."StartDate", "t"."Title"
FROM "Tickets" AS "t"
WHERE length("t"."LabelsJson") > 2
2026-06-20 17:07:21.501 +09:00 [ERR] An exception occurred while iterating over the results of a query for context type 'KanbanServer.Data.KanbanDbContext'.
Microsoft.Data.Sqlite.SqliteException (0x80004005): SQLite Error 1: 'no such column: t.CreatedAt'.
   at Microsoft.Data.Sqlite.SqliteException.ThrowExceptionForRC(Int32 rc, sqlite3 db)
   at Microsoft.Data.Sqlite.SqliteCommand.PrepareAndEnumerateStatements()+MoveNext()
   at Microsoft.Data.Sqlite.SqliteCommand.GetStatements()+MoveNext()
   at Microsoft.Data.Sqlite.SqliteDataReader.NextResult()
   at Microsoft.Data.Sqlite.SqliteCommand.ExecuteReader(CommandBehavior behavior)
   at Microsoft.Data.Sqlite.SqliteCommand.ExecuteReaderAsync(CommandBehavior behavior, CancellationToken cancellationToken)
   at Microsoft.Data.Sqlite.SqliteCommand.ExecuteDbDataReaderAsync(CommandBehavior behavior, CancellationToken cancellationToken)
   at Microsoft.EntityFrameworkCore.Storage.RelationalCommand.ExecuteReaderAsync(RelationalCommandParameterObject parameterObject, CancellationToken cancellationToken)
   at Microsoft.EntityFrameworkCore.Storage.RelationalCommand.ExecuteReaderAsync(RelationalCommandParameterObject parameterObject, CancellationToken cancellationToken)
   at Microsoft.EntityFrameworkCore.Query.Internal.SingleQueryingEnumerable`1.AsyncEnumerator.InitializeReaderAsync(AsyncEnumerator enumerator, CancellationToken cancellationToken)
   at Microsoft.EntityFrameworkCore.Query.Internal.SingleQueryingEnumerable`1.AsyncEnumerator.MoveNextAsync()
Microsoft.Data.Sqlite.SqliteException (0x80004005): SQLite Error 1: 'no such column: t.CreatedAt'.
   at Microsoft.Data.Sqlite.SqliteException.ThrowExceptionForRC(Int32 rc, sqlite3 db)
   at Microsoft.Data.Sqlite.SqliteCommand.PrepareAndEnumerateStatements()+MoveNext()
   at Microsoft.Data.Sqlite.SqliteCommand.GetStatements()+MoveNext()
   at Microsoft.Data.Sqlite.SqliteDataReader.NextResult()
   at Microsoft.Data.Sqlite.SqliteCommand.ExecuteReader(CommandBehavior behavior)
   at Microsoft.Data.Sqlite.SqliteCommand.ExecuteReaderAsync(CommandBehavior behavior, CancellationToken cancellationToken)
   at Microsoft.Data.Sqlite.SqliteCommand.ExecuteDbDataReaderAsync(CommandBehavior behavior, CancellationToken cancellationToken)
   at Microsoft.EntityFrameworkCore.Storage.RelationalCommand.ExecuteReaderAsync(RelationalCommandParameterObject parameterObject, CancellationToken cancellationToken)
   at Microsoft.EntityFrameworkCore.Storage.RelationalCommand.ExecuteReaderAsync(RelationalCommandParameterObject parameterObject, CancellationToken cancellationToken)
   at Microsoft.EntityFrameworkCore.Query.Internal.SingleQueryingEnumerable`1.AsyncEnumerator.InitializeReaderAsync(AsyncEnumerator enumerator, CancellationToken cancellationToken)
   at Microsoft.EntityFrameworkCore.Query.Internal.SingleQueryingEnumerable`1.AsyncEnumerator.MoveNextAsync()
2026-06-20 17:07:21.504 +09:00 [ERR] An exception occurred while iterating over the results of a query for context type 'KanbanServer.Data.KanbanDbContext'.
Microsoft.Data.Sqlite.SqliteException (0x80004005): SQLite Error 1: 'no such column: t.CreatedAt'.
   at Microsoft.Data.Sqlite.SqliteException.ThrowExceptionForRC(Int32 rc, sqlite3 db)
   at Microsoft.Data.Sqlite.SqliteCommand.PrepareAndEnumerateStatements()+MoveNext()
   at Microsoft.Data.Sqlite.SqliteCommand.GetStatements()+MoveNext()
   at Microsoft.Data.Sqlite.SqliteDataReader.NextResult()
   at Microsoft.Data.Sqlite.SqliteCommand.ExecuteReader(CommandBehavior behavior)
   at Microsoft.Data.Sqlite.SqliteCommand.ExecuteReaderAsync(CommandBehavior behavior, CancellationToken cancellationToken)
   at Microsoft.Data.Sqlite.SqliteCommand.ExecuteDbDataReaderAsync(CommandBehavior behavior, CancellationToken cancellationToken)
   at Microsoft.EntityFrameworkCore.Storage.RelationalCommand.ExecuteReaderAsync(RelationalCommandParameterObject parameterObject, CancellationToken cancellationToken)
   at Microsoft.EntityFrameworkCore.Storage.RelationalCommand.ExecuteReaderAsync(RelationalCommandParameterObject parameterObject, CancellationToken cancellationToken)
   at Microsoft.EntityFrameworkCore.Query.Internal.SingleQueryingEnumerable`1.AsyncEnumerator.InitializeReaderAsync(AsyncEnumerator enumerator, CancellationToken cancellationToken)
   at Microsoft.EntityFrameworkCore.Query.Internal.SingleQueryingEnumerable`1.AsyncEnumerator.MoveNextAsync()
Microsoft.Data.Sqlite.SqliteException (0x80004005): SQLite Error 1: 'no such column: t.CreatedAt'.
   at Microsoft.Data.Sqlite.SqliteException.ThrowExceptionForRC(Int32 rc, sqlite3 db)
   at Microsoft.Data.Sqlite.SqliteCommand.PrepareAndEnumerateStatements()+MoveNext()
   at Microsoft.Data.Sqlite.SqliteCommand.GetStatements()+MoveNext()
   at Microsoft.Data.Sqlite.SqliteDataReader.NextResult()
   at Microsoft.Data.Sqlite.SqliteCommand.ExecuteReader(CommandBehavior behavior)
   at Microsoft.Data.Sqlite.SqliteCommand.ExecuteReaderAsync(CommandBehavior behavior, CancellationToken cancellationToken)
   at Microsoft.Data.Sqlite.SqliteCommand.ExecuteDbDataReaderAsync(CommandBehavior behavior, CancellationToken cancellationToken)
   at Microsoft.EntityFrameworkCore.Storage.RelationalCommand.ExecuteReaderAsync(RelationalCommandParameterObject parameterObject, CancellationToken cancellationToken)
   at Microsoft.EntityFrameworkCore.Storage.RelationalCommand.ExecuteReaderAsync(RelationalCommandParameterObject parameterObject, CancellationToken cancellationToken)
   at Microsoft.EntityFrameworkCore.Query.Internal.SingleQueryingEnumerable`1.AsyncEnumerator.InitializeReaderAsync(AsyncEnumerator enumerator, CancellationToken cancellationToken)
   at Microsoft.EntityFrameworkCore.Query.Internal.SingleQueryingEnumerable`1.AsyncEnumerator.MoveNextAsync()
2026-06-20 17:07:21.506 +09:00 [INF] Executed action KanbanServer.Controllers.TicketsController.GetLabelsSuggest (KanbanServer) in 95.0655ms
2026-06-20 17:07:21.506 +09:00 [INF] Executed action KanbanServer.Controllers.TicketsController.GetAssigneesSuggest (KanbanServer) in 93.7119ms
2026-06-20 17:07:21.507 +09:00 [INF] Executed endpoint 'KanbanServer.Controllers.TicketsController.GetLabelsSuggest (KanbanServer)'
2026-06-20 17:07:21.508 +09:00 [INF] Executed endpoint 'KanbanServer.Controllers.TicketsController.GetAssigneesSuggest (KanbanServer)'
2026-06-20 17:07:21.508 +09:00 [ERR] 認証ミドルウェアで予期せぬエラーが発生しました: Path=/api/tickets/labels/suggest
Microsoft.Data.Sqlite.SqliteException (0x80004005): SQLite Error 1: 'no such column: t.CreatedAt'.
   at Microsoft.Data.Sqlite.SqliteException.ThrowExceptionForRC(Int32 rc, sqlite3 db)
   at Microsoft.Data.Sqlite.SqliteCommand.PrepareAndEnumerateStatements()+MoveNext()
   at Microsoft.Data.Sqlite.SqliteCommand.GetStatements()+MoveNext()
   at Microsoft.Data.Sqlite.SqliteDataReader.NextResult()
   at Microsoft.Data.Sqlite.SqliteCommand.ExecuteReader(CommandBehavior behavior)
   at Microsoft.Data.Sqlite.SqliteCommand.ExecuteReaderAsync(CommandBehavior behavior, CancellationToken cancellationToken)
   at Microsoft.Data.Sqlite.SqliteCommand.ExecuteDbDataReaderAsync(CommandBehavior behavior, CancellationToken cancellationToken)
   at Microsoft.EntityFrameworkCore.Storage.RelationalCommand.ExecuteReaderAsync(RelationalCommandParameterObject parameterObject, CancellationToken cancellationToken)
   at Microsoft.EntityFrameworkCore.Storage.RelationalCommand.ExecuteReaderAsync(RelationalCommandParameterObject parameterObject, CancellationToken cancellationToken)
   at Microsoft.EntityFrameworkCore.Query.Internal.SingleQueryingEnumerable`1.AsyncEnumerator.InitializeReaderAsync(AsyncEnumerator enumerator, CancellationToken cancellationToken)
   at Microsoft.EntityFrameworkCore.Query.Internal.SingleQueryingEnumerable`1.AsyncEnumerator.MoveNextAsync()
   at Microsoft.EntityFrameworkCore.EntityFrameworkQueryableExtensions.ToListAsync[TSource](IQueryable`1 source, CancellationToken cancellationToken)
   at Microsoft.EntityFrameworkCore.EntityFrameworkQueryableExtensions.ToListAsync[TSource](IQueryable`1 source, CancellationToken cancellationToken)
   at KanbanServer.Services.TicketService.GetLabelsSuggestAsync() in C:\repos\mykanban\Services\TicketService.cs:line 424
   at KanbanServer.Controllers.TicketsController.GetLabelsSuggest() in C:\repos\mykanban\Controllers\TicketsController.cs:line 194
   at lambda_method63(Closure, Object)
   at Microsoft.AspNetCore.Mvc.Infrastructure.ActionMethodExecutor.AwaitableObjectResultExecutor.Execute(ActionContext actionContext, IActionResultTypeMapper mapper, ObjectMethodExecutor executor, Object controller, Object[] arguments)
   at Microsoft.AspNetCore.Mvc.Infrastructure.ControllerActionInvoker.<InvokeActionMethodAsync>g__Awaited|12_0(ControllerActionInvoker invoker, ValueTask`1 actionResultValueTask)
   at Microsoft.AspNetCore.Mvc.Infrastructure.ControllerActionInvoker.<InvokeNextActionFilterAsync>g__Awaited|10_0(ControllerActionInvoker invoker, Task lastTask, State next, Scope scope, Object state, Boolean isCompleted)
   at Microsoft.AspNetCore.Mvc.Infrastructure.ControllerActionInvoker.Rethrow(ActionExecutedContextSealed context)
   at Microsoft.AspNetCore.Mvc.Infrastructure.ControllerActionInvoker.Next(State& next, Scope& scope, Object& state, Boolean& isCompleted)
   at Microsoft.AspNetCore.Mvc.Infrastructure.ControllerActionInvoker.InvokeInnerFilterAsync()
--- End of stack trace from previous location ---
   at Microsoft.AspNetCore.Mvc.Infrastructure.ResourceInvoker.<InvokeFilterPipelineAsync>g__Awaited|20_0(ResourceInvoker invoker, Task lastTask, State next, Scope scope, Object state, Boolean isCompleted)
   at Microsoft.AspNetCore.Mvc.Infrastructure.ResourceInvoker.<InvokeAsync>g__Logged|17_1(ResourceInvoker invoker)
   at Microsoft.AspNetCore.Mvc.Infrastructure.ResourceInvoker.<InvokeAsync>g__Logged|17_1(ResourceInvoker invoker)
   at Microsoft.AspNetCore.Routing.EndpointMiddleware.<Invoke>g__AwaitRequestTask|7_0(Endpoint endpoint, Task requestTask, ILogger logger)
   at KanbanServer.Middleware.AuthMiddleware.InvokeAsync(HttpContext context) in C:\repos\mykanban\Middleware\AuthMiddleware.cs:line 74
2026-06-20 17:07:21.524 +09:00 [ERR] 認証ミドルウェアで予期せぬエラーが発生しました: Path=/api/tickets/assignees/suggest
Microsoft.Data.Sqlite.SqliteException (0x80004005): SQLite Error 1: 'no such column: t.CreatedAt'.
   at Microsoft.Data.Sqlite.SqliteException.ThrowExceptionForRC(Int32 rc, sqlite3 db)
   at Microsoft.Data.Sqlite.SqliteCommand.PrepareAndEnumerateStatements()+MoveNext()
   at Microsoft.Data.Sqlite.SqliteCommand.GetStatements()+MoveNext()
   at Microsoft.Data.Sqlite.SqliteDataReader.NextResult()
   at Microsoft.Data.Sqlite.SqliteCommand.ExecuteReader(CommandBehavior behavior)
   at Microsoft.Data.Sqlite.SqliteCommand.ExecuteReaderAsync(CommandBehavior behavior, CancellationToken cancellationToken)
   at Microsoft.Data.Sqlite.SqliteCommand.ExecuteDbDataReaderAsync(CommandBehavior behavior, CancellationToken cancellationToken)
   at Microsoft.EntityFrameworkCore.Storage.RelationalCommand.ExecuteReaderAsync(RelationalCommandParameterObject parameterObject, CancellationToken cancellationToken)
   at Microsoft.EntityFrameworkCore.Storage.RelationalCommand.ExecuteReaderAsync(RelationalCommandParameterObject parameterObject, CancellationToken cancellationToken)
   at Microsoft.EntityFrameworkCore.Query.Internal.SingleQueryingEnumerable`1.AsyncEnumerator.InitializeReaderAsync(AsyncEnumerator enumerator, CancellationToken cancellationToken)
   at Microsoft.EntityFrameworkCore.Query.Internal.SingleQueryingEnumerable`1.AsyncEnumerator.MoveNextAsync()
   at Microsoft.EntityFrameworkCore.EntityFrameworkQueryableExtensions.ToListAsync[TSource](IQueryable`1 source, CancellationToken cancellationToken)
   at Microsoft.EntityFrameworkCore.EntityFrameworkQueryableExtensions.ToListAsync[TSource](IQueryable`1 source, CancellationToken cancellationToken)
   at KanbanServer.Services.TicketService.GetAssigneesSuggestAsync() in C:\repos\mykanban\Services\TicketService.cs:line 469
   at KanbanServer.Controllers.TicketsController.GetAssigneesSuggest() in C:\repos\mykanban\Controllers\TicketsController.cs:line 204
   at lambda_method69(Closure, Object)
   at Microsoft.AspNetCore.Mvc.Infrastructure.ActionMethodExecutor.AwaitableObjectResultExecutor.Execute(ActionContext actionContext, IActionResultTypeMapper mapper, ObjectMethodExecutor executor, Object controller, Object[] arguments)
   at Microsoft.AspNetCore.Mvc.Infrastructure.ControllerActionInvoker.<InvokeActionMethodAsync>g__Awaited|12_0(ControllerActionInvoker invoker, ValueTask`1 actionResultValueTask)
   at Microsoft.AspNetCore.Mvc.Infrastructure.ControllerActionInvoker.<InvokeNextActionFilterAsync>g__Awaited|10_0(ControllerActionInvoker invoker, Task lastTask, State next, Scope scope, Object state, Boolean isCompleted)
   at Microsoft.AspNetCore.Mvc.Infrastructure.ControllerActionInvoker.Rethrow(ActionExecutedContextSealed context)
   at Microsoft.AspNetCore.Mvc.Infrastructure.ControllerActionInvoker.Next(State& next, Scope& scope, Object& state, Boolean& isCompleted)
   at Microsoft.AspNetCore.Mvc.Infrastructure.ControllerActionInvoker.InvokeInnerFilterAsync()
--- End of stack trace from previous location ---
   at Microsoft.AspNetCore.Mvc.Infrastructure.ResourceInvoker.<InvokeFilterPipelineAsync>g__Awaited|20_0(ResourceInvoker invoker, Task lastTask, State next, Scope scope, Object state, Boolean isCompleted)
   at Microsoft.AspNetCore.Mvc.Infrastructure.ResourceInvoker.<InvokeAsync>g__Logged|17_1(ResourceInvoker invoker)
   at Microsoft.AspNetCore.Mvc.Infrastructure.ResourceInvoker.<InvokeAsync>g__Logged|17_1(ResourceInvoker invoker)
   at Microsoft.AspNetCore.Routing.EndpointMiddleware.<Invoke>g__AwaitRequestTask|7_0(Endpoint endpoint, Task requestTask, ILogger logger)
   at KanbanServer.Middleware.AuthMiddleware.InvokeAsync(HttpContext context) in C:\repos\mykanban\Middleware\AuthMiddleware.cs:line 74
2026-06-20 17:07:21.529 +09:00 [INF] Request finished HTTP/1.1 GET http://localhost:5000/api/tickets/labels/suggest - 500 null application/json 124.8559ms
2026-06-20 17:07:21.530 +09:00 [INF] Request finished HTTP/1.1 GET http://localhost:5000/api/tickets/assignees/suggest - 500 null application/json 125.0484ms
2026-06-20 17:07:33.010 +09:00 [INF] Request starting HTTP/1.1 GET http://localhost:5000/.well-known/appspecific/com.chrome.devtools.json - null null
2026-06-20 17:07:33.015 +09:00 [INF] Request finished HTTP/1.1 GET http://localhost:5000/.well-known/appspecific/com.chrome.devtools.json - 404 0 null 4.7503ms
2026-06-20 17:07:33.019 +09:00 [INF] Request reached the end of the middleware pipeline without being handled by application code. Request path: GET http://localhost:5000/.well-known/appspecific/com.chrome.devtools.json, Response status code: 404
2026-06-20 17:09:52.674 +09:00 [INF] Executed DbCommand (18ms) [Parameters=[], CommandType='"Text"', CommandTimeout='30']
PRAGMA journal_mode = 'wal';
2026-06-20 17:09:52.788 +09:00 [INF] Executed DbCommand (0ms) [Parameters=[], CommandType='"Text"', CommandTimeout='30']
CREATE TABLE "Settings" (
    "Id" INTEGER NOT NULL CONSTRAINT "PK_Settings" PRIMARY KEY AUTOINCREMENT,
    "UsersJson" TEXT NOT NULL DEFAULT '[]',
    "LabelsJson" TEXT NOT NULL DEFAULT '[]',
    "HolidaysJson" TEXT NOT NULL DEFAULT '[]',
    "Users" TEXT NOT NULL,
    "Holidays" TEXT NOT NULL
);
2026-06-20 17:09:52.789 +09:00 [INF] Executed DbCommand (0ms) [Parameters=[], CommandType='"Text"', CommandTimeout='30']
CREATE TABLE "Tickets" (
    "TicketId" TEXT NOT NULL CONSTRAINT "PK_Tickets" PRIMARY KEY,
    "Id" INTEGER NOT NULL,
    "Title" TEXT NOT NULL,
    "IsArchived" INTEGER NOT NULL DEFAULT 0,
    "Column" TEXT NOT NULL DEFAULT 'todo',
    "PreviousColumn" TEXT NULL,
    "Position" REAL NOT NULL,
    "Progress" INTEGER NOT NULL,
    "StartDate" TEXT NULL,
    "EndDate" TEXT NULL,
    "Effort" INTEGER NULL,
    "IsLocked" INTEGER NOT NULL,
    "IsEmergency" INTEGER NOT NULL,
    "Category" TEXT NULL,
    "CreatedAt" TEXT NOT NULL,
    "AssigneesJson" TEXT NOT NULL DEFAULT '[]',
    "LabelsJson" TEXT NOT NULL DEFAULT '[]',
    "Assignees" TEXT NOT NULL,
    "MainAssignee" TEXT NULL,
    "Memo" TEXT NOT NULL,
    "ChildTasksJson" TEXT NOT NULL DEFAULT '[]',
    "Labels" TEXT NOT NULL
);
2026-06-20 17:09:52.789 +09:00 [INF] Executed DbCommand (0ms) [Parameters=[], CommandType='"Text"', CommandTimeout='30']
CREATE TABLE "TicketActuals" (
    "Id" INTEGER NOT NULL CONSTRAINT "PK_TicketActuals" PRIMARY KEY AUTOINCREMENT,
    "TicketId" TEXT NOT NULL,
    "Date" TEXT NOT NULL,
    "Hours" REAL NOT NULL,
    CONSTRAINT "FK_TicketActuals_Tickets_TicketId" FOREIGN KEY ("TicketId") REFERENCES "Tickets" ("TicketId") ON DELETE CASCADE
);
2026-06-20 17:09:52.789 +09:00 [INF] Executed DbCommand (0ms) [Parameters=[], CommandType='"Text"', CommandTimeout='30']
CREATE TABLE "TicketHistories" (
    "Id" INTEGER NOT NULL CONSTRAINT "PK_TicketHistories" PRIMARY KEY AUTOINCREMENT,
    "TicketId" TEXT NOT NULL,
    "Type" TEXT NOT NULL,
    "Value" TEXT NULL,
    "PreviousValue" TEXT NULL,
    "Date" TEXT NOT NULL,
    CONSTRAINT "FK_TicketHistories_Tickets_TicketId" FOREIGN KEY ("TicketId") REFERENCES "Tickets" ("TicketId") ON DELETE CASCADE
);
2026-06-20 17:09:52.789 +09:00 [INF] Executed DbCommand (0ms) [Parameters=[], CommandType='"Text"', CommandTimeout='30']
CREATE UNIQUE INDEX "IX_TicketActuals_TicketId_Date" ON "TicketActuals" ("TicketId", "Date");
2026-06-20 17:09:52.789 +09:00 [INF] Executed DbCommand (0ms) [Parameters=[], CommandType='"Text"', CommandTimeout='30']
CREATE INDEX "IX_TicketHistories_TicketId" ON "TicketHistories" ("TicketId");
2026-06-20 17:09:52.852 +09:00 [WRN] Overriding address(es) 'http://localhost:5171'. Binding to endpoints defined via IConfiguration and/or UseKestrel() instead.
2026-06-20 17:09:52.859 +09:00 [INF] Now listening on: http://0.0.0.0:5000
2026-06-20 17:09:52.859 +09:00 [INF] Application started. Press Ctrl+C to shut down.
2026-06-20 17:09:52.859 +09:00 [INF] Hosting environment: Development
2026-06-20 17:09:52.859 +09:00 [INF] Content root path: c:\repos\mykanban
2026-06-20 17:11:21.370 +09:00 [INF] Request starting HTTP/1.1 GET http://localhost:5000/ - null null
2026-06-20 17:11:21.388 +09:00 [INF] Executing endpoint 'Fallback {*path:nonfile}'
2026-06-20 17:11:21.394 +09:00 [INF] Executed endpoint 'Fallback {*path:nonfile}'
2026-06-20 17:11:21.396 +09:00 [INF] Request finished HTTP/1.1 GET http://localhost:5000/ - 200 null text/html; charset=utf-8 27.426ms
2026-06-20 17:11:21.399 +09:00 [INF] Request starting HTTP/1.1 GET http://localhost:5000/styles.css - null null
2026-06-20 17:11:21.403 +09:00 [INF] The file /styles.css was not modified
2026-06-20 17:11:21.403 +09:00 [INF] Request finished HTTP/1.1 GET http://localhost:5000/styles.css - 304 null text/css 4.1053ms
2026-06-20 17:11:21.404 +09:00 [INF] Request starting HTTP/1.1 GET http://localhost:5000/modules/modal.js - null null
2026-06-20 17:11:21.407 +09:00 [INF] CORS policy execution successful.
2026-06-20 17:11:21.407 +09:00 [INF] The file /modules/modal.js was not modified
2026-06-20 17:11:21.408 +09:00 [INF] Request finished HTTP/1.1 GET http://localhost:5000/modules/modal.js - 304 null text/javascript 3.6064ms
2026-06-20 17:11:22.050 +09:00 [INF] Request starting HTTP/1.1 GET http://localhost:5000/ - null null
2026-06-20 17:11:22.050 +09:00 [INF] Executing endpoint 'Fallback {*path:nonfile}'
2026-06-20 17:11:22.051 +09:00 [INF] Executed endpoint 'Fallback {*path:nonfile}'
2026-06-20 17:11:22.051 +09:00 [INF] Request finished HTTP/1.1 GET http://localhost:5000/ - 200 null text/html; charset=utf-8 1.2815ms
2026-06-20 17:11:22.057 +09:00 [INF] Request starting HTTP/1.1 GET http://localhost:5000/styles.css - null null
2026-06-20 17:11:22.057 +09:00 [INF] Request starting HTTP/1.1 GET http://localhost:5000/app.js - null null
2026-06-20 17:11:22.058 +09:00 [INF] CORS policy execution successful.
2026-06-20 17:11:22.063 +09:00 [INF] Sending file. Request path: '/styles.css'. Physical path: 'c:\repos\mykanban\bin\Debug\net10.0\wwwroot\styles.css'
2026-06-20 17:11:22.063 +09:00 [INF] Sending file. Request path: '/app.js'. Physical path: 'c:\repos\mykanban\bin\Debug\net10.0\wwwroot\app.js'
2026-06-20 17:11:22.063 +09:00 [INF] Request finished HTTP/1.1 GET http://localhost:5000/styles.css - 200 60737 text/css 5.7747ms
2026-06-20 17:11:22.064 +09:00 [INF] Request finished HTTP/1.1 GET http://localhost:5000/app.js - 200 23659 text/javascript 5.9275ms
2026-06-20 17:11:22.100 +09:00 [INF] Request starting HTTP/1.1 GET http://localhost:5000/modules/state.js - null null
2026-06-20 17:11:22.100 +09:00 [INF] Request starting HTTP/1.1 GET http://localhost:5000/modules/api.js - null null
2026-06-20 17:11:22.100 +09:00 [INF] CORS policy execution successful.
2026-06-20 17:11:22.100 +09:00 [INF] CORS policy execution successful.
2026-06-20 17:11:22.101 +09:00 [INF] Sending file. Request path: '/modules/api.js'. Physical path: 'c:\repos\mykanban\bin\Debug\net10.0\wwwroot\modules\api.js'
2026-06-20 17:11:22.101 +09:00 [INF] Request finished HTTP/1.1 GET http://localhost:5000/modules/api.js - 200 6109 text/javascript 0.8756ms
2026-06-20 17:11:22.101 +09:00 [INF] Sending file. Request path: '/modules/state.js'. Physical path: 'c:\repos\mykanban\bin\Debug\net10.0\wwwroot\modules\state.js'
2026-06-20 17:11:22.101 +09:00 [INF] Request finished HTTP/1.1 GET http://localhost:5000/modules/state.js - 200 20762 text/javascript 1.0489ms
2026-06-20 17:11:22.102 +09:00 [INF] Request starting HTTP/1.1 GET http://localhost:5000/modules/dragdrop.js - null null
2026-06-20 17:11:22.102 +09:00 [INF] Request starting HTTP/1.1 GET http://localhost:5000/modules/renderer.js - null null
2026-06-20 17:11:22.103 +09:00 [INF] CORS policy execution successful.
2026-06-20 17:11:22.103 +09:00 [INF] CORS policy execution successful.
2026-06-20 17:11:22.103 +09:00 [INF] Sending file. Request path: '/modules/dragdrop.js'. Physical path: 'c:\repos\mykanban\bin\Debug\net10.0\wwwroot\modules\dragdrop.js'
2026-06-20 17:11:22.103 +09:00 [INF] Request finished HTTP/1.1 GET http://localhost:5000/modules/dragdrop.js - 200 7088 text/javascript 0.8113ms
2026-06-20 17:11:22.103 +09:00 [INF] Sending file. Request path: '/modules/renderer.js'. Physical path: 'c:\repos\mykanban\bin\Debug\net10.0\wwwroot\modules\renderer.js'
2026-06-20 17:11:22.104 +09:00 [INF] Request finished HTTP/1.1 GET http://localhost:5000/modules/renderer.js - 200 29602 text/javascript 1.1445ms
2026-06-20 17:11:22.104 +09:00 [INF] Request starting HTTP/1.1 GET http://localhost:5000/modules/modal.js - null null
2026-06-20 17:11:22.104 +09:00 [INF] Request starting HTTP/1.1 GET http://localhost:5000/modules/labels.js - null null
2026-06-20 17:11:22.105 +09:00 [INF] CORS policy execution successful.
2026-06-20 17:11:22.105 +09:00 [INF] CORS policy execution successful.
2026-06-20 17:11:22.105 +09:00 [INF] Sending file. Request path: '/modules/modal.js'. Physical path: 'c:\repos\mykanban\bin\Debug\net10.0\wwwroot\modules\modal.js'
2026-06-20 17:11:22.105 +09:00 [INF] Request finished HTTP/1.1 GET http://localhost:5000/modules/modal.js - 200 21369 text/javascript 0.9779ms
2026-06-20 17:11:22.105 +09:00 [INF] Sending file. Request path: '/modules/labels.js'. Physical path: 'c:\repos\mykanban\bin\Debug\net10.0\wwwroot\modules\labels.js'
2026-06-20 17:11:22.106 +09:00 [INF] Request finished HTTP/1.1 GET http://localhost:5000/modules/labels.js - 200 5192 text/javascript 1.1335ms
2026-06-20 17:11:22.106 +09:00 [INF] Request starting HTTP/1.1 GET http://localhost:5000/modules/assignees.js - null null
2026-06-20 17:11:22.106 +09:00 [INF] CORS policy execution successful.
2026-06-20 17:11:22.107 +09:00 [INF] Sending file. Request path: '/modules/assignees.js'. Physical path: 'c:\repos\mykanban\bin\Debug\net10.0\wwwroot\modules\assignees.js'
2026-06-20 17:11:22.107 +09:00 [INF] Request finished HTTP/1.1 GET http://localhost:5000/modules/assignees.js - 200 8700 text/javascript 0.8507ms
2026-06-20 17:11:22.107 +09:00 [INF] Request starting HTTP/1.1 GET http://localhost:5000/modules/childtasks.js - null null
2026-06-20 17:11:22.107 +09:00 [INF] CORS policy execution successful.
2026-06-20 17:11:22.108 +09:00 [INF] Sending file. Request path: '/modules/childtasks.js'. Physical path: 'c:\repos\mykanban\bin\Debug\net10.0\wwwroot\modules\childtasks.js'
2026-06-20 17:11:22.108 +09:00 [INF] Request starting HTTP/1.1 GET http://localhost:5000/modules/history.js - null null
2026-06-20 17:11:22.108 +09:00 [INF] Request finished HTTP/1.1 GET http://localhost:5000/modules/childtasks.js - 200 11906 text/javascript 0.7488ms
2026-06-20 17:11:22.108 +09:00 [INF] CORS policy execution successful.
2026-06-20 17:11:22.109 +09:00 [INF] Sending file. Request path: '/modules/history.js'. Physical path: 'c:\repos\mykanban\bin\Debug\net10.0\wwwroot\modules\history.js'
2026-06-20 17:11:22.109 +09:00 [INF] Request starting HTTP/1.1 GET http://localhost:5000/modules/actual.js - null null
2026-06-20 17:11:22.109 +09:00 [INF] Request finished HTTP/1.1 GET http://localhost:5000/modules/history.js - 200 9423 text/javascript 0.8656ms
2026-06-20 17:11:22.109 +09:00 [INF] CORS policy execution successful.
2026-06-20 17:11:22.109 +09:00 [INF] Request starting HTTP/1.1 GET http://localhost:5000/modules/filter.js - null null
2026-06-20 17:11:22.110 +09:00 [INF] CORS policy execution successful.
2026-06-20 17:11:22.110 +09:00 [INF] Sending file. Request path: '/modules/filter.js'. Physical path: 'c:\repos\mykanban\bin\Debug\net10.0\wwwroot\modules\filter.js'
2026-06-20 17:11:22.110 +09:00 [INF] Sending file. Request path: '/modules/actual.js'. Physical path: 'c:\repos\mykanban\bin\Debug\net10.0\wwwroot\modules\actual.js'
2026-06-20 17:11:22.110 +09:00 [INF] Request finished HTTP/1.1 GET http://localhost:5000/modules/actual.js - 200 11688 text/javascript 1.2359ms
2026-06-20 17:11:22.110 +09:00 [INF] Request finished HTTP/1.1 GET http://localhost:5000/modules/filter.js - 200 7563 text/javascript 0.457ms
2026-06-20 17:11:22.111 +09:00 [INF] Request starting HTTP/1.1 GET http://localhost:5000/modules/memo.js - null null
2026-06-20 17:11:22.111 +09:00 [INF] Request starting HTTP/1.1 GET http://localhost:5000/modules/archive.js - null null
2026-06-20 17:11:22.111 +09:00 [INF] CORS policy execution successful.
2026-06-20 17:11:22.111 +09:00 [INF] CORS policy execution successful.
2026-06-20 17:11:22.112 +09:00 [INF] Sending file. Request path: '/modules/memo.js'. Physical path: 'c:\repos\mykanban\bin\Debug\net10.0\wwwroot\modules\memo.js'
2026-06-20 17:11:22.112 +09:00 [INF] Request finished HTTP/1.1 GET http://localhost:5000/modules/memo.js - 200 3562 text/javascript 0.7761ms
2026-06-20 17:11:22.112 +09:00 [INF] Sending file. Request path: '/modules/archive.js'. Physical path: 'c:\repos\mykanban\bin\Debug\net10.0\wwwroot\modules\archive.js'
2026-06-20 17:11:22.112 +09:00 [INF] Request finished HTTP/1.1 GET http://localhost:5000/modules/archive.js - 200 944 text/javascript 0.9544ms
2026-06-20 17:11:22.112 +09:00 [INF] Request starting HTTP/1.1 GET http://localhost:5000/modules/settings.js - null null
2026-06-20 17:11:22.112 +09:00 [INF] Request starting HTTP/1.1 GET http://localhost:5000/modules/auth.js - null null
2026-06-20 17:11:22.113 +09:00 [INF] CORS policy execution successful.
2026-06-20 17:11:22.113 +09:00 [INF] CORS policy execution successful.
2026-06-20 17:11:22.113 +09:00 [INF] Sending file. Request path: '/modules/auth.js'. Physical path: 'c:\repos\mykanban\bin\Debug\net10.0\wwwroot\modules\auth.js'
2026-06-20 17:11:22.113 +09:00 [INF] Sending file. Request path: '/modules/settings.js'. Physical path: 'c:\repos\mykanban\bin\Debug\net10.0\wwwroot\modules\settings.js'
2026-06-20 17:11:22.113 +09:00 [INF] Request finished HTTP/1.1 GET http://localhost:5000/modules/auth.js - 200 4113 text/javascript 0.5557ms
2026-06-20 17:11:22.113 +09:00 [INF] Request finished HTTP/1.1 GET http://localhost:5000/modules/settings.js - 200 28809 text/javascript 0.6039ms
2026-06-20 17:11:22.114 +09:00 [INF] Request starting HTTP/1.1 GET http://localhost:5000/modules/charts.js - null null
2026-06-20 17:11:22.114 +09:00 [INF] Request starting HTTP/1.1 GET http://localhost:5000/modules/logger.js - null null
2026-06-20 17:11:22.114 +09:00 [INF] CORS policy execution successful.
2026-06-20 17:11:22.114 +09:00 [INF] CORS policy execution successful.
2026-06-20 17:11:22.114 +09:00 [INF] Sending file. Request path: '/modules/charts.js'. Physical path: 'c:\repos\mykanban\bin\Debug\net10.0\wwwroot\modules\charts.js'
2026-06-20 17:11:22.115 +09:00 [INF] Request finished HTTP/1.1 GET http://localhost:5000/modules/charts.js - 200 46291 text/javascript 0.6744ms
2026-06-20 17:11:22.115 +09:00 [INF] Sending file. Request path: '/modules/logger.js'. Physical path: 'c:\repos\mykanban\bin\Debug\net10.0\wwwroot\modules\logger.js'
2026-06-20 17:11:22.115 +09:00 [INF] Request finished HTTP/1.1 GET http://localhost:5000/modules/logger.js - 200 6900 text/javascript 0.9569ms
2026-06-20 17:11:22.115 +09:00 [INF] Request starting HTTP/1.1 GET http://localhost:5000/modules/ticketService.js - null null
2026-06-20 17:11:22.115 +09:00 [INF] CORS policy execution successful.
2026-06-20 17:11:22.116 +09:00 [INF] Sending file. Request path: '/modules/ticketService.js'. Physical path: 'c:\repos\mykanban\bin\Debug\net10.0\wwwroot\modules\ticketService.js'
2026-06-20 17:11:22.116 +09:00 [INF] Request finished HTTP/1.1 GET http://localhost:5000/modules/ticketService.js - 200 1719 text/javascript 0.9269ms
2026-06-20 17:11:22.184 +09:00 [INF] Request starting HTTP/1.1 GET http://localhost:5000/favicon.ico - null null
2026-06-20 17:11:22.185 +09:00 [INF] Request finished HTTP/1.1 GET http://localhost:5000/favicon.ico - 404 0 null 0.7005ms
2026-06-20 17:11:22.185 +09:00 [INF] Request reached the end of the middleware pipeline without being handled by application code. Request path: GET http://localhost:5000/favicon.ico, Response status code: 404
2026-06-20 17:11:23.177 +09:00 [INF] Request starting HTTP/1.1 POST http://localhost:5000/api/auth/login - application/json 38
2026-06-20 17:11:23.178 +09:00 [INF] CORS policy execution successful.
2026-06-20 17:11:23.178 +09:00 [INF] Executing endpoint 'KanbanServer.Controllers.AuthController.Login (KanbanServer)'
2026-06-20 17:11:23.191 +09:00 [INF] Route matched with {action = "Login", controller = "Auth"}. Executing controller action with signature Microsoft.AspNetCore.Mvc.IActionResult Login(LoginRequest) on controller KanbanServer.Controllers.AuthController (KanbanServer).
2026-06-20 17:11:23.214 +09:00 [INF] Executing OkObjectResult, writing value of type '<>f__AnonymousType1`3[[System.String, System.Private.CoreLib, Version=10.0.0.0, Culture=neutral, PublicKeyToken=7cec85d7bea7798e],[System.Boolean, System.Private.CoreLib, Version=10.0.0.0, Culture=neutral, PublicKeyToken=7cec85d7bea7798e],[System.String, System.Private.CoreLib, Version=10.0.0.0, Culture=neutral, PublicKeyToken=7cec85d7bea7798e]]'.
2026-06-20 17:11:23.219 +09:00 [INF] Executed action KanbanServer.Controllers.AuthController.Login (KanbanServer) in 26.378ms
2026-06-20 17:11:23.220 +09:00 [INF] Executed endpoint 'KanbanServer.Controllers.AuthController.Login (KanbanServer)'
2026-06-20 17:11:23.220 +09:00 [INF] Request finished HTTP/1.1 POST http://localhost:5000/api/auth/login - 200 null application/json; charset=utf-8 42.8566ms
2026-06-20 17:11:23.222 +09:00 [INF] Request starting HTTP/1.1 GET http://localhost:5000/api/settings - null null
2026-06-20 17:11:23.224 +09:00 [INF] Executing endpoint 'KanbanServer.Controllers.SettingsController.Get (KanbanServer)'
2026-06-20 17:11:23.231 +09:00 [INF] Route matched with {action = "Get", controller = "Settings"}. Executing controller action with signature System.Threading.Tasks.Task`1[Microsoft.AspNetCore.Mvc.ActionResult`1[KanbanServer.Models.Setting]] Get() on controller KanbanServer.Controllers.SettingsController (KanbanServer).
2026-06-20 17:11:23.319 +09:00 [WRN] The query uses the 'First'/'FirstOrDefault' operator without 'OrderBy' and filter operators. This may lead to unpredictable results.
2026-06-20 17:11:23.513 +09:00 [INF] Executed DbCommand (1ms) [Parameters=[], CommandType='"Text"', CommandTimeout='30']
SELECT "s"."Id", "s"."Holidays", "s"."HolidaysJson", "s"."LabelsJson", "s"."Users", "s"."UsersJson"
FROM "Settings" AS "s"
LIMIT 1
2026-06-20 17:11:23.609 +09:00 [INF] Executed DbCommand (11ms) [Parameters=[@p0='?' (DbType = Int32), @p1='?' (Size = 2), @p2='?' (Size = 2), @p3='?' (Size = 2), @p4='?' (Size = 2), @p5='?' (Size = 2)], CommandType='"Text"', CommandTimeout='30']
INSERT INTO "Settings" ("Id", "Holidays", "HolidaysJson", "LabelsJson", "Users", "UsersJson")
VALUES (@p0, @p1, @p2, @p3, @p4, @p5);
2026-06-20 17:11:23.613 +09:00 [INF] Executing OkObjectResult, writing value of type 'KanbanServer.Models.Setting'.
2026-06-20 17:11:23.615 +09:00 [INF] Executed action KanbanServer.Controllers.SettingsController.Get (KanbanServer) in 384.6014ms
2026-06-20 17:11:23.615 +09:00 [INF] Executed endpoint 'KanbanServer.Controllers.SettingsController.Get (KanbanServer)'
2026-06-20 17:11:23.617 +09:00 [INF] Request starting HTTP/1.1 GET http://localhost:5000/api/tickets/labels/suggest - null null
2026-06-20 17:11:23.617 +09:00 [INF] Request starting HTTP/1.1 GET http://localhost:5000/api/tickets/assignees/suggest - null null
2026-06-20 17:11:23.618 +09:00 [INF] Request finished HTTP/1.1 GET http://localhost:5000/api/settings - 200 null application/json; charset=utf-8 395.5372ms
2026-06-20 17:11:23.618 +09:00 [INF] Request starting HTTP/1.1 GET http://localhost:5000/api/tickets - null null
2026-06-20 17:11:23.618 +09:00 [INF] Executing endpoint 'KanbanServer.Controllers.TicketsController.GetAssigneesSuggest (KanbanServer)'
2026-06-20 17:11:23.618 +09:00 [INF] Executing endpoint 'KanbanServer.Controllers.TicketsController.GetLabelsSuggest (KanbanServer)'
2026-06-20 17:11:23.618 +09:00 [INF] Executing endpoint 'KanbanServer.Controllers.TicketsController.GetAll (KanbanServer)'
2026-06-20 17:11:23.622 +09:00 [INF] Route matched with {action = "GetAssigneesSuggest", controller = "Tickets"}. Executing controller action with signature System.Threading.Tasks.Task`1[Microsoft.AspNetCore.Mvc.ActionResult`1[System.Collections.Generic.List`1[System.String]]] GetAssigneesSuggest() on controller KanbanServer.Controllers.TicketsController (KanbanServer).
2026-06-20 17:11:23.622 +09:00 [INF] Route matched with {action = "GetAll", controller = "Tickets"}. Executing controller action with signature System.Threading.Tasks.Task`1[Microsoft.AspNetCore.Mvc.ActionResult`1[System.Collections.Generic.List`1[KanbanServer.Models.Ticket]]] GetAll() on controller KanbanServer.Controllers.TicketsController (KanbanServer).
2026-06-20 17:11:23.622 +09:00 [INF] Route matched with {action = "GetLabelsSuggest", controller = "Tickets"}. Executing controller action with signature System.Threading.Tasks.Task`1[Microsoft.AspNetCore.Mvc.ActionResult`1[System.Collections.Generic.List`1[KanbanServer.Models.LabelSuggestDto]]] GetLabelsSuggest() on controller KanbanServer.Controllers.TicketsController (KanbanServer).
2026-06-20 17:11:23.667 +09:00 [INF] Executed DbCommand (0ms) [Parameters=[], CommandType='"Text"', CommandTimeout='30']
SELECT "s"."Id", "s"."Holidays", "s"."HolidaysJson", "s"."LabelsJson", "s"."Users", "s"."UsersJson"
FROM "Settings" AS "s"
LIMIT 1
2026-06-20 17:11:23.676 +09:00 [INF] Executed DbCommand (0ms) [Parameters=[], CommandType='"Text"', CommandTimeout='30']
SELECT "t"."TicketId", "t"."Assignees", "t"."AssigneesJson", "t"."Category", "t"."ChildTasksJson", "t"."Column", "t"."CreatedAt", "t"."Effort", "t"."EndDate", "t"."Id", "t"."IsArchived", "t"."IsEmergency", "t"."IsLocked", "t"."Labels", "t"."LabelsJson", "t"."MainAssignee", "t"."Memo", "t"."Position", "t"."PreviousColumn", "t"."Progress", "t"."StartDate", "t"."Title"
FROM "Tickets" AS "t"
2026-06-20 17:11:23.677 +09:00 [INF] Executing OkObjectResult, writing value of type 'System.Collections.Generic.List`1[[KanbanServer.Models.Ticket, KanbanServer, Version=1.0.0.0, Culture=neutral, PublicKeyToken=null]]'.
2026-06-20 17:11:23.679 +09:00 [INF] Executed DbCommand (11ms) [Parameters=[], CommandType='"Text"', CommandTimeout='30']
SELECT "s"."Id", "s"."Holidays", "s"."HolidaysJson", "s"."LabelsJson", "s"."Users", "s"."UsersJson"
FROM "Settings" AS "s"
LIMIT 1
2026-06-20 17:11:23.685 +09:00 [INF] Executed action KanbanServer.Controllers.TicketsController.GetAll (KanbanServer) in 63.189ms
2026-06-20 17:11:23.685 +09:00 [INF] Executed endpoint 'KanbanServer.Controllers.TicketsController.GetAll (KanbanServer)'
2026-06-20 17:11:23.685 +09:00 [INF] Request finished HTTP/1.1 GET http://localhost:5000/api/tickets - 200 null application/json; charset=utf-8 67.5657ms
2026-06-20 17:11:23.713 +09:00 [INF] Executed DbCommand (0ms) [Parameters=[], CommandType='"Text"', CommandTimeout='30']
SELECT "t"."TicketId", "t"."Assignees", "t"."AssigneesJson", "t"."Category", "t"."ChildTasksJson", "t"."Column", "t"."CreatedAt", "t"."Effort", "t"."EndDate", "t"."Id", "t"."IsArchived", "t"."IsEmergency", "t"."IsLocked", "t"."Labels", "t"."LabelsJson", "t"."MainAssignee", "t"."Memo", "t"."Position", "t"."PreviousColumn", "t"."Progress", "t"."StartDate", "t"."Title"
FROM "Tickets" AS "t"
WHERE length("t"."AssigneesJson") > 2
2026-06-20 17:11:23.713 +09:00 [INF] Executed DbCommand (0ms) [Parameters=[], CommandType='"Text"', CommandTimeout='30']
SELECT "t"."TicketId", "t"."Assignees", "t"."AssigneesJson", "t"."Category", "t"."ChildTasksJson", "t"."Column", "t"."CreatedAt", "t"."Effort", "t"."EndDate", "t"."Id", "t"."IsArchived", "t"."IsEmergency", "t"."IsLocked", "t"."Labels", "t"."LabelsJson", "t"."MainAssignee", "t"."Memo", "t"."Position", "t"."PreviousColumn", "t"."Progress", "t"."StartDate", "t"."Title"
FROM "Tickets" AS "t"
WHERE length("t"."LabelsJson") > 2
2026-06-20 17:11:23.713 +09:00 [INF] Executing OkObjectResult, writing value of type 'System.Collections.Generic.List`1[[System.String, System.Private.CoreLib, Version=10.0.0.0, Culture=neutral, PublicKeyToken=7cec85d7bea7798e]]'.
2026-06-20 17:11:23.713 +09:00 [INF] Executed action KanbanServer.Controllers.TicketsController.GetAssigneesSuggest (KanbanServer) in 91.4626ms
2026-06-20 17:11:23.713 +09:00 [INF] Executed endpoint 'KanbanServer.Controllers.TicketsController.GetAssigneesSuggest (KanbanServer)'
2026-06-20 17:11:23.714 +09:00 [INF] Request finished HTTP/1.1 GET http://localhost:5000/api/tickets/assignees/suggest - 200 null application/json; charset=utf-8 96.176ms
2026-06-20 17:11:23.714 +09:00 [INF] Executing OkObjectResult, writing value of type 'System.Collections.Generic.List`1[[KanbanServer.Models.LabelSuggestDto, KanbanServer, Version=1.0.0.0, Culture=neutral, PublicKeyToken=null]]'.
2026-06-20 17:11:23.714 +09:00 [INF] Executed action KanbanServer.Controllers.TicketsController.GetLabelsSuggest (KanbanServer) in 92.1004ms
2026-06-20 17:11:23.714 +09:00 [INF] Executed endpoint 'KanbanServer.Controllers.TicketsController.GetLabelsSuggest (KanbanServer)'
2026-06-20 17:11:23.714 +09:00 [INF] Request finished HTTP/1.1 GET http://localhost:5000/api/tickets/labels/suggest - 200 null application/json; charset=utf-8 97.0464ms
2026-06-20 17:11:28.887 +09:00 [INF] Request starting HTTP/1.1 POST http://localhost:5000/api/tickets - application/json 205
2026-06-20 17:11:28.887 +09:00 [INF] CORS policy execution successful.
2026-06-20 17:11:28.887 +09:00 [INF] Executing endpoint 'KanbanServer.Controllers.TicketsController.Create (KanbanServer)'
2026-06-20 17:11:28.894 +09:00 [INF] Route matched with {action = "Create", controller = "Tickets"}. Executing controller action with signature System.Threading.Tasks.Task`1[Microsoft.AspNetCore.Mvc.ActionResult`1[KanbanServer.Models.Ticket]] Create(KanbanServer.Models.TicketDto) on controller KanbanServer.Controllers.TicketsController (KanbanServer).
2026-06-20 17:11:28.925 +09:00 [INF] Executed DbCommand (0ms) [Parameters=[], CommandType='"Text"', CommandTimeout='30']
SELECT MAX("t"."Id")
FROM "Tickets" AS "t"
2026-06-20 17:11:28.940 +09:00 [INF] Executed DbCommand (0ms) [Parameters=[@column='?' (Size = 5)], CommandType='"Text"', CommandTimeout='30']
SELECT "t"."Position"
FROM "Tickets" AS "t"
WHERE "t"."Column" = @column
2026-06-20 17:11:29.019 +09:00 [INF] Executed DbCommand (1ms) [Parameters=[@p0='?' (Size = 32), @p1='?' (Size = 2), @p2='?' (Size = 2), @p3='?' (Size = 3), @p4='?' (Size = 2), @p5='?' (Size = 5), @p6='?' (DbType = DateTime), @p7='?' (DbType = Int32), @p8='?' (DbType = DateTime), @p9='?' (DbType = Int32), @p10='?' (DbType = Boolean), @p11='?' (DbType = Boolean), @p12='?' (Size = 2), @p13='?' (Size = 2), @p14='?', @p15='?', @p16='?' (DbType = Double), @p17='?', @p18='?' (DbType = Int32), @p19='?' (DbType = DateTime), @p20='?' (Size = 3)], CommandType='"Text"', CommandTimeout='30']
INSERT INTO "Tickets" ("TicketId", "Assignees", "AssigneesJson", "Category", "ChildTasksJson", "Column", "CreatedAt", "Effort", "EndDate", "Id", "IsEmergency", "IsLocked", "Labels", "LabelsJson", "MainAssignee", "Memo", "Position", "PreviousColumn", "Progress", "StartDate", "Title")
VALUES (@p0, @p1, @p2, @p3, @p4, @p5, @p6, @p7, @p8, @p9, @p10, @p11, @p12, @p13, @p14, @p15, @p16, @p17, @p18, @p19, @p20)
RETURNING "IsArchived";
2026-06-20 17:11:29.025 +09:00 [INF] Executed DbCommand (0ms) [Parameters=[@p0='?' (DbType = DateTime), @p1='?', @p2='?' (Size = 32), @p3='?' (Size = 7), @p4='?'], CommandType='"Text"', CommandTimeout='30']
INSERT INTO "TicketHistories" ("Date", "PreviousValue", "TicketId", "Type", "Value")
VALUES (@p0, @p1, @p2, @p3, @p4)
RETURNING "Id";
2026-06-20 17:11:29.036 +09:00 [INF] Executing CreatedAtActionResult, writing value of type 'KanbanServer.Models.Ticket'.
2026-06-20 17:11:29.048 +09:00 [INF] Executed action KanbanServer.Controllers.TicketsController.Create (KanbanServer) in 153.7218ms
2026-06-20 17:11:29.048 +09:00 [INF] Executed endpoint 'KanbanServer.Controllers.TicketsController.Create (KanbanServer)'
2026-06-20 17:11:29.049 +09:00 [INF] Request finished HTTP/1.1 POST http://localhost:5000/api/tickets - 201 null application/json; charset=utf-8 161.8495ms
2026-06-20 17:11:34.545 +09:00 [INF] Request starting HTTP/1.1 PUT http://localhost:5000/api/tickets/c63da4f1df0c4413b320b7478e1448eb - application/json 188
2026-06-20 17:11:34.547 +09:00 [INF] CORS policy execution successful.
2026-06-20 17:11:34.547 +09:00 [INF] Executing endpoint 'KanbanServer.Controllers.TicketsController.Update (KanbanServer)'
2026-06-20 17:11:34.557 +09:00 [INF] Route matched with {action = "Update", controller = "Tickets"}. Executing controller action with signature System.Threading.Tasks.Task`1[Microsoft.AspNetCore.Mvc.ActionResult`1[KanbanServer.Models.Ticket]] Update(System.String, KanbanServer.Models.TicketDto) on controller KanbanServer.Controllers.TicketsController (KanbanServer).
2026-06-20 17:11:34.573 +09:00 [INF] Executed DbCommand (0ms) [Parameters=[@p='?' (Size = 32)], CommandType='"Text"', CommandTimeout='30']
SELECT "t"."TicketId", "t"."Assignees", "t"."AssigneesJson", "t"."Category", "t"."ChildTasksJson", "t"."Column", "t"."CreatedAt", "t"."Effort", "t"."EndDate", "t"."Id", "t"."IsArchived", "t"."IsEmergency", "t"."IsLocked", "t"."Labels", "t"."LabelsJson", "t"."MainAssignee", "t"."Memo", "t"."Position", "t"."PreviousColumn", "t"."Progress", "t"."StartDate", "t"."Title"
FROM "Tickets" AS "t"
WHERE "t"."TicketId" = @p
LIMIT 1
2026-06-20 17:11:34.577 +09:00 [INF] Executing OkObjectResult, writing value of type 'KanbanServer.Models.Ticket'.
2026-06-20 17:11:34.577 +09:00 [INF] Executed action KanbanServer.Controllers.TicketsController.Update (KanbanServer) in 20.0869ms
2026-06-20 17:11:34.577 +09:00 [INF] Executed endpoint 'KanbanServer.Controllers.TicketsController.Update (KanbanServer)'
2026-06-20 17:11:34.577 +09:00 [INF] Request finished HTTP/1.1 PUT http://localhost:5000/api/tickets/c63da4f1df0c4413b320b7478e1448eb - 200 null application/json; charset=utf-8 31.6783ms
2026-06-20 17:11:38.301 +09:00 [INF] Request starting HTTP/1.1 POST http://localhost:5000/api/tickets - application/json 207
2026-06-20 17:11:38.301 +09:00 [INF] CORS policy execution successful.
2026-06-20 17:11:38.301 +09:00 [INF] Executing endpoint 'KanbanServer.Controllers.TicketsController.Create (KanbanServer)'
2026-06-20 17:11:38.301 +09:00 [INF] Route matched with {action = "Create", controller = "Tickets"}. Executing controller action with signature System.Threading.Tasks.Task`1[Microsoft.AspNetCore.Mvc.ActionResult`1[KanbanServer.Models.Ticket]] Create(KanbanServer.Models.TicketDto) on controller KanbanServer.Controllers.TicketsController (KanbanServer).
2026-06-20 17:11:38.305 +09:00 [INF] Executed DbCommand (0ms) [Parameters=[], CommandType='"Text"', CommandTimeout='30']
SELECT MAX("t"."Id")
FROM "Tickets" AS "t"
2026-06-20 17:11:38.305 +09:00 [INF] Executed DbCommand (0ms) [Parameters=[@column='?' (Size = 5)], CommandType='"Text"', CommandTimeout='30']
SELECT "t"."Position"
FROM "Tickets" AS "t"
WHERE "t"."Column" = @column
2026-06-20 17:11:38.308 +09:00 [INF] Executed DbCommand (0ms) [Parameters=[@p0='?' (Size = 32), @p1='?' (Size = 2), @p2='?' (Size = 2), @p3='?' (Size = 4), @p4='?' (Size = 2), @p5='?' (Size = 5), @p6='?' (DbType = DateTime), @p7='?' (DbType = Int32), @p8='?' (DbType = DateTime), @p9='?' (DbType = Int32), @p10='?' (DbType = Boolean), @p11='?' (DbType = Boolean), @p12='?' (Size = 2), @p13='?' (Size = 2), @p14='?', @p15='?', @p16='?' (DbType = Double), @p17='?', @p18='?' (DbType = Int32), @p19='?' (DbType = DateTime), @p20='?' (Size = 4)], CommandType='"Text"', CommandTimeout='30']
INSERT INTO "Tickets" ("TicketId", "Assignees", "AssigneesJson", "Category", "ChildTasksJson", "Column", "CreatedAt", "Effort", "EndDate", "Id", "IsEmergency", "IsLocked", "Labels", "LabelsJson", "MainAssignee", "Memo", "Position", "PreviousColumn", "Progress", "StartDate", "Title")
VALUES (@p0, @p1, @p2, @p3, @p4, @p5, @p6, @p7, @p8, @p9, @p10, @p11, @p12, @p13, @p14, @p15, @p16, @p17, @p18, @p19, @p20)
RETURNING "IsArchived";
2026-06-20 17:11:38.308 +09:00 [INF] Executed DbCommand (0ms) [Parameters=[@p0='?' (DbType = DateTime), @p1='?', @p2='?' (Size = 32), @p3='?' (Size = 7), @p4='?'], CommandType='"Text"', CommandTimeout='30']
INSERT INTO "TicketHistories" ("Date", "PreviousValue", "TicketId", "Type", "Value")
VALUES (@p0, @p1, @p2, @p3, @p4)
RETURNING "Id";
2026-06-20 17:11:38.309 +09:00 [INF] Executing CreatedAtActionResult, writing value of type 'KanbanServer.Models.Ticket'.
2026-06-20 17:11:38.310 +09:00 [INF] Executed action KanbanServer.Controllers.TicketsController.Create (KanbanServer) in 8.3822ms
2026-06-20 17:11:38.310 +09:00 [INF] Executed endpoint 'KanbanServer.Controllers.TicketsController.Create (KanbanServer)'
2026-06-20 17:11:38.310 +09:00 [INF] Request finished HTTP/1.1 POST http://localhost:5000/api/tickets - 201 null application/json; charset=utf-8 8.9228ms
2026-06-20 17:12:08.902 +09:00 [INF] Executed DbCommand (17ms) [Parameters=[], CommandType='"Text"', CommandTimeout='30']
SELECT COUNT(*) FROM "sqlite_master" WHERE "type" = 'table' AND "rootpage" IS NOT NULL;
2026-06-20 17:12:08.989 +09:00 [WRN] Overriding address(es) 'http://localhost:5171'. Binding to endpoints defined via IConfiguration and/or UseKestrel() instead.
2026-06-20 17:12:08.996 +09:00 [INF] Now listening on: http://0.0.0.0:5000
2026-06-20 17:12:08.997 +09:00 [INF] Application started. Press Ctrl+C to shut down.
2026-06-20 17:12:08.997 +09:00 [INF] Hosting environment: Development
2026-06-20 17:12:08.998 +09:00 [INF] Content root path: C:\repos\mykanban
2026-06-20 17:29:16.125 +09:00 [INF] Request starting HTTP/1.1 GET http://localhost:5000/ - null null
2026-06-20 17:29:16.151 +09:00 [INF] Executing endpoint 'Fallback {*path:nonfile}'
2026-06-20 17:29:16.162 +09:00 [INF] Executed endpoint 'Fallback {*path:nonfile}'
2026-06-20 17:29:16.168 +09:00 [INF] Request finished HTTP/1.1 GET http://localhost:5000/ - 200 null text/html; charset=utf-8 43.2951ms
2026-06-20 17:29:16.175 +09:00 [INF] Request starting HTTP/1.1 GET http://localhost:5000/styles.css - null null
2026-06-20 17:29:16.181 +09:00 [INF] The file /styles.css was not modified
2026-06-20 17:29:16.182 +09:00 [INF] Request finished HTTP/1.1 GET http://localhost:5000/styles.css - 304 null text/css 8.468ms
2026-06-20 17:29:16.269 +09:00 [INF] Request starting HTTP/1.1 GET http://localhost:5000/modules/renderer.js - null null
2026-06-20 17:29:16.278 +09:00 [INF] CORS policy execution successful.
2026-06-20 17:29:16.280 +09:00 [INF] The file /modules/renderer.js was not modified
2026-06-20 17:29:16.282 +09:00 [INF] Request finished HTTP/1.1 GET http://localhost:5000/modules/renderer.js - 304 null text/javascript 12.7392ms
2026-06-20 17:29:16.285 +09:00 [INF] Request starting HTTP/1.1 GET http://localhost:5000/modules/dragdrop.js - null null
2026-06-20 17:29:16.288 +09:00 [INF] CORS policy execution successful.
2026-06-20 17:29:16.289 +09:00 [INF] The file /modules/dragdrop.js was not modified
2026-06-20 17:29:16.290 +09:00 [INF] Request finished HTTP/1.1 GET http://localhost:5000/modules/dragdrop.js - 304 null text/javascript 4.6713ms
2026-06-20 17:29:16.293 +09:00 [INF] Request starting HTTP/1.1 GET http://localhost:5000/modules/modal.js - null null
2026-06-20 17:29:16.295 +09:00 [INF] CORS policy execution successful.
2026-06-20 17:29:16.296 +09:00 [INF] The file /modules/modal.js was not modified
2026-06-20 17:29:16.297 +09:00 [INF] Request finished HTTP/1.1 GET http://localhost:5000/modules/modal.js - 304 null text/javascript 3.9445ms
2026-06-20 17:29:16.305 +09:00 [INF] Request starting HTTP/1.1 GET http://localhost:5000/favicon.ico - null null
2026-06-20 17:29:16.308 +09:00 [INF] Request finished HTTP/1.1 GET http://localhost:5000/favicon.ico - 404 0 null 2.8053ms
2026-06-20 17:29:16.311 +09:00 [INF] Request reached the end of the middleware pipeline without being handled by application code. Request path: GET http://localhost:5000/favicon.ico, Response status code: 404
2026-06-20 17:29:16.674 +09:00 [INF] Request starting HTTP/1.1 GET http://localhost:5000/ - null null
2026-06-20 17:29:16.676 +09:00 [INF] Executing endpoint 'Fallback {*path:nonfile}'
2026-06-20 17:29:16.677 +09:00 [INF] Executed endpoint 'Fallback {*path:nonfile}'
2026-06-20 17:29:16.678 +09:00 [INF] Request finished HTTP/1.1 GET http://localhost:5000/ - 200 null text/html; charset=utf-8 4.0334ms
2026-06-20 17:29:16.684 +09:00 [INF] Request starting HTTP/1.1 GET http://localhost:5000/styles.css - null null
2026-06-20 17:29:16.686 +09:00 [INF] Request starting HTTP/1.1 GET http://localhost:5000/app.js - null null
2026-06-20 17:29:16.687 +09:00 [INF] CORS policy execution successful.
2026-06-20 17:29:16.692 +09:00 [INF] Sending file. Request path: '/styles.css'. Physical path: 'C:\repos\mykanban\bin\Debug\net10.0\wwwroot\styles.css'
2026-06-20 17:29:16.693 +09:00 [INF] Sending file. Request path: '/app.js'. Physical path: 'C:\repos\mykanban\bin\Debug\net10.0\wwwroot\app.js'
2026-06-20 17:29:16.694 +09:00 [INF] Request finished HTTP/1.1 GET http://localhost:5000/styles.css - 200 60737 text/css 9.883ms
2026-06-20 17:29:16.694 +09:00 [INF] Request finished HTTP/1.1 GET http://localhost:5000/app.js - 200 23659 text/javascript 8.2452ms
2026-06-20 17:29:16.698 +09:00 [INF] Request starting HTTP/1.1 GET http://localhost:5000/modules/renderer.js - null null
2026-06-20 17:29:16.698 +09:00 [INF] Request starting HTTP/1.1 GET http://localhost:5000/modules/dragdrop.js - null null
2026-06-20 17:29:16.698 +09:00 [INF] Request starting HTTP/1.1 GET http://localhost:5000/modules/state.js - null null
2026-06-20 17:29:16.698 +09:00 [INF] Request starting HTTP/1.1 GET http://localhost:5000/modules/modal.js - null null
2026-06-20 17:29:16.698 +09:00 [INF] Request starting HTTP/1.1 GET http://localhost:5000/modules/api.js - null null
2026-06-20 17:29:16.708 +09:00 [INF] CORS policy execution successful.
2026-06-20 17:29:16.708 +09:00 [INF] CORS policy execution successful.
2026-06-20 17:29:16.708 +09:00 [INF] CORS policy execution successful.
2026-06-20 17:29:16.708 +09:00 [INF] CORS policy execution successful.
2026-06-20 17:29:16.708 +09:00 [INF] CORS policy execution successful.
2026-06-20 17:29:16.712 +09:00 [INF] Sending file. Request path: '/modules/dragdrop.js'. Physical path: 'C:\repos\mykanban\bin\Debug\net10.0\wwwroot\modules\dragdrop.js'
2026-06-20 17:29:16.712 +09:00 [INF] Sending file. Request path: '/modules/state.js'. Physical path: 'C:\repos\mykanban\bin\Debug\net10.0\wwwroot\modules\state.js'
2026-06-20 17:29:16.715 +09:00 [INF] Sending file. Request path: '/modules/renderer.js'. Physical path: 'C:\repos\mykanban\bin\Debug\net10.0\wwwroot\modules\renderer.js'
2026-06-20 17:29:16.715 +09:00 [INF] Sending file. Request path: '/modules/modal.js'. Physical path: 'C:\repos\mykanban\bin\Debug\net10.0\wwwroot\modules\modal.js'
2026-06-20 17:29:16.715 +09:00 [INF] Sending file. Request path: '/modules/api.js'. Physical path: 'C:\repos\mykanban\bin\Debug\net10.0\wwwroot\modules\api.js'
2026-06-20 17:29:16.715 +09:00 [INF] Request finished HTTP/1.1 GET http://localhost:5000/modules/state.js - 200 20762 text/javascript 17.0833ms
2026-06-20 17:29:16.721 +09:00 [INF] Request finished HTTP/1.1 GET http://localhost:5000/modules/api.js - 200 6109 text/javascript 20.8624ms
2026-06-20 17:29:16.721 +09:00 [INF] Request finished HTTP/1.1 GET http://localhost:5000/modules/modal.js - 200 21369 text/javascript 23.4134ms
2026-06-20 17:29:16.721 +09:00 [INF] Request finished HTTP/1.1 GET http://localhost:5000/modules/renderer.js - 200 29602 text/javascript 23.4233ms
2026-06-20 17:29:16.721 +09:00 [INF] Request finished HTTP/1.1 GET http://localhost:5000/modules/dragdrop.js - 200 7088 text/javascript 17.1293ms
2026-06-20 17:29:16.731 +09:00 [INF] Request starting HTTP/1.1 GET http://localhost:5000/modules/labels.js - null null
2026-06-20 17:29:16.733 +09:00 [INF] Request starting HTTP/1.1 GET http://localhost:5000/modules/history.js - null null
2026-06-20 17:29:16.733 +09:00 [INF] Request starting HTTP/1.1 GET http://localhost:5000/modules/assignees.js - null null
2026-06-20 17:29:16.733 +09:00 [INF] Request starting HTTP/1.1 GET http://localhost:5000/modules/actual.js - null null
2026-06-20 17:29:16.733 +09:00 [INF] Request starting HTTP/1.1 GET http://localhost:5000/modules/childtasks.js - null null
2026-06-20 17:29:16.741 +09:00 [INF] CORS policy execution successful.
2026-06-20 17:29:16.742 +09:00 [INF] CORS policy execution successful.
2026-06-20 17:29:16.743 +09:00 [INF] CORS policy execution successful.
2026-06-20 17:29:16.743 +09:00 [INF] CORS policy execution successful.
2026-06-20 17:29:16.744 +09:00 [INF] CORS policy execution successful.
2026-06-20 17:29:16.745 +09:00 [INF] Sending file. Request path: '/modules/labels.js'. Physical path: 'C:\repos\mykanban\bin\Debug\net10.0\wwwroot\modules\labels.js'
2026-06-20 17:29:16.746 +09:00 [INF] Sending file. Request path: '/modules/childtasks.js'. Physical path: 'C:\repos\mykanban\bin\Debug\net10.0\wwwroot\modules\childtasks.js'
2026-06-20 17:29:16.747 +09:00 [INF] Sending file. Request path: '/modules/actual.js'. Physical path: 'C:\repos\mykanban\bin\Debug\net10.0\wwwroot\modules\actual.js'
2026-06-20 17:29:16.747 +09:00 [INF] Sending file. Request path: '/modules/history.js'. Physical path: 'C:\repos\mykanban\bin\Debug\net10.0\wwwroot\modules\history.js'
2026-06-20 17:29:16.747 +09:00 [INF] Request finished HTTP/1.1 GET http://localhost:5000/modules/childtasks.js - 200 11906 text/javascript 13.7545ms
2026-06-20 17:29:16.747 +09:00 [INF] Request finished HTTP/1.1 GET http://localhost:5000/modules/labels.js - 200 5192 text/javascript 14.5778ms
2026-06-20 17:29:16.748 +09:00 [INF] Sending file. Request path: '/modules/assignees.js'. Physical path: 'C:\repos\mykanban\bin\Debug\net10.0\wwwroot\modules\assignees.js'
2026-06-20 17:29:16.754 +09:00 [INF] Request finished HTTP/1.1 GET http://localhost:5000/modules/actual.js - 200 11688 text/javascript 14.8739ms
2026-06-20 17:29:16.758 +09:00 [INF] Request finished HTTP/1.1 GET http://localhost:5000/modules/assignees.js - 200 8700 text/javascript 21.8578ms
2026-06-20 17:29:16.758 +09:00 [INF] Request starting HTTP/1.1 GET http://localhost:5000/modules/archive.js - null null
2026-06-20 17:29:16.758 +09:00 [INF] Request finished HTTP/1.1 GET http://localhost:5000/modules/history.js - 200 9423 text/javascript 21.8705ms
2026-06-20 17:29:16.758 +09:00 [INF] Request starting HTTP/1.1 GET http://localhost:5000/modules/filter.js - null null
2026-06-20 17:29:16.760 +09:00 [INF] Request starting HTTP/1.1 GET http://localhost:5000/modules/memo.js - null null
2026-06-20 17:29:16.769 +09:00 [INF] Request starting HTTP/1.1 GET http://localhost:5000/modules/auth.js - null null
2026-06-20 17:29:16.769 +09:00 [INF] Request starting HTTP/1.1 GET http://localhost:5000/modules/settings.js - null null
2026-06-20 17:29:16.773 +09:00 [INF] CORS policy execution successful.
2026-06-20 17:29:16.773 +09:00 [INF] CORS policy execution successful.
2026-06-20 17:29:16.774 +09:00 [INF] CORS policy execution successful.
2026-06-20 17:29:16.775 +09:00 [INF] CORS policy execution successful.
2026-06-20 17:29:16.774 +09:00 [INF] CORS policy execution successful.
2026-06-20 17:29:16.777 +09:00 [INF] Sending file. Request path: '/modules/memo.js'. Physical path: 'C:\repos\mykanban\bin\Debug\net10.0\wwwroot\modules\memo.js'
2026-06-20 17:29:16.777 +09:00 [INF] Sending file. Request path: '/modules/archive.js'. Physical path: 'C:\repos\mykanban\bin\Debug\net10.0\wwwroot\modules\archive.js'
2026-06-20 17:29:16.779 +09:00 [INF] Sending file. Request path: '/modules/filter.js'. Physical path: 'C:\repos\mykanban\bin\Debug\net10.0\wwwroot\modules\filter.js'
2026-06-20 17:29:16.779 +09:00 [INF] Sending file. Request path: '/modules/auth.js'. Physical path: 'C:\repos\mykanban\bin\Debug\net10.0\wwwroot\modules\auth.js'
2026-06-20 17:29:16.779 +09:00 [INF] Request finished HTTP/1.1 GET http://localhost:5000/modules/archive.js - 200 944 text/javascript 21.3595ms
2026-06-20 17:29:16.784 +09:00 [INF] Sending file. Request path: '/modules/settings.js'. Physical path: 'C:\repos\mykanban\bin\Debug\net10.0\wwwroot\modules\settings.js'
2026-06-20 17:29:16.784 +09:00 [INF] Request finished HTTP/1.1 GET http://localhost:5000/modules/filter.js - 200 7563 text/javascript 26.5841ms
2026-06-20 17:29:16.784 +09:00 [INF] Request finished HTTP/1.1 GET http://localhost:5000/modules/memo.js - 200 3562 text/javascript 18.9086ms
2026-06-20 17:29:16.786 +09:00 [INF] Request finished HTTP/1.1 GET http://localhost:5000/modules/auth.js - 200 4113 text/javascript 12.8376ms
2026-06-20 17:29:16.793 +09:00 [INF] Request starting HTTP/1.1 GET http://localhost:5000/modules/logger.js - null null
2026-06-20 17:29:16.793 +09:00 [INF] Request starting HTTP/1.1 GET http://localhost:5000/modules/ticketService.js - null null
2026-06-20 17:29:16.793 +09:00 [INF] Request finished HTTP/1.1 GET http://localhost:5000/modules/settings.js - 200 28809 text/javascript 16.6082ms
2026-06-20 17:29:16.793 +09:00 [INF] Request starting HTTP/1.1 GET http://localhost:5000/modules/charts.js - null null
2026-06-20 17:29:16.802 +09:00 [INF] CORS policy execution successful.
2026-06-20 17:29:16.802 +09:00 [INF] CORS policy execution successful.
2026-06-20 17:29:16.802 +09:00 [INF] CORS policy execution successful.
2026-06-20 17:29:16.804 +09:00 [INF] Sending file. Request path: '/modules/ticketService.js'. Physical path: 'C:\repos\mykanban\bin\Debug\net10.0\wwwroot\modules\ticketService.js'
2026-06-20 17:29:16.804 +09:00 [INF] Sending file. Request path: '/modules/logger.js'. Physical path: 'C:\repos\mykanban\bin\Debug\net10.0\wwwroot\modules\logger.js'
2026-06-20 17:29:16.807 +09:00 [INF] Sending file. Request path: '/modules/charts.js'. Physical path: 'C:\repos\mykanban\bin\Debug\net10.0\wwwroot\modules\charts.js'
2026-06-20 17:29:16.807 +09:00 [INF] Request finished HTTP/1.1 GET http://localhost:5000/modules/logger.js - 200 6900 text/javascript 13.573ms
2026-06-20 17:29:16.809 +09:00 [INF] Request finished HTTP/1.1 GET http://localhost:5000/modules/ticketService.js - 200 1719 text/javascript 13.5999ms
2026-06-20 17:29:16.814 +09:00 [INF] Request finished HTTP/1.1 GET http://localhost:5000/modules/charts.js - 200 46291 text/javascript 15.2014ms
2026-06-20 17:29:16.817 +09:00 [INF] Request starting HTTP/1.1 GET http://localhost:5000/favicon.ico - null null
2026-06-20 17:29:16.820 +09:00 [INF] Request finished HTTP/1.1 GET http://localhost:5000/favicon.ico - 404 0 null 2.7177ms
2026-06-20 17:29:16.822 +09:00 [INF] Request reached the end of the middleware pipeline without being handled by application code. Request path: GET http://localhost:5000/favicon.ico, Response status code: 404
2026-06-20 17:29:17.762 +09:00 [INF] Request starting HTTP/1.1 POST http://localhost:5000/api/auth/login - application/json 38
2026-06-20 17:29:17.768 +09:00 [INF] CORS policy execution successful.
2026-06-20 17:29:17.769 +09:00 [INF] Executing endpoint 'KanbanServer.Controllers.AuthController.Login (KanbanServer)'
2026-06-20 17:29:17.793 +09:00 [INF] Route matched with {action = "Login", controller = "Auth"}. Executing controller action with signature Microsoft.AspNetCore.Mvc.IActionResult Login(LoginRequest) on controller KanbanServer.Controllers.AuthController (KanbanServer).
2026-06-20 17:29:17.838 +09:00 [INF] Executing OkObjectResult, writing value of type '<>f__AnonymousType1`3[[System.String, System.Private.CoreLib, Version=10.0.0.0, Culture=neutral, PublicKeyToken=7cec85d7bea7798e],[System.Boolean, System.Private.CoreLib, Version=10.0.0.0, Culture=neutral, PublicKeyToken=7cec85d7bea7798e],[System.String, System.Private.CoreLib, Version=10.0.0.0, Culture=neutral, PublicKeyToken=7cec85d7bea7798e]]'.
2026-06-20 17:29:17.846 +09:00 [INF] Executed action KanbanServer.Controllers.AuthController.Login (KanbanServer) in 48.7243ms
2026-06-20 17:29:17.847 +09:00 [INF] Executed endpoint 'KanbanServer.Controllers.AuthController.Login (KanbanServer)'
2026-06-20 17:29:17.848 +09:00 [INF] Request finished HTTP/1.1 POST http://localhost:5000/api/auth/login - 200 null application/json; charset=utf-8 86.2454ms
2026-06-20 17:29:17.851 +09:00 [INF] Request starting HTTP/1.1 GET http://localhost:5000/api/settings - null null
2026-06-20 17:29:17.853 +09:00 [INF] Executing endpoint 'KanbanServer.Controllers.SettingsController.Get (KanbanServer)'
2026-06-20 17:29:17.859 +09:00 [INF] Route matched with {action = "Get", controller = "Settings"}. Executing controller action with signature System.Threading.Tasks.Task`1[Microsoft.AspNetCore.Mvc.ActionResult`1[KanbanServer.Models.Setting]] Get() on controller KanbanServer.Controllers.SettingsController (KanbanServer).
2026-06-20 17:29:17.984 +09:00 [WRN] The query uses the 'First'/'FirstOrDefault' operator without 'OrderBy' and filter operators. This may lead to unpredictable results.
2026-06-20 17:29:18.271 +09:00 [INF] Executed DbCommand (5ms) [Parameters=[], CommandType='"Text"', CommandTimeout='30']
SELECT "s"."Id", "s"."Holidays", "s"."HolidaysJson", "s"."LabelsJson", "s"."Users", "s"."UsersJson"
FROM "Settings" AS "s"
LIMIT 1
2026-06-20 17:29:18.328 +09:00 [INF] Executing OkObjectResult, writing value of type 'KanbanServer.Models.Setting'.
2026-06-20 17:29:18.332 +09:00 [INF] Executed action KanbanServer.Controllers.SettingsController.Get (KanbanServer) in 471.9431ms
2026-06-20 17:29:18.333 +09:00 [INF] Executed endpoint 'KanbanServer.Controllers.SettingsController.Get (KanbanServer)'
2026-06-20 17:29:18.335 +09:00 [INF] Request starting HTTP/1.1 GET http://localhost:5000/api/tickets/labels/suggest - null null
2026-06-20 17:29:18.336 +09:00 [INF] Request starting HTTP/1.1 GET http://localhost:5000/api/tickets/assignees/suggest - null null
2026-06-20 17:29:18.337 +09:00 [INF] Executing endpoint 'KanbanServer.Controllers.TicketsController.GetLabelsSuggest (KanbanServer)'
2026-06-20 17:29:18.337 +09:00 [INF] Request finished HTTP/1.1 GET http://localhost:5000/api/settings - 200 null application/json; charset=utf-8 485.8784ms
2026-06-20 17:29:18.338 +09:00 [INF] Executing endpoint 'KanbanServer.Controllers.TicketsController.GetAssigneesSuggest (KanbanServer)'
2026-06-20 17:29:18.339 +09:00 [INF] Request starting HTTP/1.1 GET http://localhost:5000/api/tickets - null null
2026-06-20 17:29:18.339 +09:00 [INF] Executing endpoint 'KanbanServer.Controllers.TicketsController.GetAll (KanbanServer)'
2026-06-20 17:29:18.342 +09:00 [INF] Route matched with {action = "GetLabelsSuggest", controller = "Tickets"}. Executing controller action with signature System.Threading.Tasks.Task`1[Microsoft.AspNetCore.Mvc.ActionResult`1[System.Collections.Generic.List`1[KanbanServer.Models.LabelSuggestDto]]] GetLabelsSuggest() on controller KanbanServer.Controllers.TicketsController (KanbanServer).
2026-06-20 17:29:18.343 +09:00 [INF] Route matched with {action = "GetAssigneesSuggest", controller = "Tickets"}. Executing controller action with signature System.Threading.Tasks.Task`1[Microsoft.AspNetCore.Mvc.ActionResult`1[System.Collections.Generic.List`1[System.String]]] GetAssigneesSuggest() on controller KanbanServer.Controllers.TicketsController (KanbanServer).
2026-06-20 17:29:18.344 +09:00 [INF] Route matched with {action = "GetAll", controller = "Tickets"}. Executing controller action with signature System.Threading.Tasks.Task`1[Microsoft.AspNetCore.Mvc.ActionResult`1[System.Collections.Generic.List`1[KanbanServer.Models.Ticket]]] GetAll() on controller KanbanServer.Controllers.TicketsController (KanbanServer).
2026-06-20 17:29:18.399 +09:00 [INF] Executed DbCommand (0ms) [Parameters=[], CommandType='"Text"', CommandTimeout='30']
SELECT "s"."Id", "s"."Holidays", "s"."HolidaysJson", "s"."LabelsJson", "s"."Users", "s"."UsersJson"
FROM "Settings" AS "s"
LIMIT 1
2026-06-20 17:29:18.407 +09:00 [INF] Executed DbCommand (0ms) [Parameters=[], CommandType='"Text"', CommandTimeout='30']
SELECT "t"."TicketId", "t"."Assignees", "t"."AssigneesJson", "t"."Category", "t"."ChildTasksJson", "t"."Column", "t"."CreatedAt", "t"."Effort", "t"."EndDate", "t"."Id", "t"."IsArchived", "t"."IsEmergency", "t"."IsLocked", "t"."Labels", "t"."LabelsJson", "t"."MainAssignee", "t"."Memo", "t"."Position", "t"."PreviousColumn", "t"."Progress", "t"."StartDate", "t"."Title"
FROM "Tickets" AS "t"
2026-06-20 17:29:18.408 +09:00 [INF] Executed DbCommand (8ms) [Parameters=[], CommandType='"Text"', CommandTimeout='30']
SELECT "s"."Id", "s"."Holidays", "s"."HolidaysJson", "s"."LabelsJson", "s"."Users", "s"."UsersJson"
FROM "Settings" AS "s"
LIMIT 1
2026-06-20 17:29:18.434 +09:00 [INF] Executed DbCommand (0ms) [Parameters=[], CommandType='"Text"', CommandTimeout='30']
SELECT "t"."TicketId", "t"."Assignees", "t"."AssigneesJson", "t"."Category", "t"."ChildTasksJson", "t"."Column", "t"."CreatedAt", "t"."Effort", "t"."EndDate", "t"."Id", "t"."IsArchived", "t"."IsEmergency", "t"."IsLocked", "t"."Labels", "t"."LabelsJson", "t"."MainAssignee", "t"."Memo", "t"."Position", "t"."PreviousColumn", "t"."Progress", "t"."StartDate", "t"."Title"
FROM "Tickets" AS "t"
WHERE length("t"."LabelsJson") > 2
2026-06-20 17:29:18.436 +09:00 [INF] Executed DbCommand (1ms) [Parameters=[], CommandType='"Text"', CommandTimeout='30']
SELECT "t"."TicketId", "t"."Assignees", "t"."AssigneesJson", "t"."Category", "t"."ChildTasksJson", "t"."Column", "t"."CreatedAt", "t"."Effort", "t"."EndDate", "t"."Id", "t"."IsArchived", "t"."IsEmergency", "t"."IsLocked", "t"."Labels", "t"."LabelsJson", "t"."MainAssignee", "t"."Memo", "t"."Position", "t"."PreviousColumn", "t"."Progress", "t"."StartDate", "t"."Title"
FROM "Tickets" AS "t"
WHERE length("t"."AssigneesJson") > 2
2026-06-20 17:29:18.436 +09:00 [INF] Executing OkObjectResult, writing value of type 'System.Collections.Generic.List`1[[KanbanServer.Models.LabelSuggestDto, KanbanServer, Version=1.0.0.0, Culture=neutral, PublicKeyToken=null]]'.
2026-06-20 17:29:18.437 +09:00 [INF] Executing OkObjectResult, writing value of type 'System.Collections.Generic.List`1[[System.String, System.Private.CoreLib, Version=10.0.0.0, Culture=neutral, PublicKeyToken=7cec85d7bea7798e]]'.
2026-06-20 17:29:18.438 +09:00 [INF] Executed action KanbanServer.Controllers.TicketsController.GetLabelsSuggest (KanbanServer) in 94.9738ms
2026-06-20 17:29:18.438 +09:00 [INF] Executed endpoint 'KanbanServer.Controllers.TicketsController.GetLabelsSuggest (KanbanServer)'
2026-06-20 17:29:18.438 +09:00 [INF] Executed action KanbanServer.Controllers.TicketsController.GetAssigneesSuggest (KanbanServer) in 94.7215ms
2026-06-20 17:29:18.440 +09:00 [INF] Executed endpoint 'KanbanServer.Controllers.TicketsController.GetAssigneesSuggest (KanbanServer)'
2026-06-20 17:29:18.441 +09:00 [INF] Request finished HTTP/1.1 GET http://localhost:5000/api/tickets/labels/suggest - 200 null application/json; charset=utf-8 106.3049ms
2026-06-20 17:29:18.441 +09:00 [INF] Request finished HTTP/1.1 GET http://localhost:5000/api/tickets/assignees/suggest - 200 null application/json; charset=utf-8 105.3505ms
2026-06-20 17:29:18.447 +09:00 [INF] Executing OkObjectResult, writing value of type 'System.Collections.Generic.List`1[[KanbanServer.Models.Ticket, KanbanServer, Version=1.0.0.0, Culture=neutral, PublicKeyToken=null]]'.
2026-06-20 17:29:18.458 +09:00 [INF] Executed action KanbanServer.Controllers.TicketsController.GetAll (KanbanServer) in 114.2609ms
2026-06-20 17:29:18.459 +09:00 [INF] Executed endpoint 'KanbanServer.Controllers.TicketsController.GetAll (KanbanServer)'
2026-06-20 17:29:18.460 +09:00 [INF] Request finished HTTP/1.1 GET http://localhost:5000/api/tickets - 200 null application/json; charset=utf-8 121.3386ms
2026-06-20 17:29:25.797 +09:00 [INF] Request starting HTTP/1.1 GET http://localhost:5000/api/tickets/c63da4f1df0c4413b320b7478e1448eb/history - null null
2026-06-20 17:29:25.800 +09:00 [INF] Executing endpoint 'KanbanServer.Controllers.TicketsController.GetHistory (KanbanServer)'
2026-06-20 17:29:25.813 +09:00 [INF] Route matched with {action = "GetHistory", controller = "Tickets"}. Executing controller action with signature System.Threading.Tasks.Task`1[Microsoft.AspNetCore.Mvc.ActionResult`1[System.Collections.Generic.List`1[KanbanServer.Models.TicketHistory]]] GetHistory(System.String) on controller KanbanServer.Controllers.TicketsController (KanbanServer).
2026-06-20 17:29:25.862 +09:00 [INF] Executed DbCommand (3ms) [Parameters=[@p='?' (Size = 32)], CommandType='"Text"', CommandTimeout='30']
SELECT "t"."TicketId", "t"."Assignees", "t"."AssigneesJson", "t"."Category", "t"."ChildTasksJson", "t"."Column", "t"."CreatedAt", "t"."Effort", "t"."EndDate", "t"."Id", "t"."IsArchived", "t"."IsEmergency", "t"."IsLocked", "t"."Labels", "t"."LabelsJson", "t"."MainAssignee", "t"."Memo", "t"."Position", "t"."PreviousColumn", "t"."Progress", "t"."StartDate", "t"."Title"
FROM "Tickets" AS "t"
WHERE "t"."TicketId" = @p
LIMIT 1
2026-06-20 17:29:25.877 +09:00 [INF] Executed DbCommand (0ms) [Parameters=[@ticketId='?' (Size = 32)], CommandType='"Text"', CommandTimeout='30']
SELECT "t"."Id", "t"."Date", "t"."PreviousValue", "t"."TicketId", "t"."Type", "t"."Value"
FROM "TicketHistories" AS "t"
WHERE "t"."TicketId" = @ticketId
ORDER BY "t"."Date" DESC, "t"."Type"
2026-06-20 17:29:25.889 +09:00 [INF] Executing OkObjectResult, writing value of type 'System.Collections.Generic.List`1[[KanbanServer.Models.TicketHistory, KanbanServer, Version=1.0.0.0, Culture=neutral, PublicKeyToken=null]]'.
2026-06-20 17:29:25.893 +09:00 [INF] Executed action KanbanServer.Controllers.TicketsController.GetHistory (KanbanServer) in 77.9664ms
2026-06-20 17:29:25.894 +09:00 [INF] Executed endpoint 'KanbanServer.Controllers.TicketsController.GetHistory (KanbanServer)'
2026-06-20 17:29:25.895 +09:00 [INF] Request finished HTTP/1.1 GET http://localhost:5000/api/tickets/c63da4f1df0c4413b320b7478e1448eb/history - 200 null application/json; charset=utf-8 97.9157ms
2026-06-20 17:33:26.591 +09:00 [INF] Executed DbCommand (7ms) [Parameters=[], CommandType='"Text"', CommandTimeout='30']
SELECT COUNT(*) FROM "sqlite_master" WHERE "type" = 'table' AND "rootpage" IS NOT NULL;
2026-06-20 17:33:26.680 +09:00 [WRN] Overriding address(es) 'http://localhost:5171'. Binding to endpoints defined via IConfiguration and/or UseKestrel() instead.
2026-06-20 17:33:26.687 +09:00 [INF] Now listening on: http://0.0.0.0:5000
2026-06-20 17:33:26.688 +09:00 [INF] Application started. Press Ctrl+C to shut down.
2026-06-20 17:33:26.688 +09:00 [INF] Hosting environment: Development
2026-06-20 17:33:26.689 +09:00 [INF] Content root path: C:\repos\mykanban
2026-06-20 17:33:28.511 +09:00 [INF] Request starting HTTP/1.1 GET http://localhost:5000/ - null null
2026-06-20 17:33:28.531 +09:00 [INF] Executing endpoint 'Fallback {*path:nonfile}'
2026-06-20 17:33:28.538 +09:00 [INF] Executed endpoint 'Fallback {*path:nonfile}'
2026-06-20 17:33:28.541 +09:00 [INF] Request finished HTTP/1.1 GET http://localhost:5000/ - 200 null text/html; charset=utf-8 31.3692ms
2026-06-20 17:33:28.545 +09:00 [INF] Request starting HTTP/1.1 GET http://localhost:5000/styles.css - null null
2026-06-20 17:33:28.562 +09:00 [INF] Sending file. Request path: '/styles.css'. Physical path: 'C:\repos\mykanban\bin\Debug\net10.0\wwwroot\styles.css'
2026-06-20 17:33:28.563 +09:00 [INF] Request finished HTTP/1.1 GET http://localhost:5000/styles.css - 200 60736 text/css 18.2581ms
2026-06-20 17:33:28.566 +09:00 [INF] Request starting HTTP/1.1 GET http://localhost:5000/modules/modal.js - null null
2026-06-20 17:33:28.570 +09:00 [INF] CORS policy execution successful.
2026-06-20 17:33:28.572 +09:00 [INF] The file /modules/modal.js was not modified
2026-06-20 17:33:28.573 +09:00 [INF] Request finished HTTP/1.1 GET http://localhost:5000/modules/modal.js - 304 null text/javascript 6.8048ms
2026-06-20 17:33:30.332 +09:00 [INF] Request starting HTTP/1.1 GET http://localhost:5000/ - null null
2026-06-20 17:33:30.336 +09:00 [INF] Executing endpoint 'Fallback {*path:nonfile}'
2026-06-20 17:33:30.338 +09:00 [INF] Executed endpoint 'Fallback {*path:nonfile}'
2026-06-20 17:33:30.339 +09:00 [INF] Request finished HTTP/1.1 GET http://localhost:5000/ - 200 null text/html; charset=utf-8 6.6856ms
2026-06-20 17:33:30.343 +09:00 [INF] Request starting HTTP/1.1 GET http://localhost:5000/styles.css - null null
2026-06-20 17:33:30.346 +09:00 [INF] Request starting HTTP/1.1 GET http://localhost:5000/app.js - null null
2026-06-20 17:33:30.350 +09:00 [INF] CORS policy execution successful.
2026-06-20 17:33:30.351 +09:00 [INF] Sending file. Request path: '/styles.css'. Physical path: 'C:\repos\mykanban\bin\Debug\net10.0\wwwroot\styles.css'
2026-06-20 17:33:30.353 +09:00 [INF] Request finished HTTP/1.1 GET http://localhost:5000/styles.css - 200 60736 text/css 9.9434ms
2026-06-20 17:33:30.357 +09:00 [INF] Sending file. Request path: '/app.js'. Physical path: 'C:\repos\mykanban\bin\Debug\net10.0\wwwroot\app.js'
2026-06-20 17:33:30.358 +09:00 [INF] Request finished HTTP/1.1 GET http://localhost:5000/app.js - 200 23659 text/javascript 12.4748ms
2026-06-20 17:33:30.385 +09:00 [INF] Request starting HTTP/1.1 GET http://localhost:5000/modules/state.js - null null
2026-06-20 17:33:30.385 +09:00 [INF] Request starting HTTP/1.1 GET http://localhost:5000/modules/api.js - null null
2026-06-20 17:33:30.392 +09:00 [INF] Request starting HTTP/1.1 GET http://localhost:5000/modules/renderer.js - null null
2026-06-20 17:33:30.392 +09:00 [INF] Request starting HTTP/1.1 GET http://localhost:5000/modules/dragdrop.js - null null
2026-06-20 17:33:30.398 +09:00 [INF] CORS policy execution successful.
2026-06-20 17:33:30.399 +09:00 [INF] CORS policy execution successful.
2026-06-20 17:33:30.399 +09:00 [INF] CORS policy execution successful.
2026-06-20 17:33:30.401 +09:00 [INF] CORS policy execution successful.
2026-06-20 17:33:30.402 +09:00 [INF] Sending file. Request path: '/modules/api.js'. Physical path: 'C:\repos\mykanban\bin\Debug\net10.0\wwwroot\modules\api.js'
2026-06-20 17:33:30.404 +09:00 [INF] Sending file. Request path: '/modules/dragdrop.js'. Physical path: 'C:\repos\mykanban\bin\Debug\net10.0\wwwroot\modules\dragdrop.js'
2026-06-20 17:33:30.404 +09:00 [INF] Sending file. Request path: '/modules/state.js'. Physical path: 'C:\repos\mykanban\bin\Debug\net10.0\wwwroot\modules\state.js'
2026-06-20 17:33:30.404 +09:00 [INF] Request finished HTTP/1.1 GET http://localhost:5000/modules/api.js - 200 6109 text/javascript 18.291ms
2026-06-20 17:33:30.411 +09:00 [INF] Sending file. Request path: '/modules/renderer.js'. Physical path: 'C:\repos\mykanban\bin\Debug\net10.0\wwwroot\modules\renderer.js'
2026-06-20 17:33:30.413 +09:00 [INF] Request finished HTTP/1.1 GET http://localhost:5000/modules/dragdrop.js - 200 7088 text/javascript 19.2795ms
2026-06-20 17:33:30.413 +09:00 [INF] Request finished HTTP/1.1 GET http://localhost:5000/modules/renderer.js - 200 29602 text/javascript 21.0372ms
2026-06-20 17:33:30.413 +09:00 [INF] Request finished HTTP/1.1 GET http://localhost:5000/modules/state.js - 200 20762 text/javascript 25.6789ms
2026-06-20 17:33:30.424 +09:00 [INF] Request starting HTTP/1.1 GET http://localhost:5000/modules/modal.js - null null
2026-06-20 17:33:30.424 +09:00 [INF] Request starting HTTP/1.1 GET http://localhost:5000/modules/labels.js - null null
2026-06-20 17:33:30.427 +09:00 [INF] Request starting HTTP/1.1 GET http://localhost:5000/modules/assignees.js - null null
2026-06-20 17:33:30.427 +09:00 [INF] Request starting HTTP/1.1 GET http://localhost:5000/modules/childtasks.js - null null
2026-06-20 17:33:30.438 +09:00 [INF] CORS policy execution successful.
2026-06-20 17:33:30.438 +09:00 [INF] CORS policy execution successful.
2026-06-20 17:33:30.438 +09:00 [INF] CORS policy execution successful.
2026-06-20 17:33:30.440 +09:00 [INF] CORS policy execution successful.
2026-06-20 17:33:30.441 +09:00 [INF] Sending file. Request path: '/modules/labels.js'. Physical path: 'C:\repos\mykanban\bin\Debug\net10.0\wwwroot\modules\labels.js'
2026-06-20 17:33:30.443 +09:00 [INF] Sending file. Request path: '/modules/modal.js'. Physical path: 'C:\repos\mykanban\bin\Debug\net10.0\wwwroot\modules\modal.js'
2026-06-20 17:33:30.443 +09:00 [INF] Sending file. Request path: '/modules/childtasks.js'. Physical path: 'C:\repos\mykanban\bin\Debug\net10.0\wwwroot\modules\childtasks.js'
2026-06-20 17:33:30.443 +09:00 [INF] Request finished HTTP/1.1 GET http://localhost:5000/modules/labels.js - 200 5192 text/javascript 18.7561ms
2026-06-20 17:33:30.448 +09:00 [INF] Sending file. Request path: '/modules/assignees.js'. Physical path: 'C:\repos\mykanban\bin\Debug\net10.0\wwwroot\modules\assignees.js'
2026-06-20 17:33:30.449 +09:00 [INF] Request finished HTTP/1.1 GET http://localhost:5000/modules/assignees.js - 200 8700 text/javascript 21.6074ms
2026-06-20 17:33:30.449 +09:00 [INF] Request finished HTTP/1.1 GET http://localhost:5000/modules/childtasks.js - 200 11906 text/javascript 20.4013ms
2026-06-20 17:33:30.449 +09:00 [INF] Request finished HTTP/1.1 GET http://localhost:5000/modules/modal.js - 200 21369 text/javascript 23.8506ms
2026-06-20 17:33:30.458 +09:00 [INF] Request starting HTTP/1.1 GET http://localhost:5000/modules/history.js - null null
2026-06-20 17:33:30.460 +09:00 [INF] Request starting HTTP/1.1 GET http://localhost:5000/modules/actual.js - null null
2026-06-20 17:33:30.460 +09:00 [INF] Request starting HTTP/1.1 GET http://localhost:5000/modules/filter.js - null null
2026-06-20 17:33:30.460 +09:00 [INF] Request starting HTTP/1.1 GET http://localhost:5000/modules/archive.js - null null
2026-06-20 17:33:30.466 +09:00 [INF] CORS policy execution successful.
2026-06-20 17:33:30.467 +09:00 [INF] CORS policy execution successful.
2026-06-20 17:33:30.467 +09:00 [INF] CORS policy execution successful.
2026-06-20 17:33:30.467 +09:00 [INF] CORS policy execution successful.
2026-06-20 17:33:30.469 +09:00 [INF] Sending file. Request path: '/modules/archive.js'. Physical path: 'C:\repos\mykanban\bin\Debug\net10.0\wwwroot\modules\archive.js'
2026-06-20 17:33:30.469 +09:00 [INF] Sending file. Request path: '/modules/history.js'. Physical path: 'C:\repos\mykanban\bin\Debug\net10.0\wwwroot\modules\history.js'
2026-06-20 17:33:30.469 +09:00 [INF] Sending file. Request path: '/modules/actual.js'. Physical path: 'C:\repos\mykanban\bin\Debug\net10.0\wwwroot\modules\actual.js'
2026-06-20 17:33:30.469 +09:00 [INF] Sending file. Request path: '/modules/filter.js'. Physical path: 'C:\repos\mykanban\bin\Debug\net10.0\wwwroot\modules\filter.js'
2026-06-20 17:33:30.474 +09:00 [INF] Request finished HTTP/1.1 GET http://localhost:5000/modules/archive.js - 200 944 text/javascript 10.6627ms
2026-06-20 17:33:30.474 +09:00 [INF] Request finished HTTP/1.1 GET http://localhost:5000/modules/history.js - 200 9423 text/javascript 15.9776ms
2026-06-20 17:33:30.474 +09:00 [INF] Request finished HTTP/1.1 GET http://localhost:5000/modules/actual.js - 200 11688 text/javascript 14.0321ms
2026-06-20 17:33:30.474 +09:00 [INF] Request finished HTTP/1.1 GET http://localhost:5000/modules/filter.js - 200 7563 text/javascript 14.0185ms
2026-06-20 17:33:30.485 +09:00 [INF] Request starting HTTP/1.1 GET http://localhost:5000/modules/auth.js - null null
2026-06-20 17:33:30.485 +09:00 [INF] Request starting HTTP/1.1 GET http://localhost:5000/modules/logger.js - null null
2026-06-20 17:33:30.485 +09:00 [INF] Request starting HTTP/1.1 GET http://localhost:5000/modules/memo.js - null null
2026-06-20 17:33:30.485 +09:00 [INF] Request starting HTTP/1.1 GET http://localhost:5000/modules/settings.js - null null
2026-06-20 17:33:30.493 +09:00 [INF] CORS policy execution successful.
2026-06-20 17:33:30.493 +09:00 [INF] CORS policy execution successful.
2026-06-20 17:33:30.493 +09:00 [INF] CORS policy execution successful.
2026-06-20 17:33:30.493 +09:00 [INF] CORS policy execution successful.
2026-06-20 17:33:30.496 +09:00 [INF] Sending file. Request path: '/modules/memo.js'. Physical path: 'C:\repos\mykanban\bin\Debug\net10.0\wwwroot\modules\memo.js'
2026-06-20 17:33:30.498 +09:00 [INF] Sending file. Request path: '/modules/settings.js'. Physical path: 'C:\repos\mykanban\bin\Debug\net10.0\wwwroot\modules\settings.js'
2026-06-20 17:33:30.498 +09:00 [INF] Sending file. Request path: '/modules/auth.js'. Physical path: 'C:\repos\mykanban\bin\Debug\net10.0\wwwroot\modules\auth.js'
2026-06-20 17:33:30.498 +09:00 [INF] Request finished HTTP/1.1 GET http://localhost:5000/modules/memo.js - 200 3562 text/javascript 12.7992ms
2026-06-20 17:33:30.498 +09:00 [INF] Sending file. Request path: '/modules/logger.js'. Physical path: 'C:\repos\mykanban\bin\Debug\net10.0\wwwroot\modules\logger.js'
2026-06-20 17:33:30.505 +09:00 [INF] Request finished HTTP/1.1 GET http://localhost:5000/modules/logger.js - 200 6900 text/javascript 19.5163ms
2026-06-20 17:33:30.505 +09:00 [INF] Request finished HTTP/1.1 GET http://localhost:5000/modules/settings.js - 200 28809 text/javascript 19.5175ms
2026-06-20 17:33:30.505 +09:00 [INF] Request finished HTTP/1.1 GET http://localhost:5000/modules/auth.js - 200 4113 text/javascript 19.5093ms
2026-06-20 17:33:30.505 +09:00 [INF] Request starting HTTP/1.1 GET http://localhost:5000/modules/charts.js - null null
2026-06-20 17:33:30.516 +09:00 [INF] Request starting HTTP/1.1 GET http://localhost:5000/modules/ticketService.js - null null
2026-06-20 17:33:30.518 +09:00 [INF] CORS policy execution successful.
2026-06-20 17:33:30.519 +09:00 [INF] CORS policy execution successful.
2026-06-20 17:33:30.521 +09:00 [INF] Sending file. Request path: '/modules/ticketService.js'. Physical path: 'C:\repos\mykanban\bin\Debug\net10.0\wwwroot\modules\ticketService.js'
2026-06-20 17:33:30.522 +09:00 [INF] Sending file. Request path: '/modules/charts.js'. Physical path: 'C:\repos\mykanban\bin\Debug\net10.0\wwwroot\modules\charts.js'
2026-06-20 17:33:30.522 +09:00 [INF] Request finished HTTP/1.1 GET http://localhost:5000/modules/ticketService.js - 200 1719 text/javascript 5.841ms
2026-06-20 17:33:30.527 +09:00 [INF] Request finished HTTP/1.1 GET http://localhost:5000/modules/charts.js - 200 46291 text/javascript 22.2134ms
2026-06-20 17:33:30.530 +09:00 [INF] Request starting HTTP/1.1 GET http://localhost:5000/favicon.ico - null null
2026-06-20 17:33:30.533 +09:00 [INF] Request finished HTTP/1.1 GET http://localhost:5000/favicon.ico - 404 0 null 2.6548ms
2026-06-20 17:33:30.537 +09:00 [INF] Request reached the end of the middleware pipeline without being handled by application code. Request path: GET http://localhost:5000/favicon.ico, Response status code: 404
2026-06-20 17:33:31.729 +09:00 [INF] Request starting HTTP/1.1 POST http://localhost:5000/api/auth/login - application/json 38
2026-06-20 17:33:31.736 +09:00 [INF] CORS policy execution successful.
2026-06-20 17:33:31.738 +09:00 [INF] Executing endpoint 'KanbanServer.Controllers.AuthController.Login (KanbanServer)'
2026-06-20 17:33:31.751 +09:00 [INF] Route matched with {action = "Login", controller = "Auth"}. Executing controller action with signature Microsoft.AspNetCore.Mvc.IActionResult Login(LoginRequest) on controller KanbanServer.Controllers.AuthController (KanbanServer).
2026-06-20 17:33:31.777 +09:00 [INF] Executing OkObjectResult, writing value of type '<>f__AnonymousType1`3[[System.String, System.Private.CoreLib, Version=10.0.0.0, Culture=neutral, PublicKeyToken=7cec85d7bea7798e],[System.Boolean, System.Private.CoreLib, Version=10.0.0.0, Culture=neutral, PublicKeyToken=7cec85d7bea7798e],[System.String, System.Private.CoreLib, Version=10.0.0.0, Culture=neutral, PublicKeyToken=7cec85d7bea7798e]]'.
2026-06-20 17:33:31.786 +09:00 [INF] Executed action KanbanServer.Controllers.AuthController.Login (KanbanServer) in 30.4964ms
2026-06-20 17:33:31.787 +09:00 [INF] Executed endpoint 'KanbanServer.Controllers.AuthController.Login (KanbanServer)'
2026-06-20 17:33:31.787 +09:00 [INF] Request finished HTTP/1.1 POST http://localhost:5000/api/auth/login - 200 null application/json; charset=utf-8 58.0927ms
2026-06-20 17:33:31.789 +09:00 [INF] Request starting HTTP/1.1 GET http://localhost:5000/api/settings - null null
2026-06-20 17:33:31.791 +09:00 [INF] Executing endpoint 'KanbanServer.Controllers.SettingsController.Get (KanbanServer)'
2026-06-20 17:33:31.798 +09:00 [INF] Route matched with {action = "Get", controller = "Settings"}. Executing controller action with signature System.Threading.Tasks.Task`1[Microsoft.AspNetCore.Mvc.ActionResult`1[KanbanServer.Models.Setting]] Get() on controller KanbanServer.Controllers.SettingsController (KanbanServer).
2026-06-20 17:33:31.907 +09:00 [WRN] The query uses the 'First'/'FirstOrDefault' operator without 'OrderBy' and filter operators. This may lead to unpredictable results.
2026-06-20 17:33:32.096 +09:00 [INF] Executed DbCommand (1ms) [Parameters=[], CommandType='"Text"', CommandTimeout='30']
SELECT "s"."Id", "s"."Holidays", "s"."HolidaysJson", "s"."LabelsJson", "s"."Users", "s"."UsersJson"
FROM "Settings" AS "s"
LIMIT 1
2026-06-20 17:33:32.133 +09:00 [INF] Executing OkObjectResult, writing value of type 'KanbanServer.Models.Setting'.
2026-06-20 17:33:32.136 +09:00 [INF] Executed action KanbanServer.Controllers.SettingsController.Get (KanbanServer) in 337.0812ms
2026-06-20 17:33:32.137 +09:00 [INF] Executed endpoint 'KanbanServer.Controllers.SettingsController.Get (KanbanServer)'
2026-06-20 17:33:32.139 +09:00 [INF] Request starting HTTP/1.1 GET http://localhost:5000/api/tickets/assignees/suggest - null null
2026-06-20 17:33:32.139 +09:00 [INF] Request starting HTTP/1.1 GET http://localhost:5000/api/tickets/labels/suggest - null null
2026-06-20 17:33:32.141 +09:00 [INF] Request finished HTTP/1.1 GET http://localhost:5000/api/settings - 200 null application/json; charset=utf-8 352.0237ms
2026-06-20 17:33:32.143 +09:00 [INF] Request starting HTTP/1.1 GET http://localhost:5000/api/tickets - null null
2026-06-20 17:33:32.143 +09:00 [INF] Executing endpoint 'KanbanServer.Controllers.TicketsController.GetLabelsSuggest (KanbanServer)'
2026-06-20 17:33:32.143 +09:00 [INF] Executing endpoint 'KanbanServer.Controllers.TicketsController.GetAssigneesSuggest (KanbanServer)'
2026-06-20 17:33:32.144 +09:00 [INF] Executing endpoint 'KanbanServer.Controllers.TicketsController.GetAll (KanbanServer)'
2026-06-20 17:33:32.148 +09:00 [INF] Route matched with {action = "GetLabelsSuggest", controller = "Tickets"}. Executing controller action with signature System.Threading.Tasks.Task`1[Microsoft.AspNetCore.Mvc.ActionResult`1[System.Collections.Generic.List`1[KanbanServer.Models.LabelSuggestDto]]] GetLabelsSuggest() on controller KanbanServer.Controllers.TicketsController (KanbanServer).
2026-06-20 17:33:32.149 +09:00 [INF] Route matched with {action = "GetAssigneesSuggest", controller = "Tickets"}. Executing controller action with signature System.Threading.Tasks.Task`1[Microsoft.AspNetCore.Mvc.ActionResult`1[System.Collections.Generic.List`1[System.String]]] GetAssigneesSuggest() on controller KanbanServer.Controllers.TicketsController (KanbanServer).
2026-06-20 17:33:32.149 +09:00 [INF] Route matched with {action = "GetAll", controller = "Tickets"}. Executing controller action with signature System.Threading.Tasks.Task`1[Microsoft.AspNetCore.Mvc.ActionResult`1[System.Collections.Generic.List`1[KanbanServer.Models.Ticket]]] GetAll() on controller KanbanServer.Controllers.TicketsController (KanbanServer).
2026-06-20 17:33:32.199 +09:00 [INF] Executed DbCommand (0ms) [Parameters=[], CommandType='"Text"', CommandTimeout='30']
SELECT "s"."Id", "s"."Holidays", "s"."HolidaysJson", "s"."LabelsJson", "s"."Users", "s"."UsersJson"
FROM "Settings" AS "s"
LIMIT 1
2026-06-20 17:33:32.207 +09:00 [INF] Executed DbCommand (0ms) [Parameters=[], CommandType='"Text"', CommandTimeout='30']
SELECT "t"."TicketId", "t"."Assignees", "t"."AssigneesJson", "t"."Category", "t"."ChildTasksJson", "t"."Column", "t"."CreatedAt", "t"."Effort", "t"."EndDate", "t"."Id", "t"."IsArchived", "t"."IsEmergency", "t"."IsLocked", "t"."Labels", "t"."LabelsJson", "t"."MainAssignee", "t"."Memo", "t"."Position", "t"."PreviousColumn", "t"."Progress", "t"."StartDate", "t"."Title"
FROM "Tickets" AS "t"
2026-06-20 17:33:32.209 +09:00 [INF] Executed DbCommand (9ms) [Parameters=[], CommandType='"Text"', CommandTimeout='30']
SELECT "s"."Id", "s"."Holidays", "s"."HolidaysJson", "s"."LabelsJson", "s"."Users", "s"."UsersJson"
FROM "Settings" AS "s"
LIMIT 1
2026-06-20 17:33:32.230 +09:00 [INF] Executed DbCommand (0ms) [Parameters=[], CommandType='"Text"', CommandTimeout='30']
SELECT "t"."TicketId", "t"."Assignees", "t"."AssigneesJson", "t"."Category", "t"."ChildTasksJson", "t"."Column", "t"."CreatedAt", "t"."Effort", "t"."EndDate", "t"."Id", "t"."IsArchived", "t"."IsEmergency", "t"."IsLocked", "t"."Labels", "t"."LabelsJson", "t"."MainAssignee", "t"."Memo", "t"."Position", "t"."PreviousColumn", "t"."Progress", "t"."StartDate", "t"."Title"
FROM "Tickets" AS "t"
WHERE length("t"."AssigneesJson") > 2
2026-06-20 17:33:32.232 +09:00 [INF] Executing OkObjectResult, writing value of type 'System.Collections.Generic.List`1[[System.String, System.Private.CoreLib, Version=10.0.0.0, Culture=neutral, PublicKeyToken=7cec85d7bea7798e]]'.
2026-06-20 17:33:32.232 +09:00 [INF] Executed DbCommand (2ms) [Parameters=[], CommandType='"Text"', CommandTimeout='30']
SELECT "t"."TicketId", "t"."Assignees", "t"."AssigneesJson", "t"."Category", "t"."ChildTasksJson", "t"."Column", "t"."CreatedAt", "t"."Effort", "t"."EndDate", "t"."Id", "t"."IsArchived", "t"."IsEmergency", "t"."IsLocked", "t"."Labels", "t"."LabelsJson", "t"."MainAssignee", "t"."Memo", "t"."Position", "t"."PreviousColumn", "t"."Progress", "t"."StartDate", "t"."Title"
FROM "Tickets" AS "t"
WHERE length("t"."LabelsJson") > 2
2026-06-20 17:33:32.234 +09:00 [INF] Executed action KanbanServer.Controllers.TicketsController.GetAssigneesSuggest (KanbanServer) in 83.8317ms
2026-06-20 17:33:32.236 +09:00 [INF] Executed endpoint 'KanbanServer.Controllers.TicketsController.GetAssigneesSuggest (KanbanServer)'
2026-06-20 17:33:32.237 +09:00 [INF] Executing OkObjectResult, writing value of type 'System.Collections.Generic.List`1[[KanbanServer.Models.LabelSuggestDto, KanbanServer, Version=1.0.0.0, Culture=neutral, PublicKeyToken=null]]'.
2026-06-20 17:33:32.239 +09:00 [INF] Request finished HTTP/1.1 GET http://localhost:5000/api/tickets/assignees/suggest - 200 null application/json; charset=utf-8 99.8242ms
2026-06-20 17:33:32.240 +09:00 [INF] Executed action KanbanServer.Controllers.TicketsController.GetLabelsSuggest (KanbanServer) in 91.1449ms
2026-06-20 17:33:32.241 +09:00 [INF] Executed endpoint 'KanbanServer.Controllers.TicketsController.GetLabelsSuggest (KanbanServer)'
2026-06-20 17:33:32.241 +09:00 [INF] Request finished HTTP/1.1 GET http://localhost:5000/api/tickets/labels/suggest - 200 null application/json; charset=utf-8 102.2141ms
2026-06-20 17:33:32.248 +09:00 [INF] Executing OkObjectResult, writing value of type 'System.Collections.Generic.List`1[[KanbanServer.Models.Ticket, KanbanServer, Version=1.0.0.0, Culture=neutral, PublicKeyToken=null]]'.
2026-06-20 17:33:32.260 +09:00 [INF] Executed action KanbanServer.Controllers.TicketsController.GetAll (KanbanServer) in 109.2362ms
2026-06-20 17:33:32.260 +09:00 [INF] Executed endpoint 'KanbanServer.Controllers.TicketsController.GetAll (KanbanServer)'
2026-06-20 17:33:32.261 +09:00 [INF] Request finished HTTP/1.1 GET http://localhost:5000/api/tickets - 200 null application/json; charset=utf-8 118.0976ms
2026-06-20 18:47:19.267 +09:00 [INF] Executed DbCommand (13ms) [Parameters=[], CommandType='"Text"', CommandTimeout='30']
SELECT COUNT(*) FROM "sqlite_master" WHERE "type" = 'table' AND "rootpage" IS NOT NULL;
2026-06-20 18:47:19.355 +09:00 [WRN] Overriding address(es) 'http://localhost:5171'. Binding to endpoints defined via IConfiguration and/or UseKestrel() instead.
2026-06-20 18:47:19.363 +09:00 [INF] Now listening on: http://0.0.0.0:5000
2026-06-20 18:47:19.363 +09:00 [INF] Application started. Press Ctrl+C to shut down.
2026-06-20 18:47:19.364 +09:00 [INF] Hosting environment: Development
2026-06-20 18:47:19.364 +09:00 [INF] Content root path: C:\repos\mykanban
2026-06-20 18:47:22.039 +09:00 [INF] Request starting HTTP/1.1 GET http://localhost:5000/ - null null
2026-06-20 18:47:22.063 +09:00 [INF] Executing endpoint 'Fallback {*path:nonfile}'
2026-06-20 18:47:22.070 +09:00 [INF] Executed endpoint 'Fallback {*path:nonfile}'
2026-06-20 18:47:22.071 +09:00 [INF] Request finished HTTP/1.1 GET http://localhost:5000/ - 200 null text/html; charset=utf-8 33.1596ms
2026-06-20 18:47:22.075 +09:00 [INF] Request starting HTTP/1.1 GET http://localhost:5000/styles.css - null null
2026-06-20 18:47:22.103 +09:00 [INF] Sending file. Request path: '/styles.css'. Physical path: 'C:\repos\mykanban\bin\Debug\net10.0\wwwroot\styles.css'
2026-06-20 18:47:22.105 +09:00 [INF] Request finished HTTP/1.1 GET http://localhost:5000/styles.css - 200 60734 text/css 29.852ms
2026-06-20 18:47:22.108 +09:00 [INF] Request starting HTTP/1.1 GET http://localhost:5000/app.js - null null
2026-06-20 18:47:22.112 +09:00 [INF] CORS policy execution successful.
2026-06-20 18:47:22.113 +09:00 [INF] The file /app.js was not modified
2026-06-20 18:47:22.114 +09:00 [INF] Request finished HTTP/1.1 GET http://localhost:5000/app.js - 304 null text/javascript 6.7179ms
2026-06-20 18:47:22.117 +09:00 [INF] Request starting HTTP/1.1 GET http://localhost:5000/modules/state.js - null null
2026-06-20 18:47:22.119 +09:00 [INF] CORS policy execution successful.
2026-06-20 18:47:22.120 +09:00 [INF] The file /modules/state.js was not modified
2026-06-20 18:47:22.121 +09:00 [INF] Request finished HTTP/1.1 GET http://localhost:5000/modules/state.js - 304 null text/javascript 3.8209ms
2026-06-20 18:47:22.124 +09:00 [INF] Request starting HTTP/1.1 GET http://localhost:5000/modules/api.js - null null
2026-06-20 18:47:22.126 +09:00 [INF] CORS policy execution successful.
2026-06-20 18:47:22.126 +09:00 [INF] The file /modules/api.js was not modified
2026-06-20 18:47:22.127 +09:00 [INF] Request finished HTTP/1.1 GET http://localhost:5000/modules/api.js - 304 null text/javascript 3.5095ms
2026-06-20 18:47:22.130 +09:00 [INF] Request starting HTTP/1.1 GET http://localhost:5000/modules/renderer.js - null null
2026-06-20 18:47:22.132 +09:00 [INF] CORS policy execution successful.
2026-06-20 18:47:22.133 +09:00 [INF] The file /modules/renderer.js was not modified
2026-06-20 18:47:22.134 +09:00 [INF] Request finished HTTP/1.1 GET http://localhost:5000/modules/renderer.js - 304 null text/javascript 3.6026ms
2026-06-20 18:47:22.136 +09:00 [INF] Request starting HTTP/1.1 GET http://localhost:5000/modules/dragdrop.js - null null
2026-06-20 18:47:22.139 +09:00 [INF] CORS policy execution successful.
2026-06-20 18:47:22.139 +09:00 [INF] The file /modules/dragdrop.js was not modified
2026-06-20 18:47:22.140 +09:00 [INF] Request finished HTTP/1.1 GET http://localhost:5000/modules/dragdrop.js - 304 null text/javascript 4.0615ms
2026-06-20 18:47:22.143 +09:00 [INF] Request starting HTTP/1.1 GET http://localhost:5000/modules/modal.js - null null
2026-06-20 18:47:22.145 +09:00 [INF] CORS policy execution successful.
2026-06-20 18:47:22.146 +09:00 [INF] The file /modules/modal.js was not modified
2026-06-20 18:47:22.147 +09:00 [INF] Request finished HTTP/1.1 GET http://localhost:5000/modules/modal.js - 304 null text/javascript 3.7418ms
2026-06-20 18:47:23.546 +09:00 [INF] Request starting HTTP/1.1 GET http://localhost:5000/ - null null
2026-06-20 18:47:23.548 +09:00 [INF] Executing endpoint 'Fallback {*path:nonfile}'
2026-06-20 18:47:23.550 +09:00 [INF] Executed endpoint 'Fallback {*path:nonfile}'
2026-06-20 18:47:23.551 +09:00 [INF] Request finished HTTP/1.1 GET http://localhost:5000/ - 200 null text/html; charset=utf-8 4.9754ms
2026-06-20 18:47:23.555 +09:00 [INF] Request starting HTTP/1.1 GET http://localhost:5000/styles.css - null null
2026-06-20 18:47:23.557 +09:00 [INF] Request starting HTTP/1.1 GET http://localhost:5000/app.js - null null
2026-06-20 18:47:23.558 +09:00 [INF] CORS policy execution successful.
2026-06-20 18:47:23.559 +09:00 [INF] Sending file. Request path: '/app.js'. Physical path: 'C:\repos\mykanban\bin\Debug\net10.0\wwwroot\app.js'
2026-06-20 18:47:23.561 +09:00 [INF] Sending file. Request path: '/styles.css'. Physical path: 'C:\repos\mykanban\bin\Debug\net10.0\wwwroot\styles.css'
2026-06-20 18:47:23.562 +09:00 [INF] Request finished HTTP/1.1 GET http://localhost:5000/app.js - 200 23659 text/javascript 4.6459ms
2026-06-20 18:47:23.562 +09:00 [INF] Request finished HTTP/1.1 GET http://localhost:5000/styles.css - 200 60734 text/css 7.0605ms
2026-06-20 18:47:23.602 +09:00 [INF] Request starting HTTP/1.1 GET http://localhost:5000/modules/state.js - null null
2026-06-20 18:47:23.602 +09:00 [INF] Request starting HTTP/1.1 GET http://localhost:5000/modules/api.js - null null
2026-06-20 18:47:23.607 +09:00 [INF] Request starting HTTP/1.1 GET http://localhost:5000/modules/renderer.js - null null
2026-06-20 18:47:23.607 +09:00 [INF] Request starting HTTP/1.1 GET http://localhost:5000/modules/modal.js - null null
2026-06-20 18:47:23.607 +09:00 [INF] Request starting HTTP/1.1 GET http://localhost:5000/modules/dragdrop.js - null null
2026-06-20 18:47:23.609 +09:00 [INF] Request starting HTTP/1.1 GET http://localhost:5000/modules/labels.js - null null
2026-06-20 18:47:23.612 +09:00 [INF] CORS policy execution successful.
2026-06-20 18:47:23.614 +09:00 [INF] CORS policy execution successful.
2026-06-20 18:47:23.615 +09:00 [INF] CORS policy execution successful.
2026-06-20 18:47:23.616 +09:00 [INF] CORS policy execution successful.
2026-06-20 18:47:23.615 +09:00 [INF] CORS policy execution successful.
2026-06-20 18:47:23.615 +09:00 [INF] CORS policy execution successful.
2026-06-20 18:47:23.619 +09:00 [INF] Sending file. Request path: '/modules/api.js'. Physical path: 'C:\repos\mykanban\bin\Debug\net10.0\wwwroot\modules\api.js'
2026-06-20 18:47:23.620 +09:00 [INF] Sending file. Request path: '/modules/state.js'. Physical path: 'C:\repos\mykanban\bin\Debug\net10.0\wwwroot\modules\state.js'
2026-06-20 18:47:23.621 +09:00 [INF] Sending file. Request path: '/modules/labels.js'. Physical path: 'C:\repos\mykanban\bin\Debug\net10.0\wwwroot\modules\labels.js'
2026-06-20 18:47:23.622 +09:00 [INF] Sending file. Request path: '/modules/renderer.js'. Physical path: 'C:\repos\mykanban\bin\Debug\net10.0\wwwroot\modules\renderer.js'
2026-06-20 18:47:23.623 +09:00 [INF] Sending file. Request path: '/modules/dragdrop.js'. Physical path: 'C:\repos\mykanban\bin\Debug\net10.0\wwwroot\modules\dragdrop.js'
2026-06-20 18:47:23.622 +09:00 [INF] Sending file. Request path: '/modules/modal.js'. Physical path: 'C:\repos\mykanban\bin\Debug\net10.0\wwwroot\modules\modal.js'
2026-06-20 18:47:23.623 +09:00 [INF] Request finished HTTP/1.1 GET http://localhost:5000/modules/api.js - 200 6109 text/javascript 19.8543ms
2026-06-20 18:47:23.624 +09:00 [INF] Request finished HTTP/1.1 GET http://localhost:5000/modules/labels.js - 200 5192 text/javascript 13.5858ms
2026-06-20 18:47:23.625 +09:00 [INF] Request finished HTTP/1.1 GET http://localhost:5000/modules/state.js - 200 20762 text/javascript 18.773ms
2026-06-20 18:47:23.625 +09:00 [INF] Request finished HTTP/1.1 GET http://localhost:5000/modules/modal.js - 200 21369 text/javascript 18.3892ms
2026-06-20 18:47:23.625 +09:00 [INF] Request finished HTTP/1.1 GET http://localhost:5000/modules/renderer.js - 200 29602 text/javascript 16.4166ms
2026-06-20 18:47:23.627 +09:00 [INF] Request finished HTTP/1.1 GET http://localhost:5000/modules/dragdrop.js - 200 7088 text/javascript 17.3733ms
2026-06-20 18:47:23.640 +09:00 [INF] Request starting HTTP/1.1 GET http://localhost:5000/modules/filter.js - null null
2026-06-20 18:47:23.640 +09:00 [INF] Request starting HTTP/1.1 GET http://localhost:5000/modules/history.js - null null
2026-06-20 18:47:23.640 +09:00 [INF] Request starting HTTP/1.1 GET http://localhost:5000/modules/archive.js - null null
2026-06-20 18:47:23.640 +09:00 [INF] Request starting HTTP/1.1 GET http://localhost:5000/modules/assignees.js - null null
2026-06-20 18:47:23.640 +09:00 [INF] Request starting HTTP/1.1 GET http://localhost:5000/modules/childtasks.js - null null
2026-06-20 18:47:23.640 +09:00 [INF] Request starting HTTP/1.1 GET http://localhost:5000/modules/actual.js - null null
2026-06-20 18:47:23.651 +09:00 [INF] CORS policy execution successful.
2026-06-20 18:47:23.651 +09:00 [INF] CORS policy execution successful.
2026-06-20 18:47:23.651 +09:00 [INF] CORS policy execution successful.
2026-06-20 18:47:23.653 +09:00 [INF] CORS policy execution successful.
2026-06-20 18:47:23.651 +09:00 [INF] CORS policy execution successful.
2026-06-20 18:47:23.654 +09:00 [INF] CORS policy execution successful.
2026-06-20 18:47:23.655 +09:00 [INF] Sending file. Request path: '/modules/actual.js'. Physical path: 'C:\repos\mykanban\bin\Debug\net10.0\wwwroot\modules\actual.js'
2026-06-20 18:47:23.656 +09:00 [INF] Sending file. Request path: '/modules/assignees.js'. Physical path: 'C:\repos\mykanban\bin\Debug\net10.0\wwwroot\modules\assignees.js'
2026-06-20 18:47:23.655 +09:00 [INF] Sending file. Request path: '/modules/archive.js'. Physical path: 'C:\repos\mykanban\bin\Debug\net10.0\wwwroot\modules\archive.js'
2026-06-20 18:47:23.659 +09:00 [INF] Sending file. Request path: '/modules/history.js'. Physical path: 'C:\repos\mykanban\bin\Debug\net10.0\wwwroot\modules\history.js'
2026-06-20 18:47:23.659 +09:00 [INF] Sending file. Request path: '/modules/filter.js'. Physical path: 'C:\repos\mykanban\bin\Debug\net10.0\wwwroot\modules\filter.js'
2026-06-20 18:47:23.659 +09:00 [INF] Request finished HTTP/1.1 GET http://localhost:5000/modules/archive.js - 200 944 text/javascript 19.0536ms
2026-06-20 18:47:23.664 +09:00 [INF] Sending file. Request path: '/modules/childtasks.js'. Physical path: 'C:\repos\mykanban\bin\Debug\net10.0\wwwroot\modules\childtasks.js'
2026-06-20 18:47:23.660 +09:00 [INF] Request finished HTTP/1.1 GET http://localhost:5000/modules/actual.js - 200 11688 text/javascript 16.7929ms
2026-06-20 18:47:23.664 +09:00 [INF] Request finished HTTP/1.1 GET http://localhost:5000/modules/assignees.js - 200 8700 text/javascript 20.1862ms
2026-06-20 18:47:23.660 +09:00 [INF] Request finished HTTP/1.1 GET http://localhost:5000/modules/history.js - 200 9423 text/javascript 20.1678ms
2026-06-20 18:47:23.673 +09:00 [INF] Request finished HTTP/1.1 GET http://localhost:5000/modules/childtasks.js - 200 11906 text/javascript 33.5343ms
2026-06-20 18:47:23.673 +09:00 [INF] Request starting HTTP/1.1 GET http://localhost:5000/modules/memo.js - null null
2026-06-20 18:47:23.673 +09:00 [INF] Request finished HTTP/1.1 GET http://localhost:5000/modules/filter.js - 200 7563 text/javascript 28.283ms
2026-06-20 18:47:23.680 +09:00 [INF] Request starting HTTP/1.1 GET http://localhost:5000/modules/charts.js - null null
2026-06-20 18:47:23.680 +09:00 [INF] Request starting HTTP/1.1 GET http://localhost:5000/modules/settings.js - null null
2026-06-20 18:47:23.680 +09:00 [INF] Request starting HTTP/1.1 GET http://localhost:5000/modules/logger.js - null null
2026-06-20 18:47:23.687 +09:00 [INF] CORS policy execution successful.
2026-06-20 18:47:23.688 +09:00 [INF] CORS policy execution successful.
2026-06-20 18:47:23.687 +09:00 [INF] CORS policy execution successful.
2026-06-20 18:47:23.688 +09:00 [INF] Request starting HTTP/1.1 GET http://localhost:5000/modules/auth.js - null null
2026-06-20 18:47:23.688 +09:00 [INF] Request starting HTTP/1.1 GET http://localhost:5000/modules/ticketService.js - null null
2026-06-20 18:47:23.693 +09:00 [INF] CORS policy execution successful.
2026-06-20 18:47:23.693 +09:00 [INF] Sending file. Request path: '/modules/memo.js'. Physical path: 'C:\repos\mykanban\bin\Debug\net10.0\wwwroot\modules\memo.js'
2026-06-20 18:47:23.695 +09:00 [INF] CORS policy execution successful.
2026-06-20 18:47:23.696 +09:00 [INF] Sending file. Request path: '/modules/charts.js'. Physical path: 'C:\repos\mykanban\bin\Debug\net10.0\wwwroot\modules\charts.js'
2026-06-20 18:47:23.695 +09:00 [INF] CORS policy execution successful.
2026-06-20 18:47:23.696 +09:00 [INF] Sending file. Request path: '/modules/logger.js'. Physical path: 'C:\repos\mykanban\bin\Debug\net10.0\wwwroot\modules\logger.js'
2026-06-20 18:47:23.699 +09:00 [INF] Sending file. Request path: '/modules/settings.js'. Physical path: 'C:\repos\mykanban\bin\Debug\net10.0\wwwroot\modules\settings.js'
2026-06-20 18:47:23.699 +09:00 [INF] Request finished HTTP/1.1 GET http://localhost:5000/modules/logger.js - 200 6900 text/javascript 18.9958ms
2026-06-20 18:47:23.699 +09:00 [INF] Request finished HTTP/1.1 GET http://localhost:5000/modules/memo.js - 200 3562 text/javascript 22.0949ms
2026-06-20 18:47:23.700 +09:00 [INF] Request finished HTTP/1.1 GET http://localhost:5000/modules/charts.js - 200 46291 text/javascript 19.0223ms
2026-06-20 18:47:23.707 +09:00 [INF] Sending file. Request path: '/modules/ticketService.js'. Physical path: 'C:\repos\mykanban\bin\Debug\net10.0\wwwroot\modules\ticketService.js'
2026-06-20 18:47:23.709 +09:00 [INF] Sending file. Request path: '/modules/auth.js'. Physical path: 'C:\repos\mykanban\bin\Debug\net10.0\wwwroot\modules\auth.js'
2026-06-20 18:47:23.709 +09:00 [INF] Request finished HTTP/1.1 GET http://localhost:5000/modules/settings.js - 200 28809 text/javascript 20.5363ms
2026-06-20 18:47:23.713 +09:00 [INF] Request finished HTTP/1.1 GET http://localhost:5000/modules/auth.js - 200 4113 text/javascript 25.4541ms
2026-06-20 18:47:23.713 +09:00 [INF] Request finished HTTP/1.1 GET http://localhost:5000/modules/ticketService.js - 200 1719 text/javascript 24.7667ms
2026-06-20 18:47:23.719 +09:00 [INF] Request starting HTTP/1.1 GET http://localhost:5000/favicon.ico - null null
2026-06-20 18:47:23.722 +09:00 [INF] Request finished HTTP/1.1 GET http://localhost:5000/favicon.ico - 404 0 null 2.8062ms
2026-06-20 18:47:23.725 +09:00 [INF] Request reached the end of the middleware pipeline without being handled by application code. Request path: GET http://localhost:5000/favicon.ico, Response status code: 404
2026-06-20 18:47:25.030 +09:00 [INF] Request starting HTTP/1.1 POST http://localhost:5000/api/auth/login - application/json 38
2026-06-20 18:47:25.035 +09:00 [INF] CORS policy execution successful.
2026-06-20 18:47:25.036 +09:00 [INF] Executing endpoint 'KanbanServer.Controllers.AuthController.Login (KanbanServer)'
2026-06-20 18:47:25.046 +09:00 [INF] Route matched with {action = "Login", controller = "Auth"}. Executing controller action with signature Microsoft.AspNetCore.Mvc.IActionResult Login(LoginRequest) on controller KanbanServer.Controllers.AuthController (KanbanServer).
2026-06-20 18:47:25.074 +09:00 [INF] Executing OkObjectResult, writing value of type '<>f__AnonymousType1`3[[System.String, System.Private.CoreLib, Version=10.0.0.0, Culture=neutral, PublicKeyToken=7cec85d7bea7798e],[System.Boolean, System.Private.CoreLib, Version=10.0.0.0, Culture=neutral, PublicKeyToken=7cec85d7bea7798e],[System.String, System.Private.CoreLib, Version=10.0.0.0, Culture=neutral, PublicKeyToken=7cec85d7bea7798e]]'.
2026-06-20 18:47:25.080 +09:00 [INF] Executed action KanbanServer.Controllers.AuthController.Login (KanbanServer) in 30.1303ms
2026-06-20 18:47:25.081 +09:00 [INF] Executed endpoint 'KanbanServer.Controllers.AuthController.Login (KanbanServer)'
2026-06-20 18:47:25.081 +09:00 [INF] Request finished HTTP/1.1 POST http://localhost:5000/api/auth/login - 200 null application/json; charset=utf-8 50.9136ms
2026-06-20 18:47:25.084 +09:00 [INF] Request starting HTTP/1.1 GET http://localhost:5000/api/settings - null null
2026-06-20 18:47:25.086 +09:00 [INF] Executing endpoint 'KanbanServer.Controllers.SettingsController.Get (KanbanServer)'
2026-06-20 18:47:25.092 +09:00 [INF] Route matched with {action = "Get", controller = "Settings"}. Executing controller action with signature System.Threading.Tasks.Task`1[Microsoft.AspNetCore.Mvc.ActionResult`1[KanbanServer.Models.Setting]] Get() on controller KanbanServer.Controllers.SettingsController (KanbanServer).
2026-06-20 18:47:25.202 +09:00 [WRN] The query uses the 'First'/'FirstOrDefault' operator without 'OrderBy' and filter operators. This may lead to unpredictable results.
2026-06-20 18:47:25.389 +09:00 [INF] Executed DbCommand (1ms) [Parameters=[], CommandType='"Text"', CommandTimeout='30']
SELECT "s"."Id", "s"."Holidays", "s"."HolidaysJson", "s"."LabelsJson", "s"."Users", "s"."UsersJson"
FROM "Settings" AS "s"
LIMIT 1
2026-06-20 18:47:25.428 +09:00 [INF] Executing OkObjectResult, writing value of type 'KanbanServer.Models.Setting'.
2026-06-20 18:47:25.431 +09:00 [INF] Executed action KanbanServer.Controllers.SettingsController.Get (KanbanServer) in 338.168ms
2026-06-20 18:47:25.431 +09:00 [INF] Executed endpoint 'KanbanServer.Controllers.SettingsController.Get (KanbanServer)'
2026-06-20 18:47:25.433 +09:00 [INF] Request starting HTTP/1.1 GET http://localhost:5000/api/tickets/assignees/suggest - null null
2026-06-20 18:47:25.433 +09:00 [INF] Request starting HTTP/1.1 GET http://localhost:5000/api/tickets/labels/suggest - null null
2026-06-20 18:47:25.436 +09:00 [INF] Request finished HTTP/1.1 GET http://localhost:5000/api/settings - 200 null application/json; charset=utf-8 352.0539ms
2026-06-20 18:47:25.437 +09:00 [INF] Request starting HTTP/1.1 GET http://localhost:5000/api/tickets - null null
2026-06-20 18:47:25.438 +09:00 [INF] Executing endpoint 'KanbanServer.Controllers.TicketsController.GetLabelsSuggest (KanbanServer)'
2026-06-20 18:47:25.438 +09:00 [INF] Executing endpoint 'KanbanServer.Controllers.TicketsController.GetAssigneesSuggest (KanbanServer)'
2026-06-20 18:47:25.439 +09:00 [INF] Executing endpoint 'KanbanServer.Controllers.TicketsController.GetAll (KanbanServer)'
2026-06-20 18:47:25.442 +09:00 [INF] Route matched with {action = "GetLabelsSuggest", controller = "Tickets"}. Executing controller action with signature System.Threading.Tasks.Task`1[Microsoft.AspNetCore.Mvc.ActionResult`1[System.Collections.Generic.List`1[KanbanServer.Models.LabelSuggestDto]]] GetLabelsSuggest() on controller KanbanServer.Controllers.TicketsController (KanbanServer).
2026-06-20 18:47:25.443 +09:00 [INF] Route matched with {action = "GetAll", controller = "Tickets"}. Executing controller action with signature System.Threading.Tasks.Task`1[Microsoft.AspNetCore.Mvc.ActionResult`1[System.Collections.Generic.List`1[KanbanServer.Models.Ticket]]] GetAll() on controller KanbanServer.Controllers.TicketsController (KanbanServer).
2026-06-20 18:47:25.443 +09:00 [INF] Route matched with {action = "GetAssigneesSuggest", controller = "Tickets"}. Executing controller action with signature System.Threading.Tasks.Task`1[Microsoft.AspNetCore.Mvc.ActionResult`1[System.Collections.Generic.List`1[System.String]]] GetAssigneesSuggest() on controller KanbanServer.Controllers.TicketsController (KanbanServer).
2026-06-20 18:47:25.493 +09:00 [INF] Executed DbCommand (0ms) [Parameters=[], CommandType='"Text"', CommandTimeout='30']
SELECT "s"."Id", "s"."Holidays", "s"."HolidaysJson", "s"."LabelsJson", "s"."Users", "s"."UsersJson"
FROM "Settings" AS "s"
LIMIT 1
2026-06-20 18:47:25.500 +09:00 [INF] Executed DbCommand (6ms) [Parameters=[], CommandType='"Text"', CommandTimeout='30']
SELECT "s"."Id", "s"."Holidays", "s"."HolidaysJson", "s"."LabelsJson", "s"."Users", "s"."UsersJson"
FROM "Settings" AS "s"
LIMIT 1
2026-06-20 18:47:25.501 +09:00 [INF] Executed DbCommand (0ms) [Parameters=[], CommandType='"Text"', CommandTimeout='30']
SELECT "t"."TicketId", "t"."Assignees", "t"."AssigneesJson", "t"."Category", "t"."ChildTasksJson", "t"."Column", "t"."CreatedAt", "t"."Effort", "t"."EndDate", "t"."Id", "t"."IsArchived", "t"."IsEmergency", "t"."IsLocked", "t"."Labels", "t"."LabelsJson", "t"."MainAssignee", "t"."Memo", "t"."Position", "t"."PreviousColumn", "t"."Progress", "t"."StartDate", "t"."Title"
FROM "Tickets" AS "t"
2026-06-20 18:47:25.527 +09:00 [INF] Executed DbCommand (0ms) [Parameters=[], CommandType='"Text"', CommandTimeout='30']
SELECT "t"."TicketId", "t"."Assignees", "t"."AssigneesJson", "t"."Category", "t"."ChildTasksJson", "t"."Column", "t"."CreatedAt", "t"."Effort", "t"."EndDate", "t"."Id", "t"."IsArchived", "t"."IsEmergency", "t"."IsLocked", "t"."Labels", "t"."LabelsJson", "t"."MainAssignee", "t"."Memo", "t"."Position", "t"."PreviousColumn", "t"."Progress", "t"."StartDate", "t"."Title"
FROM "Tickets" AS "t"
WHERE length("t"."AssigneesJson") > 2
2026-06-20 18:47:25.528 +09:00 [INF] Executing OkObjectResult, writing value of type 'System.Collections.Generic.List`1[[System.String, System.Private.CoreLib, Version=10.0.0.0, Culture=neutral, PublicKeyToken=7cec85d7bea7798e]]'.
2026-06-20 18:47:25.529 +09:00 [INF] Executed DbCommand (1ms) [Parameters=[], CommandType='"Text"', CommandTimeout='30']
SELECT "t"."TicketId", "t"."Assignees", "t"."AssigneesJson", "t"."Category", "t"."ChildTasksJson", "t"."Column", "t"."CreatedAt", "t"."Effort", "t"."EndDate", "t"."Id", "t"."IsArchived", "t"."IsEmergency", "t"."IsLocked", "t"."Labels", "t"."LabelsJson", "t"."MainAssignee", "t"."Memo", "t"."Position", "t"."PreviousColumn", "t"."Progress", "t"."StartDate", "t"."Title"
FROM "Tickets" AS "t"
WHERE length("t"."LabelsJson") > 2
2026-06-20 18:47:25.530 +09:00 [INF] Executed action KanbanServer.Controllers.TicketsController.GetAssigneesSuggest (KanbanServer) in 85.7055ms
2026-06-20 18:47:25.530 +09:00 [INF] Executed endpoint 'KanbanServer.Controllers.TicketsController.GetAssigneesSuggest (KanbanServer)'
2026-06-20 18:47:25.531 +09:00 [INF] Executing OkObjectResult, writing value of type 'System.Collections.Generic.List`1[[KanbanServer.Models.LabelSuggestDto, KanbanServer, Version=1.0.0.0, Culture=neutral, PublicKeyToken=null]]'.
2026-06-20 18:47:25.532 +09:00 [INF] Request finished HTTP/1.1 GET http://localhost:5000/api/tickets/assignees/suggest - 200 null application/json; charset=utf-8 98.2483ms
2026-06-20 18:47:25.533 +09:00 [INF] Executed action KanbanServer.Controllers.TicketsController.GetLabelsSuggest (KanbanServer) in 90.06ms
2026-06-20 18:47:25.534 +09:00 [INF] Executed endpoint 'KanbanServer.Controllers.TicketsController.GetLabelsSuggest (KanbanServer)'
2026-06-20 18:47:25.534 +09:00 [INF] Request finished HTTP/1.1 GET http://localhost:5000/api/tickets/labels/suggest - 200 null application/json; charset=utf-8 100.6986ms
2026-06-20 18:47:25.540 +09:00 [INF] Executing OkObjectResult, writing value of type 'System.Collections.Generic.List`1[[KanbanServer.Models.Ticket, KanbanServer, Version=1.0.0.0, Culture=neutral, PublicKeyToken=null]]'.
2026-06-20 18:47:25.551 +09:00 [INF] Executed action KanbanServer.Controllers.TicketsController.GetAll (KanbanServer) in 107.1468ms
2026-06-20 18:47:25.552 +09:00 [INF] Executed endpoint 'KanbanServer.Controllers.TicketsController.GetAll (KanbanServer)'
2026-06-20 18:47:25.552 +09:00 [INF] Request finished HTTP/1.1 GET http://localhost:5000/api/tickets - 200 null application/json; charset=utf-8 115.1708ms
2026-06-20 18:47:38.303 +09:00 [INF] Request starting HTTP/1.1 GET http://localhost:5000/api/settings - null null
2026-06-20 18:47:38.305 +09:00 [INF] Executing endpoint 'KanbanServer.Controllers.SettingsController.Get (KanbanServer)'
2026-06-20 18:47:38.306 +09:00 [INF] Route matched with {action = "Get", controller = "Settings"}. Executing controller action with signature System.Threading.Tasks.Task`1[Microsoft.AspNetCore.Mvc.ActionResult`1[KanbanServer.Models.Setting]] Get() on controller KanbanServer.Controllers.SettingsController (KanbanServer).
2026-06-20 18:47:38.310 +09:00 [INF] Executed DbCommand (0ms) [Parameters=[], CommandType='"Text"', CommandTimeout='30']
SELECT "s"."Id", "s"."Holidays", "s"."HolidaysJson", "s"."LabelsJson", "s"."Users", "s"."UsersJson"
FROM "Settings" AS "s"
LIMIT 1
2026-06-20 18:47:38.313 +09:00 [INF] Executing OkObjectResult, writing value of type 'KanbanServer.Models.Setting'.
2026-06-20 18:47:38.315 +09:00 [INF] Executed action KanbanServer.Controllers.SettingsController.Get (KanbanServer) in 6.4023ms
2026-06-20 18:47:38.316 +09:00 [INF] Executed endpoint 'KanbanServer.Controllers.SettingsController.Get (KanbanServer)'
2026-06-20 18:47:38.318 +09:00 [INF] Request finished HTTP/1.1 GET http://localhost:5000/api/settings - 200 null application/json; charset=utf-8 15.2555ms
2026-06-20 18:47:47.786 +09:00 [INF] Request starting HTTP/1.1 GET http://localhost:5000/api/settings - null null
2026-06-20 18:47:47.789 +09:00 [INF] Executing endpoint 'KanbanServer.Controllers.SettingsController.Get (KanbanServer)'
2026-06-20 18:47:47.791 +09:00 [INF] Route matched with {action = "Get", controller = "Settings"}. Executing controller action with signature System.Threading.Tasks.Task`1[Microsoft.AspNetCore.Mvc.ActionResult`1[KanbanServer.Models.Setting]] Get() on controller KanbanServer.Controllers.SettingsController (KanbanServer).
2026-06-20 18:47:47.794 +09:00 [INF] Executed DbCommand (0ms) [Parameters=[], CommandType='"Text"', CommandTimeout='30']
SELECT "s"."Id", "s"."Holidays", "s"."HolidaysJson", "s"."LabelsJson", "s"."Users", "s"."UsersJson"
FROM "Settings" AS "s"
LIMIT 1
2026-06-20 18:47:47.796 +09:00 [INF] Executing OkObjectResult, writing value of type 'KanbanServer.Models.Setting'.
2026-06-20 18:47:47.798 +09:00 [INF] Executed action KanbanServer.Controllers.SettingsController.Get (KanbanServer) in 5.0717ms
2026-06-20 18:47:47.799 +09:00 [INF] Executed endpoint 'KanbanServer.Controllers.SettingsController.Get (KanbanServer)'
2026-06-20 18:47:47.800 +09:00 [INF] Request finished HTTP/1.1 GET http://localhost:5000/api/settings - 200 null application/json; charset=utf-8 14.1512ms
2026-06-20 18:47:49.881 +09:00 [INF] Request starting HTTP/1.1 GET http://localhost:5000/api/settings - null null
2026-06-20 18:47:49.884 +09:00 [INF] Executing endpoint 'KanbanServer.Controllers.SettingsController.Get (KanbanServer)'
2026-06-20 18:47:49.886 +09:00 [INF] Route matched with {action = "Get", controller = "Settings"}. Executing controller action with signature System.Threading.Tasks.Task`1[Microsoft.AspNetCore.Mvc.ActionResult`1[KanbanServer.Models.Setting]] Get() on controller KanbanServer.Controllers.SettingsController (KanbanServer).
2026-06-20 18:47:49.889 +09:00 [INF] Executed DbCommand (0ms) [Parameters=[], CommandType='"Text"', CommandTimeout='30']
SELECT "s"."Id", "s"."Holidays", "s"."HolidaysJson", "s"."LabelsJson", "s"."Users", "s"."UsersJson"
FROM "Settings" AS "s"
LIMIT 1
2026-06-20 18:47:49.892 +09:00 [INF] Executing OkObjectResult, writing value of type 'KanbanServer.Models.Setting'.
2026-06-20 18:47:49.894 +09:00 [INF] Executed action KanbanServer.Controllers.SettingsController.Get (KanbanServer) in 5.7791ms
2026-06-20 18:47:49.895 +09:00 [INF] Executed endpoint 'KanbanServer.Controllers.SettingsController.Get (KanbanServer)'
2026-06-20 18:47:49.897 +09:00 [INF] Request finished HTTP/1.1 GET http://localhost:5000/api/settings - 200 null application/json; charset=utf-8 15.9247ms
2026-06-20 18:49:41.848 +09:00 [INF] Request starting HTTP/1.1 GET http://localhost:5000/api/settings - null null
2026-06-20 18:49:41.850 +09:00 [INF] Executing endpoint 'KanbanServer.Controllers.SettingsController.Get (KanbanServer)'
2026-06-20 18:49:41.851 +09:00 [INF] Route matched with {action = "Get", controller = "Settings"}. Executing controller action with signature System.Threading.Tasks.Task`1[Microsoft.AspNetCore.Mvc.ActionResult`1[KanbanServer.Models.Setting]] Get() on controller KanbanServer.Controllers.SettingsController (KanbanServer).
2026-06-20 18:49:41.854 +09:00 [INF] Executed DbCommand (0ms) [Parameters=[], CommandType='"Text"', CommandTimeout='30']
SELECT "s"."Id", "s"."Holidays", "s"."HolidaysJson", "s"."LabelsJson", "s"."Users", "s"."UsersJson"
FROM "Settings" AS "s"
LIMIT 1
2026-06-20 18:49:41.856 +09:00 [INF] Executing OkObjectResult, writing value of type 'KanbanServer.Models.Setting'.
2026-06-20 18:49:41.858 +09:00 [INF] Executed action KanbanServer.Controllers.SettingsController.Get (KanbanServer) in 4.6794ms
2026-06-20 18:49:41.859 +09:00 [INF] Executed endpoint 'KanbanServer.Controllers.SettingsController.Get (KanbanServer)'
2026-06-20 18:49:41.860 +09:00 [INF] Request finished HTTP/1.1 GET http://localhost:5000/api/settings - 200 null application/json; charset=utf-8 11.9322ms
2026-06-20 19:01:18.981 +09:00 [INF] Executed DbCommand (13ms) [Parameters=[], CommandType='"Text"', CommandTimeout='30']
SELECT COUNT(*) FROM "sqlite_master" WHERE "type" = 'table' AND "rootpage" IS NOT NULL;
2026-06-20 19:01:19.063 +09:00 [WRN] Overriding address(es) 'http://localhost:5171'. Binding to endpoints defined via IConfiguration and/or UseKestrel() instead.
2026-06-20 19:01:19.070 +09:00 [INF] Now listening on: http://0.0.0.0:5000
2026-06-20 19:01:19.070 +09:00 [INF] Application started. Press Ctrl+C to shut down.
2026-06-20 19:01:19.070 +09:00 [INF] Hosting environment: Development
2026-06-20 19:01:19.071 +09:00 [INF] Content root path: C:\repos\mykanban
2026-06-20 19:01:29.639 +09:00 [INF] Request starting HTTP/1.1 GET http://localhost:5000/ - null null
2026-06-20 19:01:29.659 +09:00 [INF] Executing endpoint 'Fallback {*path:nonfile}'
2026-06-20 19:01:29.665 +09:00 [INF] Executed endpoint 'Fallback {*path:nonfile}'
2026-06-20 19:01:29.669 +09:00 [INF] Request finished HTTP/1.1 GET http://localhost:5000/ - 200 null text/html; charset=utf-8 30.7209ms
2026-06-20 19:01:29.672 +09:00 [INF] Request starting HTTP/1.1 GET http://localhost:5000/styles.css - null null
2026-06-20 19:01:29.688 +09:00 [INF] Sending file. Request path: '/styles.css'. Physical path: 'C:\repos\mykanban\bin\Debug\net10.0\wwwroot\styles.css'
2026-06-20 19:01:29.688 +09:00 [INF] Request finished HTTP/1.1 GET http://localhost:5000/styles.css - 200 60734 text/css 16.6356ms
2026-06-20 19:01:29.690 +09:00 [INF] Request starting HTTP/1.1 GET http://localhost:5000/modules/modal.js - null null
2026-06-20 19:01:29.693 +09:00 [INF] CORS policy execution successful.
2026-06-20 19:01:29.694 +09:00 [INF] The file /modules/modal.js was not modified
2026-06-20 19:01:29.695 +09:00 [INF] Request finished HTTP/1.1 GET http://localhost:5000/modules/modal.js - 304 null text/javascript 5.4635ms
2026-06-20 19:01:31.064 +09:00 [INF] Request starting HTTP/1.1 GET http://localhost:5000/ - null null
2026-06-20 19:01:31.065 +09:00 [INF] Executing endpoint 'Fallback {*path:nonfile}'
2026-06-20 19:01:31.066 +09:00 [INF] Executed endpoint 'Fallback {*path:nonfile}'
2026-06-20 19:01:31.067 +09:00 [INF] Request finished HTTP/1.1 GET http://localhost:5000/ - 200 null text/html; charset=utf-8 3.2722ms
2026-06-20 19:01:31.073 +09:00 [INF] Request starting HTTP/1.1 GET http://localhost:5000/styles.css - null null
2026-06-20 19:01:31.074 +09:00 [INF] Request starting HTTP/1.1 GET http://localhost:5000/app.js - null null
2026-06-20 19:01:31.075 +09:00 [INF] CORS policy execution successful.
2026-06-20 19:01:31.077 +09:00 [INF] Sending file. Request path: '/styles.css'. Physical path: 'C:\repos\mykanban\bin\Debug\net10.0\wwwroot\styles.css'
2026-06-20 19:01:31.078 +09:00 [INF] Request finished HTTP/1.1 GET http://localhost:5000/styles.css - 200 60734 text/css 4.9517ms
2026-06-20 19:01:31.080 +09:00 [INF] Sending file. Request path: '/app.js'. Physical path: 'C:\repos\mykanban\bin\Debug\net10.0\wwwroot\app.js'
2026-06-20 19:01:31.081 +09:00 [INF] Request finished HTTP/1.1 GET http://localhost:5000/app.js - 200 23659 text/javascript 6.7841ms
2026-06-20 19:01:31.115 +09:00 [INF] Request starting HTTP/1.1 GET http://localhost:5000/modules/renderer.js - null null
2026-06-20 19:01:31.115 +09:00 [INF] Request starting HTTP/1.1 GET http://localhost:5000/modules/state.js - null null
2026-06-20 19:01:31.115 +09:00 [INF] Request starting HTTP/1.1 GET http://localhost:5000/modules/api.js - null null
2026-06-20 19:01:31.121 +09:00 [INF] CORS policy execution successful.
2026-06-20 19:01:31.121 +09:00 [INF] CORS policy execution successful.
2026-06-20 19:01:31.121 +09:00 [INF] CORS policy execution successful.
2026-06-20 19:01:31.123 +09:00 [INF] Sending file. Request path: '/modules/state.js'. Physical path: 'C:\repos\mykanban\bin\Debug\net10.0\wwwroot\modules\state.js'
2026-06-20 19:01:31.123 +09:00 [INF] Sending file. Request path: '/modules/renderer.js'. Physical path: 'C:\repos\mykanban\bin\Debug\net10.0\wwwroot\modules\renderer.js'
2026-06-20 19:01:31.125 +09:00 [INF] Sending file. Request path: '/modules/api.js'. Physical path: 'C:\repos\mykanban\bin\Debug\net10.0\wwwroot\modules\api.js'
2026-06-20 19:01:31.126 +09:00 [INF] Request finished HTTP/1.1 GET http://localhost:5000/modules/api.js - 200 6109 text/javascript 11.5491ms
2026-06-20 19:01:31.126 +09:00 [INF] Request finished HTTP/1.1 GET http://localhost:5000/modules/state.js - 200 20762 text/javascript 10.5009ms
2026-06-20 19:01:31.126 +09:00 [INF] Request finished HTTP/1.1 GET http://localhost:5000/modules/renderer.js - 200 29602 text/javascript 10.4802ms
2026-06-20 19:01:31.133 +09:00 [INF] Request starting HTTP/1.1 GET http://localhost:5000/modules/dragdrop.js - null null
2026-06-20 19:01:31.133 +09:00 [INF] Request starting HTTP/1.1 GET http://localhost:5000/modules/modal.js - null null
2026-06-20 19:01:31.133 +09:00 [INF] Request starting HTTP/1.1 GET http://localhost:5000/modules/labels.js - null null
2026-06-20 19:01:31.139 +09:00 [INF] CORS policy execution successful.
2026-06-20 19:01:31.140 +09:00 [INF] CORS policy execution successful.
2026-06-20 19:01:31.139 +09:00 [INF] CORS policy execution successful.
2026-06-20 19:01:31.141 +09:00 [INF] Sending file. Request path: '/modules/dragdrop.js'. Physical path: 'C:\repos\mykanban\bin\Debug\net10.0\wwwroot\modules\dragdrop.js'
2026-06-20 19:01:31.142 +09:00 [INF] Sending file. Request path: '/modules/modal.js'. Physical path: 'C:\repos\mykanban\bin\Debug\net10.0\wwwroot\modules\modal.js'
2026-06-20 19:01:31.143 +09:00 [INF] Request finished HTTP/1.1 GET http://localhost:5000/modules/dragdrop.js - 200 7088 text/javascript 9.0206ms
2026-06-20 19:01:31.143 +09:00 [INF] Sending file. Request path: '/modules/labels.js'. Physical path: 'C:\repos\mykanban\bin\Debug\net10.0\wwwroot\modules\labels.js'
2026-06-20 19:01:31.143 +09:00 [INF] Request finished HTTP/1.1 GET http://localhost:5000/modules/modal.js - 200 21369 text/javascript 10.0042ms
2026-06-20 19:01:31.149 +09:00 [INF] Request finished HTTP/1.1 GET http://localhost:5000/modules/labels.js - 200 5192 text/javascript 15.6872ms
2026-06-20 19:01:31.149 +09:00 [INF] Request starting HTTP/1.1 GET http://localhost:5000/modules/childtasks.js - null null
2026-06-20 19:01:31.152 +09:00 [INF] Request starting HTTP/1.1 GET http://localhost:5000/modules/assignees.js - null null
2026-06-20 19:01:31.156 +09:00 [INF] Request starting HTTP/1.1 GET http://localhost:5000/modules/history.js - null null
2026-06-20 19:01:31.157 +09:00 [INF] CORS policy execution successful.
2026-06-20 19:01:31.157 +09:00 [INF] CORS policy execution successful.
2026-06-20 19:01:31.159 +09:00 [INF] CORS policy execution successful.
2026-06-20 19:01:31.159 +09:00 [INF] Sending file. Request path: '/modules/assignees.js'. Physical path: 'C:\repos\mykanban\bin\Debug\net10.0\wwwroot\modules\assignees.js'
2026-06-20 19:01:31.160 +09:00 [INF] Sending file. Request path: '/modules/childtasks.js'. Physical path: 'C:\repos\mykanban\bin\Debug\net10.0\wwwroot\modules\childtasks.js'
2026-06-20 19:01:31.160 +09:00 [INF] Request finished HTTP/1.1 GET http://localhost:5000/modules/assignees.js - 200 8700 text/javascript 11.2301ms
2026-06-20 19:01:31.163 +09:00 [INF] Sending file. Request path: '/modules/history.js'. Physical path: 'C:\repos\mykanban\bin\Debug\net10.0\wwwroot\modules\history.js'
2026-06-20 19:01:31.164 +09:00 [INF] Request finished HTTP/1.1 GET http://localhost:5000/modules/history.js - 200 9423 text/javascript 8.8142ms
2026-06-20 19:01:31.164 +09:00 [INF] Request finished HTTP/1.1 GET http://localhost:5000/modules/childtasks.js - 200 11906 text/javascript 14.4389ms
2026-06-20 19:01:31.171 +09:00 [INF] Request starting HTTP/1.1 GET http://localhost:5000/modules/archive.js - null null
2026-06-20 19:01:31.171 +09:00 [INF] Request starting HTTP/1.1 GET http://localhost:5000/modules/actual.js - null null
2026-06-20 19:01:31.175 +09:00 [INF] Request starting HTTP/1.1 GET http://localhost:5000/modules/filter.js - null null
2026-06-20 19:01:31.177 +09:00 [INF] CORS policy execution successful.
2026-06-20 19:01:31.177 +09:00 [INF] CORS policy execution successful.
2026-06-20 19:01:31.177 +09:00 [INF] CORS policy execution successful.
2026-06-20 19:01:31.180 +09:00 [INF] Sending file. Request path: '/modules/actual.js'. Physical path: 'C:\repos\mykanban\bin\Debug\net10.0\wwwroot\modules\actual.js'
2026-06-20 19:01:31.180 +09:00 [INF] Sending file. Request path: '/modules/archive.js'. Physical path: 'C:\repos\mykanban\bin\Debug\net10.0\wwwroot\modules\archive.js'
2026-06-20 19:01:31.182 +09:00 [INF] Sending file. Request path: '/modules/filter.js'. Physical path: 'C:\repos\mykanban\bin\Debug\net10.0\wwwroot\modules\filter.js'
2026-06-20 19:01:31.182 +09:00 [INF] Request finished HTTP/1.1 GET http://localhost:5000/modules/archive.js - 200 944 text/javascript 11.4594ms
2026-06-20 19:01:31.184 +09:00 [INF] Request finished HTTP/1.1 GET http://localhost:5000/modules/actual.js - 200 11688 text/javascript 11.4636ms
2026-06-20 19:01:31.190 +09:00 [INF] Request finished HTTP/1.1 GET http://localhost:5000/modules/filter.js - 200 7563 text/javascript 8.5637ms
2026-06-20 19:01:31.190 +09:00 [INF] Request starting HTTP/1.1 GET http://localhost:5000/modules/memo.js - null null
2026-06-20 19:01:31.190 +09:00 [INF] Request starting HTTP/1.1 GET http://localhost:5000/modules/settings.js - null null
2026-06-20 19:01:31.196 +09:00 [INF] Request starting HTTP/1.1 GET http://localhost:5000/modules/auth.js - null null
2026-06-20 19:01:31.198 +09:00 [INF] CORS policy execution successful.
2026-06-20 19:01:31.198 +09:00 [INF] CORS policy execution successful.
2026-06-20 19:01:31.200 +09:00 [INF] CORS policy execution successful.
2026-06-20 19:01:31.201 +09:00 [INF] Sending file. Request path: '/modules/memo.js'. Physical path: 'C:\repos\mykanban\bin\Debug\net10.0\wwwroot\modules\memo.js'
2026-06-20 19:01:31.202 +09:00 [INF] Sending file. Request path: '/modules/settings.js'. Physical path: 'C:\repos\mykanban\bin\Debug\net10.0\wwwroot\modules\settings.js'
2026-06-20 19:01:31.202 +09:00 [INF] Request finished HTTP/1.1 GET http://localhost:5000/modules/memo.js - 200 3562 text/javascript 12.8416ms
2026-06-20 19:01:31.206 +09:00 [INF] Sending file. Request path: '/modules/auth.js'. Physical path: 'C:\repos\mykanban\bin\Debug\net10.0\wwwroot\modules\auth.js'
2026-06-20 19:01:31.207 +09:00 [INF] Request finished HTTP/1.1 GET http://localhost:5000/modules/auth.js - 200 4113 text/javascript 11.2039ms
2026-06-20 19:01:31.207 +09:00 [INF] Request finished HTTP/1.1 GET http://localhost:5000/modules/settings.js - 200 28809 text/javascript 16.7828ms
2026-06-20 19:01:31.212 +09:00 [INF] Request starting HTTP/1.1 GET http://localhost:5000/modules/logger.js - null null
2026-06-20 19:01:31.214 +09:00 [INF] Request starting HTTP/1.1 GET http://localhost:5000/modules/charts.js - null null
2026-06-20 19:01:31.214 +09:00 [INF] Request starting HTTP/1.1 GET http://localhost:5000/modules/ticketService.js - null null
2026-06-20 19:01:31.219 +09:00 [INF] CORS policy execution successful.
2026-06-20 19:01:31.220 +09:00 [INF] CORS policy execution successful.
2026-06-20 19:01:31.220 +09:00 [INF] CORS policy execution successful.
2026-06-20 19:01:31.221 +09:00 [INF] Sending file. Request path: '/modules/logger.js'. Physical path: 'C:\repos\mykanban\bin\Debug\net10.0\wwwroot\modules\logger.js'
2026-06-20 19:01:31.221 +09:00 [INF] Sending file. Request path: '/modules/ticketService.js'. Physical path: 'C:\repos\mykanban\bin\Debug\net10.0\wwwroot\modules\ticketService.js'
2026-06-20 19:01:31.224 +09:00 [INF] Sending file. Request path: '/modules/charts.js'. Physical path: 'C:\repos\mykanban\bin\Debug\net10.0\wwwroot\modules\charts.js'
2026-06-20 19:01:31.225 +09:00 [INF] Request finished HTTP/1.1 GET http://localhost:5000/modules/logger.js - 200 6900 text/javascript 11.5174ms
2026-06-20 19:01:31.225 +09:00 [INF] Request finished HTTP/1.1 GET http://localhost:5000/modules/ticketService.js - 200 1719 text/javascript 9.4806ms
2026-06-20 19:01:31.225 +09:00 [INF] Request finished HTTP/1.1 GET http://localhost:5000/modules/charts.js - 200 46291 text/javascript 10.7793ms
2026-06-20 19:01:31.235 +09:00 [INF] Request starting HTTP/1.1 GET http://localhost:5000/favicon.ico - null null
2026-06-20 19:01:31.237 +09:00 [INF] Request finished HTTP/1.1 GET http://localhost:5000/favicon.ico - 404 0 null 2.536ms
2026-06-20 19:01:31.240 +09:00 [INF] Request reached the end of the middleware pipeline without being handled by application code. Request path: GET http://localhost:5000/favicon.ico, Response status code: 404
2026-06-20 19:01:32.201 +09:00 [INF] Request starting HTTP/1.1 POST http://localhost:5000/api/auth/login - application/json 38
2026-06-20 19:01:32.210 +09:00 [INF] CORS policy execution successful.
2026-06-20 19:01:32.212 +09:00 [INF] Executing endpoint 'KanbanServer.Controllers.AuthController.Login (KanbanServer)'
2026-06-20 19:01:32.223 +09:00 [INF] Route matched with {action = "Login", controller = "Auth"}. Executing controller action with signature Microsoft.AspNetCore.Mvc.IActionResult Login(LoginRequest) on controller KanbanServer.Controllers.AuthController (KanbanServer).
2026-06-20 19:01:32.249 +09:00 [INF] Executing OkObjectResult, writing value of type '<>f__AnonymousType1`3[[System.String, System.Private.CoreLib, Version=10.0.0.0, Culture=neutral, PublicKeyToken=7cec85d7bea7798e],[System.Boolean, System.Private.CoreLib, Version=10.0.0.0, Culture=neutral, PublicKeyToken=7cec85d7bea7798e],[System.String, System.Private.CoreLib, Version=10.0.0.0, Culture=neutral, PublicKeyToken=7cec85d7bea7798e]]'.
2026-06-20 19:01:32.256 +09:00 [INF] Executed action KanbanServer.Controllers.AuthController.Login (KanbanServer) in 28.1042ms
2026-06-20 19:01:32.256 +09:00 [INF] Executed endpoint 'KanbanServer.Controllers.AuthController.Login (KanbanServer)'
2026-06-20 19:01:32.257 +09:00 [INF] Request finished HTTP/1.1 POST http://localhost:5000/api/auth/login - 200 null application/json; charset=utf-8 56.2335ms
2026-06-20 19:01:32.260 +09:00 [INF] Request starting HTTP/1.1 GET http://localhost:5000/api/settings - null null
2026-06-20 19:01:32.262 +09:00 [INF] Executing endpoint 'KanbanServer.Controllers.SettingsController.Get (KanbanServer)'
2026-06-20 19:01:32.267 +09:00 [INF] Route matched with {action = "Get", controller = "Settings"}. Executing controller action with signature System.Threading.Tasks.Task`1[Microsoft.AspNetCore.Mvc.ActionResult`1[KanbanServer.Models.Setting]] Get() on controller KanbanServer.Controllers.SettingsController (KanbanServer).
2026-06-20 19:01:32.372 +09:00 [WRN] The query uses the 'First'/'FirstOrDefault' operator without 'OrderBy' and filter operators. This may lead to unpredictable results.
2026-06-20 19:01:32.565 +09:00 [INF] Executed DbCommand (1ms) [Parameters=[], CommandType='"Text"', CommandTimeout='30']
SELECT "s"."Id", "s"."Holidays", "s"."HolidaysJson", "s"."LabelsJson", "s"."Users", "s"."UsersJson"
FROM "Settings" AS "s"
LIMIT 1
2026-06-20 19:01:32.603 +09:00 [INF] Executing OkObjectResult, writing value of type 'KanbanServer.Models.Setting'.
2026-06-20 19:01:32.606 +09:00 [INF] Executed action KanbanServer.Controllers.SettingsController.Get (KanbanServer) in 338.0361ms
2026-06-20 19:01:32.607 +09:00 [INF] Executed endpoint 'KanbanServer.Controllers.SettingsController.Get (KanbanServer)'
2026-06-20 19:01:32.609 +09:00 [INF] Request starting HTTP/1.1 GET http://localhost:5000/api/tickets/assignees/suggest - null null
2026-06-20 19:01:32.609 +09:00 [INF] Request starting HTTP/1.1 GET http://localhost:5000/api/tickets/labels/suggest - null null
2026-06-20 19:01:32.611 +09:00 [INF] Request finished HTTP/1.1 GET http://localhost:5000/api/settings - 200 null application/json; charset=utf-8 351.1826ms
2026-06-20 19:01:32.612 +09:00 [INF] Request starting HTTP/1.1 GET http://localhost:5000/api/tickets - null null
2026-06-20 19:01:32.613 +09:00 [INF] Executing endpoint 'KanbanServer.Controllers.TicketsController.GetLabelsSuggest (KanbanServer)'
2026-06-20 19:01:32.613 +09:00 [INF] Executing endpoint 'KanbanServer.Controllers.TicketsController.GetAssigneesSuggest (KanbanServer)'
2026-06-20 19:01:32.614 +09:00 [INF] Executing endpoint 'KanbanServer.Controllers.TicketsController.GetAll (KanbanServer)'
2026-06-20 19:01:32.618 +09:00 [INF] Route matched with {action = "GetLabelsSuggest", controller = "Tickets"}. Executing controller action with signature System.Threading.Tasks.Task`1[Microsoft.AspNetCore.Mvc.ActionResult`1[System.Collections.Generic.List`1[KanbanServer.Models.LabelSuggestDto]]] GetLabelsSuggest() on controller KanbanServer.Controllers.TicketsController (KanbanServer).
2026-06-20 19:01:32.618 +09:00 [INF] Route matched with {action = "GetAll", controller = "Tickets"}. Executing controller action with signature System.Threading.Tasks.Task`1[Microsoft.AspNetCore.Mvc.ActionResult`1[System.Collections.Generic.List`1[KanbanServer.Models.Ticket]]] GetAll() on controller KanbanServer.Controllers.TicketsController (KanbanServer).
2026-06-20 19:01:32.618 +09:00 [INF] Route matched with {action = "GetAssigneesSuggest", controller = "Tickets"}. Executing controller action with signature System.Threading.Tasks.Task`1[Microsoft.AspNetCore.Mvc.ActionResult`1[System.Collections.Generic.List`1[System.String]]] GetAssigneesSuggest() on controller KanbanServer.Controllers.TicketsController (KanbanServer).
2026-06-20 19:01:32.668 +09:00 [INF] Executed DbCommand (0ms) [Parameters=[], CommandType='"Text"', CommandTimeout='30']
SELECT "s"."Id", "s"."Holidays", "s"."HolidaysJson", "s"."LabelsJson", "s"."Users", "s"."UsersJson"
FROM "Settings" AS "s"
LIMIT 1
2026-06-20 19:01:32.679 +09:00 [INF] Executed DbCommand (0ms) [Parameters=[], CommandType='"Text"', CommandTimeout='30']
SELECT "t"."TicketId", "t"."Assignees", "t"."AssigneesJson", "t"."Category", "t"."ChildTasksJson", "t"."Column", "t"."CreatedAt", "t"."Effort", "t"."EndDate", "t"."Id", "t"."IsArchived", "t"."IsEmergency", "t"."IsLocked", "t"."Labels", "t"."LabelsJson", "t"."MainAssignee", "t"."Memo", "t"."Position", "t"."PreviousColumn", "t"."Progress", "t"."StartDate", "t"."Title"
FROM "Tickets" AS "t"
2026-06-20 19:01:32.680 +09:00 [INF] Executed DbCommand (7ms) [Parameters=[], CommandType='"Text"', CommandTimeout='30']
SELECT "s"."Id", "s"."Holidays", "s"."HolidaysJson", "s"."LabelsJson", "s"."Users", "s"."UsersJson"
FROM "Settings" AS "s"
LIMIT 1
2026-06-20 19:01:32.702 +09:00 [INF] Executed DbCommand (0ms) [Parameters=[], CommandType='"Text"', CommandTimeout='30']
SELECT "t"."TicketId", "t"."Assignees", "t"."AssigneesJson", "t"."Category", "t"."ChildTasksJson", "t"."Column", "t"."CreatedAt", "t"."Effort", "t"."EndDate", "t"."Id", "t"."IsArchived", "t"."IsEmergency", "t"."IsLocked", "t"."Labels", "t"."LabelsJson", "t"."MainAssignee", "t"."Memo", "t"."Position", "t"."PreviousColumn", "t"."Progress", "t"."StartDate", "t"."Title"
FROM "Tickets" AS "t"
WHERE length("t"."AssigneesJson") > 2
2026-06-20 19:01:32.706 +09:00 [INF] Executing OkObjectResult, writing value of type 'System.Collections.Generic.List`1[[System.String, System.Private.CoreLib, Version=10.0.0.0, Culture=neutral, PublicKeyToken=7cec85d7bea7798e]]'.
2026-06-20 19:01:32.706 +09:00 [INF] Executed DbCommand (4ms) [Parameters=[], CommandType='"Text"', CommandTimeout='30']
SELECT "t"."TicketId", "t"."Assignees", "t"."AssigneesJson", "t"."Category", "t"."ChildTasksJson", "t"."Column", "t"."CreatedAt", "t"."Effort", "t"."EndDate", "t"."Id", "t"."IsArchived", "t"."IsEmergency", "t"."IsLocked", "t"."Labels", "t"."LabelsJson", "t"."MainAssignee", "t"."Memo", "t"."Position", "t"."PreviousColumn", "t"."Progress", "t"."StartDate", "t"."Title"
FROM "Tickets" AS "t"
WHERE length("t"."LabelsJson") > 2
2026-06-20 19:01:32.708 +09:00 [INF] Executed action KanbanServer.Controllers.TicketsController.GetAssigneesSuggest (KanbanServer) in 88.0509ms
2026-06-20 19:01:32.708 +09:00 [INF] Executed endpoint 'KanbanServer.Controllers.TicketsController.GetAssigneesSuggest (KanbanServer)'
2026-06-20 19:01:32.709 +09:00 [INF] Executing OkObjectResult, writing value of type 'System.Collections.Generic.List`1[[KanbanServer.Models.LabelSuggestDto, KanbanServer, Version=1.0.0.0, Culture=neutral, PublicKeyToken=null]]'.
2026-06-20 19:01:32.710 +09:00 [INF] Request finished HTTP/1.1 GET http://localhost:5000/api/tickets/assignees/suggest - 200 null application/json; charset=utf-8 101.1243ms
2026-06-20 19:01:32.711 +09:00 [INF] Executed action KanbanServer.Controllers.TicketsController.GetLabelsSuggest (KanbanServer) in 92.4986ms
2026-06-20 19:01:32.711 +09:00 [INF] Executed endpoint 'KanbanServer.Controllers.TicketsController.GetLabelsSuggest (KanbanServer)'
2026-06-20 19:01:32.712 +09:00 [INF] Request finished HTTP/1.1 GET http://localhost:5000/api/tickets/labels/suggest - 200 null application/json; charset=utf-8 103.2914ms
2026-06-20 19:01:32.718 +09:00 [INF] Executing OkObjectResult, writing value of type 'System.Collections.Generic.List`1[[KanbanServer.Models.Ticket, KanbanServer, Version=1.0.0.0, Culture=neutral, PublicKeyToken=null]]'.
2026-06-20 19:01:32.729 +09:00 [INF] Executed action KanbanServer.Controllers.TicketsController.GetAll (KanbanServer) in 109.4473ms
2026-06-20 19:01:32.729 +09:00 [INF] Executed endpoint 'KanbanServer.Controllers.TicketsController.GetAll (KanbanServer)'
2026-06-20 19:01:32.730 +09:00 [INF] Request finished HTTP/1.1 GET http://localhost:5000/api/tickets - 200 null application/json; charset=utf-8 117.5563ms
2026-06-20 19:01:35.847 +09:00 [INF] Request starting HTTP/1.1 GET http://localhost:5000/api/settings - null null
2026-06-20 19:01:35.853 +09:00 [INF] Executing endpoint 'KanbanServer.Controllers.SettingsController.Get (KanbanServer)'
2026-06-20 19:01:35.855 +09:00 [INF] Route matched with {action = "Get", controller = "Settings"}. Executing controller action with signature System.Threading.Tasks.Task`1[Microsoft.AspNetCore.Mvc.ActionResult`1[KanbanServer.Models.Setting]] Get() on controller KanbanServer.Controllers.SettingsController (KanbanServer).
2026-06-20 19:01:35.861 +09:00 [INF] Executed DbCommand (0ms) [Parameters=[], CommandType='"Text"', CommandTimeout='30']
SELECT "s"."Id", "s"."Holidays", "s"."HolidaysJson", "s"."LabelsJson", "s"."Users", "s"."UsersJson"
FROM "Settings" AS "s"
LIMIT 1
2026-06-20 19:01:35.864 +09:00 [INF] Executing OkObjectResult, writing value of type 'KanbanServer.Models.Setting'.
2026-06-20 19:01:35.867 +09:00 [INF] Executed action KanbanServer.Controllers.SettingsController.Get (KanbanServer) in 8.1244ms
2026-06-20 19:01:35.869 +09:00 [INF] Executed endpoint 'KanbanServer.Controllers.SettingsController.Get (KanbanServer)'
2026-06-20 19:01:35.871 +09:00 [INF] Request finished HTTP/1.1 GET http://localhost:5000/api/settings - 200 null application/json; charset=utf-8 24.1456ms
2026-06-20 19:01:37.432 +09:00 [INF] Request starting HTTP/1.1 GET http://localhost:5000/api/settings - null null
2026-06-20 19:01:37.438 +09:00 [INF] Executing endpoint 'KanbanServer.Controllers.SettingsController.Get (KanbanServer)'
2026-06-20 19:01:37.440 +09:00 [INF] Route matched with {action = "Get", controller = "Settings"}. Executing controller action with signature System.Threading.Tasks.Task`1[Microsoft.AspNetCore.Mvc.ActionResult`1[KanbanServer.Models.Setting]] Get() on controller KanbanServer.Controllers.SettingsController (KanbanServer).
2026-06-20 19:01:37.443 +09:00 [INF] Executed DbCommand (0ms) [Parameters=[], CommandType='"Text"', CommandTimeout='30']
SELECT "s"."Id", "s"."Holidays", "s"."HolidaysJson", "s"."LabelsJson", "s"."Users", "s"."UsersJson"
FROM "Settings" AS "s"
LIMIT 1
2026-06-20 19:01:37.446 +09:00 [INF] Executing OkObjectResult, writing value of type 'KanbanServer.Models.Setting'.
2026-06-20 19:01:37.448 +09:00 [INF] Executed action KanbanServer.Controllers.SettingsController.Get (KanbanServer) in 5.5474ms
2026-06-20 19:01:37.450 +09:00 [INF] Executed endpoint 'KanbanServer.Controllers.SettingsController.Get (KanbanServer)'
2026-06-20 19:01:37.451 +09:00 [INF] Request finished HTTP/1.1 GET http://localhost:5000/api/settings - 200 null application/json; charset=utf-8 18.728ms
2026-06-20 19:16:30.620 +09:00 [INF] Executed DbCommand (17ms) [Parameters=[], CommandType='"Text"', CommandTimeout='30']
SELECT COUNT(*) FROM "sqlite_master" WHERE "type" = 'table' AND "rootpage" IS NOT NULL;
2026-06-20 19:16:30.708 +09:00 [WRN] Overriding address(es) 'http://localhost:5171'. Binding to endpoints defined via IConfiguration and/or UseKestrel() instead.
2026-06-20 19:16:30.715 +09:00 [INF] Now listening on: http://0.0.0.0:5000
2026-06-20 19:16:30.715 +09:00 [INF] Application started. Press Ctrl+C to shut down.
2026-06-20 19:16:30.716 +09:00 [INF] Hosting environment: Development
2026-06-20 19:16:30.716 +09:00 [INF] Content root path: C:\repos\mykanban
2026-06-20 19:16:39.346 +09:00 [INF] Request starting HTTP/1.1 GET http://localhost:5000/ - null null
2026-06-20 19:16:39.365 +09:00 [INF] Executing endpoint 'Fallback {*path:nonfile}'
2026-06-20 19:16:39.371 +09:00 [INF] Executed endpoint 'Fallback {*path:nonfile}'
2026-06-20 19:16:39.373 +09:00 [INF] Request finished HTTP/1.1 GET http://localhost:5000/ - 200 null text/html; charset=utf-8 28.335ms
2026-06-20 19:16:39.377 +09:00 [INF] Request starting HTTP/1.1 GET http://localhost:5000/styles.css - null null
2026-06-20 19:16:39.394 +09:00 [INF] Sending file. Request path: '/styles.css'. Physical path: 'C:\repos\mykanban\bin\Debug\net10.0\wwwroot\styles.css'
2026-06-20 19:16:39.396 +09:00 [INF] Request finished HTTP/1.1 GET http://localhost:5000/styles.css - 200 60736 text/css 19.3398ms
2026-06-20 19:16:39.398 +09:00 [INF] Request starting HTTP/1.1 GET http://localhost:5000/modules/modal.js - null null
2026-06-20 19:16:39.401 +09:00 [INF] CORS policy execution successful.
2026-06-20 19:16:39.402 +09:00 [INF] The file /modules/modal.js was not modified
2026-06-20 19:16:39.403 +09:00 [INF] Request finished HTTP/1.1 GET http://localhost:5000/modules/modal.js - 304 null text/javascript 5.067ms
2026-06-20 19:16:40.719 +09:00 [INF] Request starting HTTP/1.1 GET http://localhost:5000/ - null null
2026-06-20 19:16:40.721 +09:00 [INF] Executing endpoint 'Fallback {*path:nonfile}'
2026-06-20 19:16:40.723 +09:00 [INF] Executed endpoint 'Fallback {*path:nonfile}'
2026-06-20 19:16:40.724 +09:00 [INF] Request finished HTTP/1.1 GET http://localhost:5000/ - 200 null text/html; charset=utf-8 4.5351ms
2026-06-20 19:16:40.727 +09:00 [INF] Request starting HTTP/1.1 GET http://localhost:5000/styles.css - null null
2026-06-20 19:16:40.729 +09:00 [INF] Request starting HTTP/1.1 GET http://localhost:5000/app.js - null null
2026-06-20 19:16:40.730 +09:00 [INF] CORS policy execution successful.
2026-06-20 19:16:40.732 +09:00 [INF] Sending file. Request path: '/styles.css'. Physical path: 'C:\repos\mykanban\bin\Debug\net10.0\wwwroot\styles.css'
2026-06-20 19:16:40.734 +09:00 [INF] Request finished HTTP/1.1 GET http://localhost:5000/styles.css - 200 60736 text/css 6.879ms
2026-06-20 19:16:40.738 +09:00 [INF] Sending file. Request path: '/app.js'. Physical path: 'C:\repos\mykanban\bin\Debug\net10.0\wwwroot\app.js'
2026-06-20 19:16:40.740 +09:00 [INF] Request finished HTTP/1.1 GET http://localhost:5000/app.js - 200 23659 text/javascript 10.7241ms
2026-06-20 19:16:40.769 +09:00 [INF] Request starting HTTP/1.1 GET http://localhost:5000/modules/api.js - null null
2026-06-20 19:16:40.769 +09:00 [INF] Request starting HTTP/1.1 GET http://localhost:5000/modules/state.js - null null
2026-06-20 19:16:40.776 +09:00 [INF] CORS policy execution successful.
2026-06-20 19:16:40.776 +09:00 [INF] Request starting HTTP/1.1 GET http://localhost:5000/modules/renderer.js - null null
2026-06-20 19:16:40.777 +09:00 [INF] CORS policy execution successful.
2026-06-20 19:16:40.781 +09:00 [INF] CORS policy execution successful.
2026-06-20 19:16:40.782 +09:00 [INF] Sending file. Request path: '/modules/state.js'. Physical path: 'C:\repos\mykanban\bin\Debug\net10.0\wwwroot\modules\state.js'
2026-06-20 19:16:40.782 +09:00 [INF] Sending file. Request path: '/modules/api.js'. Physical path: 'C:\repos\mykanban\bin\Debug\net10.0\wwwroot\modules\api.js'
2026-06-20 19:16:40.785 +09:00 [INF] Request finished HTTP/1.1 GET http://localhost:5000/modules/api.js - 200 6109 text/javascript 15.3461ms
2026-06-20 19:16:40.785 +09:00 [INF] Request finished HTTP/1.1 GET http://localhost:5000/modules/state.js - 200 20762 text/javascript 15.4039ms
2026-06-20 19:16:40.792 +09:00 [INF] Sending file. Request path: '/modules/renderer.js'. Physical path: 'C:\repos\mykanban\bin\Debug\net10.0\wwwroot\modules\renderer.js'
2026-06-20 19:16:40.794 +09:00 [INF] Request starting HTTP/1.1 GET http://localhost:5000/modules/dragdrop.js - null null
2026-06-20 19:16:40.794 +09:00 [INF] Request finished HTTP/1.1 GET http://localhost:5000/modules/renderer.js - 200 29602 text/javascript 17.8268ms
2026-06-20 19:16:40.797 +09:00 [INF] Request starting HTTP/1.1 GET http://localhost:5000/modules/modal.js - null null
2026-06-20 19:16:40.804 +09:00 [INF] CORS policy execution successful.
2026-06-20 19:16:40.804 +09:00 [INF] CORS policy execution successful.
2026-06-20 19:16:40.804 +09:00 [INF] Request starting HTTP/1.1 GET http://localhost:5000/modules/labels.js - null null
2026-06-20 19:16:40.809 +09:00 [INF] CORS policy execution successful.
2026-06-20 19:16:40.810 +09:00 [INF] Sending file. Request path: '/modules/dragdrop.js'. Physical path: 'C:\repos\mykanban\bin\Debug\net10.0\wwwroot\modules\dragdrop.js'
2026-06-20 19:16:40.810 +09:00 [INF] Sending file. Request path: '/modules/modal.js'. Physical path: 'C:\repos\mykanban\bin\Debug\net10.0\wwwroot\modules\modal.js'
2026-06-20 19:16:40.813 +09:00 [INF] Request finished HTTP/1.1 GET http://localhost:5000/modules/dragdrop.js - 200 7088 text/javascript 19.5962ms
2026-06-20 19:16:40.813 +09:00 [INF] Request finished HTTP/1.1 GET http://localhost:5000/modules/modal.js - 200 21369 text/javascript 19.5718ms
2026-06-20 19:16:40.820 +09:00 [INF] Sending file. Request path: '/modules/labels.js'. Physical path: 'C:\repos\mykanban\bin\Debug\net10.0\wwwroot\modules\labels.js'
2026-06-20 19:16:40.821 +09:00 [INF] Request starting HTTP/1.1 GET http://localhost:5000/modules/assignees.js - null null
2026-06-20 19:16:40.822 +09:00 [INF] Request finished HTTP/1.1 GET http://localhost:5000/modules/labels.js - 200 5192 text/javascript 17.1991ms
2026-06-20 19:16:40.824 +09:00 [INF] Request starting HTTP/1.1 GET http://localhost:5000/modules/childtasks.js - null null
2026-06-20 19:16:40.830 +09:00 [INF] Request starting HTTP/1.1 GET http://localhost:5000/modules/history.js - null null
2026-06-20 19:16:40.831 +09:00 [INF] CORS policy execution successful.
2026-06-20 19:16:40.831 +09:00 [INF] CORS policy execution successful.
2026-06-20 19:16:40.832 +09:00 [INF] CORS policy execution successful.
2026-06-20 19:16:40.833 +09:00 [INF] Sending file. Request path: '/modules/assignees.js'. Physical path: 'C:\repos\mykanban\bin\Debug\net10.0\wwwroot\modules\assignees.js'
2026-06-20 19:16:40.835 +09:00 [INF] Sending file. Request path: '/modules/childtasks.js'. Physical path: 'C:\repos\mykanban\bin\Debug\net10.0\wwwroot\modules\childtasks.js'
2026-06-20 19:16:40.836 +09:00 [INF] Request finished HTTP/1.1 GET http://localhost:5000/modules/childtasks.js - 200 11906 text/javascript 12.3981ms
2026-06-20 19:16:40.836 +09:00 [INF] Sending file. Request path: '/modules/history.js'. Physical path: 'C:\repos\mykanban\bin\Debug\net10.0\wwwroot\modules\history.js'
2026-06-20 19:16:40.836 +09:00 [INF] Request finished HTTP/1.1 GET http://localhost:5000/modules/assignees.js - 200 8700 text/javascript 13.2664ms
2026-06-20 19:16:40.843 +09:00 [INF] Request starting HTTP/1.1 GET http://localhost:5000/modules/filter.js - null null
2026-06-20 19:16:40.843 +09:00 [INF] Request starting HTTP/1.1 GET http://localhost:5000/modules/actual.js - null null
2026-06-20 19:16:40.843 +09:00 [INF] Request finished HTTP/1.1 GET http://localhost:5000/modules/history.js - 200 9423 text/javascript 12.5718ms
2026-06-20 19:16:40.849 +09:00 [INF] Request starting HTTP/1.1 GET http://localhost:5000/modules/archive.js - null null
2026-06-20 19:16:40.849 +09:00 [INF] CORS policy execution successful.
2026-06-20 19:16:40.849 +09:00 [INF] CORS policy execution successful.
2026-06-20 19:16:40.852 +09:00 [INF] CORS policy execution successful.
2026-06-20 19:16:40.853 +09:00 [INF] Sending file. Request path: '/modules/filter.js'. Physical path: 'C:\repos\mykanban\bin\Debug\net10.0\wwwroot\modules\filter.js'
2026-06-20 19:16:40.853 +09:00 [INF] Sending file. Request path: '/modules/archive.js'. Physical path: 'C:\repos\mykanban\bin\Debug\net10.0\wwwroot\modules\archive.js'
2026-06-20 19:16:40.856 +09:00 [INF] Sending file. Request path: '/modules/actual.js'. Physical path: 'C:\repos\mykanban\bin\Debug\net10.0\wwwroot\modules\actual.js'
2026-06-20 19:16:40.857 +09:00 [INF] Request finished HTTP/1.1 GET http://localhost:5000/modules/actual.js - 200 11688 text/javascript 14.3961ms
2026-06-20 19:16:40.857 +09:00 [INF] Request finished HTTP/1.1 GET http://localhost:5000/modules/archive.js - 200 944 text/javascript 7.0178ms
2026-06-20 19:16:40.857 +09:00 [INF] Request finished HTTP/1.1 GET http://localhost:5000/modules/filter.js - 200 7563 text/javascript 13.3231ms
2026-06-20 19:16:40.868 +09:00 [INF] Request starting HTTP/1.1 GET http://localhost:5000/modules/settings.js - null null
2026-06-20 19:16:40.868 +09:00 [INF] Request starting HTTP/1.1 GET http://localhost:5000/modules/auth.js - null null
2026-06-20 19:16:40.868 +09:00 [INF] Request starting HTTP/1.1 GET http://localhost:5000/modules/memo.js - null null
2026-06-20 19:16:40.875 +09:00 [INF] CORS policy execution successful.
2026-06-20 19:16:40.875 +09:00 [INF] CORS policy execution successful.
2026-06-20 19:16:40.875 +09:00 [INF] CORS policy execution successful.
2026-06-20 19:16:40.878 +09:00 [INF] Sending file. Request path: '/modules/auth.js'. Physical path: 'C:\repos\mykanban\bin\Debug\net10.0\wwwroot\modules\auth.js'
2026-06-20 19:16:40.880 +09:00 [INF] Sending file. Request path: '/modules/settings.js'. Physical path: 'C:\repos\mykanban\bin\Debug\net10.0\wwwroot\modules\settings.js'
2026-06-20 19:16:40.880 +09:00 [INF] Sending file. Request path: '/modules/memo.js'. Physical path: 'C:\repos\mykanban\bin\Debug\net10.0\wwwroot\modules\memo.js'
2026-06-20 19:16:40.881 +09:00 [INF] Request finished HTTP/1.1 GET http://localhost:5000/modules/settings.js - 200 28809 text/javascript 13.7145ms
2026-06-20 19:16:40.881 +09:00 [INF] Request finished HTTP/1.1 GET http://localhost:5000/modules/auth.js - 200 4113 text/javascript 12.4284ms
2026-06-20 19:16:40.889 +09:00 [INF] Request starting HTTP/1.1 GET http://localhost:5000/modules/ticketService.js - null null
2026-06-20 19:16:40.889 +09:00 [INF] Request finished HTTP/1.1 GET http://localhost:5000/modules/memo.js - 200 3562 text/javascript 21.7754ms
2026-06-20 19:16:40.889 +09:00 [INF] Request starting HTTP/1.1 GET http://localhost:5000/modules/charts.js - null null
2026-06-20 19:16:40.897 +09:00 [INF] Request starting HTTP/1.1 GET http://localhost:5000/modules/logger.js - null null
2026-06-20 19:16:40.897 +09:00 [INF] CORS policy execution successful.
2026-06-20 19:16:40.897 +09:00 [INF] CORS policy execution successful.
2026-06-20 19:16:40.902 +09:00 [INF] CORS policy execution successful.
2026-06-20 19:16:40.903 +09:00 [INF] Sending file. Request path: '/modules/ticketService.js'. Physical path: 'C:\repos\mykanban\bin\Debug\net10.0\wwwroot\modules\ticketService.js'
2026-06-20 19:16:40.903 +09:00 [INF] Sending file. Request path: '/modules/charts.js'. Physical path: 'C:\repos\mykanban\bin\Debug\net10.0\wwwroot\modules\charts.js'
2026-06-20 19:16:40.905 +09:00 [INF] Request finished HTTP/1.1 GET http://localhost:5000/modules/charts.js - 200 46291 text/javascript 16.1136ms
2026-06-20 19:16:40.905 +09:00 [INF] Request finished HTTP/1.1 GET http://localhost:5000/modules/ticketService.js - 200 1719 text/javascript 16.1269ms
2026-06-20 19:16:40.913 +09:00 [INF] Sending file. Request path: '/modules/logger.js'. Physical path: 'C:\repos\mykanban\bin\Debug\net10.0\wwwroot\modules\logger.js'
2026-06-20 19:16:40.915 +09:00 [INF] Request finished HTTP/1.1 GET http://localhost:5000/modules/logger.js - 200 6900 text/javascript 17.089ms
2026-06-20 19:16:40.918 +09:00 [INF] Request starting HTTP/1.1 GET http://localhost:5000/favicon.ico - null null
2026-06-20 19:16:40.921 +09:00 [INF] Request finished HTTP/1.1 GET http://localhost:5000/favicon.ico - 404 0 null 2.9641ms
2026-06-20 19:16:40.924 +09:00 [INF] Request reached the end of the middleware pipeline without being handled by application code. Request path: GET http://localhost:5000/favicon.ico, Response status code: 404
2026-06-20 19:16:41.831 +09:00 [INF] Request starting HTTP/1.1 POST http://localhost:5000/api/auth/login - application/json 38
2026-06-20 19:16:41.837 +09:00 [INF] CORS policy execution successful.
2026-06-20 19:16:41.838 +09:00 [INF] Executing endpoint 'KanbanServer.Controllers.AuthController.Login (KanbanServer)'
2026-06-20 19:16:41.850 +09:00 [INF] Route matched with {action = "Login", controller = "Auth"}. Executing controller action with signature Microsoft.AspNetCore.Mvc.IActionResult Login(LoginRequest) on controller KanbanServer.Controllers.AuthController (KanbanServer).
2026-06-20 19:16:41.875 +09:00 [INF] Executing OkObjectResult, writing value of type '<>f__AnonymousType1`3[[System.String, System.Private.CoreLib, Version=10.0.0.0, Culture=neutral, PublicKeyToken=7cec85d7bea7798e],[System.Boolean, System.Private.CoreLib, Version=10.0.0.0, Culture=neutral, PublicKeyToken=7cec85d7bea7798e],[System.String, System.Private.CoreLib, Version=10.0.0.0, Culture=neutral, PublicKeyToken=7cec85d7bea7798e]]'.
2026-06-20 19:16:41.883 +09:00 [INF] Executed action KanbanServer.Controllers.AuthController.Login (KanbanServer) in 29.1038ms
2026-06-20 19:16:41.884 +09:00 [INF] Executed endpoint 'KanbanServer.Controllers.AuthController.Login (KanbanServer)'
2026-06-20 19:16:41.886 +09:00 [INF] Request finished HTTP/1.1 POST http://localhost:5000/api/auth/login - 200 null application/json; charset=utf-8 54.5217ms
2026-06-20 19:16:41.889 +09:00 [INF] Request starting HTTP/1.1 GET http://localhost:5000/api/settings - null null
2026-06-20 19:16:41.894 +09:00 [INF] Executing endpoint 'KanbanServer.Controllers.SettingsController.Get (KanbanServer)'
2026-06-20 19:16:41.903 +09:00 [INF] Route matched with {action = "Get", controller = "Settings"}. Executing controller action with signature System.Threading.Tasks.Task`1[Microsoft.AspNetCore.Mvc.ActionResult`1[KanbanServer.Models.Setting]] Get() on controller KanbanServer.Controllers.SettingsController (KanbanServer).
2026-06-20 19:16:42.028 +09:00 [WRN] The query uses the 'First'/'FirstOrDefault' operator without 'OrderBy' and filter operators. This may lead to unpredictable results.
2026-06-20 19:16:42.222 +09:00 [INF] Executed DbCommand (1ms) [Parameters=[], CommandType='"Text"', CommandTimeout='30']
SELECT "s"."Id", "s"."Holidays", "s"."HolidaysJson", "s"."LabelsJson", "s"."Users", "s"."UsersJson"
FROM "Settings" AS "s"
LIMIT 1
2026-06-20 19:16:42.262 +09:00 [INF] Executing OkObjectResult, writing value of type 'KanbanServer.Models.Setting'.
2026-06-20 19:16:42.265 +09:00 [INF] Executed action KanbanServer.Controllers.SettingsController.Get (KanbanServer) in 359.2793ms
2026-06-20 19:16:42.266 +09:00 [INF] Executed endpoint 'KanbanServer.Controllers.SettingsController.Get (KanbanServer)'
2026-06-20 19:16:42.268 +09:00 [INF] Request starting HTTP/1.1 GET http://localhost:5000/api/tickets/labels/suggest - null null
2026-06-20 19:16:42.268 +09:00 [INF] Request starting HTTP/1.1 GET http://localhost:5000/api/tickets/assignees/suggest - null null
2026-06-20 19:16:42.275 +09:00 [INF] Request finished HTTP/1.1 GET http://localhost:5000/api/settings - 200 null application/json; charset=utf-8 385.433ms
2026-06-20 19:16:42.276 +09:00 [INF] Request starting HTTP/1.1 GET http://localhost:5000/api/tickets - null null
2026-06-20 19:16:42.277 +09:00 [INF] Executing endpoint 'KanbanServer.Controllers.TicketsController.GetAssigneesSuggest (KanbanServer)'
2026-06-20 19:16:42.278 +09:00 [INF] Executing endpoint 'KanbanServer.Controllers.TicketsController.GetLabelsSuggest (KanbanServer)'
2026-06-20 19:16:42.278 +09:00 [INF] Executing endpoint 'KanbanServer.Controllers.TicketsController.GetAll (KanbanServer)'
2026-06-20 19:16:42.282 +09:00 [INF] Route matched with {action = "GetAssigneesSuggest", controller = "Tickets"}. Executing controller action with signature System.Threading.Tasks.Task`1[Microsoft.AspNetCore.Mvc.ActionResult`1[System.Collections.Generic.List`1[System.String]]] GetAssigneesSuggest() on controller KanbanServer.Controllers.TicketsController (KanbanServer).
2026-06-20 19:16:42.283 +09:00 [INF] Route matched with {action = "GetLabelsSuggest", controller = "Tickets"}. Executing controller action with signature System.Threading.Tasks.Task`1[Microsoft.AspNetCore.Mvc.ActionResult`1[System.Collections.Generic.List`1[KanbanServer.Models.LabelSuggestDto]]] GetLabelsSuggest() on controller KanbanServer.Controllers.TicketsController (KanbanServer).
2026-06-20 19:16:42.283 +09:00 [INF] Route matched with {action = "GetAll", controller = "Tickets"}. Executing controller action with signature System.Threading.Tasks.Task`1[Microsoft.AspNetCore.Mvc.ActionResult`1[System.Collections.Generic.List`1[KanbanServer.Models.Ticket]]] GetAll() on controller KanbanServer.Controllers.TicketsController (KanbanServer).
2026-06-20 19:16:42.335 +09:00 [INF] Executed DbCommand (0ms) [Parameters=[], CommandType='"Text"', CommandTimeout='30']
SELECT "s"."Id", "s"."Holidays", "s"."HolidaysJson", "s"."LabelsJson", "s"."Users", "s"."UsersJson"
FROM "Settings" AS "s"
LIMIT 1
2026-06-20 19:16:42.342 +09:00 [INF] Executed DbCommand (6ms) [Parameters=[], CommandType='"Text"', CommandTimeout='30']
SELECT "s"."Id", "s"."Holidays", "s"."HolidaysJson", "s"."LabelsJson", "s"."Users", "s"."UsersJson"
FROM "Settings" AS "s"
LIMIT 1
2026-06-20 19:16:42.343 +09:00 [INF] Executed DbCommand (0ms) [Parameters=[], CommandType='"Text"', CommandTimeout='30']
SELECT "t"."TicketId", "t"."Assignees", "t"."AssigneesJson", "t"."Category", "t"."ChildTasksJson", "t"."Column", "t"."CreatedAt", "t"."Effort", "t"."EndDate", "t"."Id", "t"."IsArchived", "t"."IsEmergency", "t"."IsLocked", "t"."Labels", "t"."LabelsJson", "t"."MainAssignee", "t"."Memo", "t"."Position", "t"."PreviousColumn", "t"."Progress", "t"."StartDate", "t"."Title"
FROM "Tickets" AS "t"
2026-06-20 19:16:42.368 +09:00 [INF] Executed DbCommand (0ms) [Parameters=[], CommandType='"Text"', CommandTimeout='30']
SELECT "t"."TicketId", "t"."Assignees", "t"."AssigneesJson", "t"."Category", "t"."ChildTasksJson", "t"."Column", "t"."CreatedAt", "t"."Effort", "t"."EndDate", "t"."Id", "t"."IsArchived", "t"."IsEmergency", "t"."IsLocked", "t"."Labels", "t"."LabelsJson", "t"."MainAssignee", "t"."Memo", "t"."Position", "t"."PreviousColumn", "t"."Progress", "t"."StartDate", "t"."Title"
FROM "Tickets" AS "t"
WHERE length("t"."AssigneesJson") > 2
2026-06-20 19:16:42.369 +09:00 [INF] Executing OkObjectResult, writing value of type 'System.Collections.Generic.List`1[[System.String, System.Private.CoreLib, Version=10.0.0.0, Culture=neutral, PublicKeyToken=7cec85d7bea7798e]]'.
2026-06-20 19:16:42.370 +09:00 [INF] Executed DbCommand (1ms) [Parameters=[], CommandType='"Text"', CommandTimeout='30']
SELECT "t"."TicketId", "t"."Assignees", "t"."AssigneesJson", "t"."Category", "t"."ChildTasksJson", "t"."Column", "t"."CreatedAt", "t"."Effort", "t"."EndDate", "t"."Id", "t"."IsArchived", "t"."IsEmergency", "t"."IsLocked", "t"."Labels", "t"."LabelsJson", "t"."MainAssignee", "t"."Memo", "t"."Position", "t"."PreviousColumn", "t"."Progress", "t"."StartDate", "t"."Title"
FROM "Tickets" AS "t"
WHERE length("t"."LabelsJson") > 2
2026-06-20 19:16:42.371 +09:00 [INF] Executed action KanbanServer.Controllers.TicketsController.GetAssigneesSuggest (KanbanServer) in 88.4167ms
2026-06-20 19:16:42.372 +09:00 [INF] Executed endpoint 'KanbanServer.Controllers.TicketsController.GetAssigneesSuggest (KanbanServer)'
2026-06-20 19:16:42.372 +09:00 [INF] Executing OkObjectResult, writing value of type 'System.Collections.Generic.List`1[[KanbanServer.Models.LabelSuggestDto, KanbanServer, Version=1.0.0.0, Culture=neutral, PublicKeyToken=null]]'.
2026-06-20 19:16:42.373 +09:00 [INF] Request finished HTTP/1.1 GET http://localhost:5000/api/tickets/assignees/suggest - 200 null application/json; charset=utf-8 105.3771ms
2026-06-20 19:16:42.374 +09:00 [INF] Executed action KanbanServer.Controllers.TicketsController.GetLabelsSuggest (KanbanServer) in 90.5509ms
2026-06-20 19:16:42.375 +09:00 [INF] Executed endpoint 'KanbanServer.Controllers.TicketsController.GetLabelsSuggest (KanbanServer)'
2026-06-20 19:16:42.375 +09:00 [INF] Request finished HTTP/1.1 GET http://localhost:5000/api/tickets/labels/suggest - 200 null application/json; charset=utf-8 107.7218ms
2026-06-20 19:16:42.384 +09:00 [INF] Executing OkObjectResult, writing value of type 'System.Collections.Generic.List`1[[KanbanServer.Models.Ticket, KanbanServer, Version=1.0.0.0, Culture=neutral, PublicKeyToken=null]]'.
2026-06-20 19:16:42.395 +09:00 [INF] Executed action KanbanServer.Controllers.TicketsController.GetAll (KanbanServer) in 110.5658ms
2026-06-20 19:16:42.396 +09:00 [INF] Executed endpoint 'KanbanServer.Controllers.TicketsController.GetAll (KanbanServer)'
2026-06-20 19:16:42.396 +09:00 [INF] Request finished HTTP/1.1 GET http://localhost:5000/api/tickets - 200 null application/json; charset=utf-8 120.3505ms
2026-06-20 19:16:45.104 +09:00 [INF] Request starting HTTP/1.1 GET http://localhost:5000/api/settings - null null
2026-06-20 19:16:45.111 +09:00 [INF] Executing endpoint 'KanbanServer.Controllers.SettingsController.Get (KanbanServer)'
2026-06-20 19:16:45.113 +09:00 [INF] Route matched with {action = "Get", controller = "Settings"}. Executing controller action with signature System.Threading.Tasks.Task`1[Microsoft.AspNetCore.Mvc.ActionResult`1[KanbanServer.Models.Setting]] Get() on controller KanbanServer.Controllers.SettingsController (KanbanServer).
2026-06-20 19:16:45.118 +09:00 [INF] Executed DbCommand (0ms) [Parameters=[], CommandType='"Text"', CommandTimeout='30']
SELECT "s"."Id", "s"."Holidays", "s"."HolidaysJson", "s"."LabelsJson", "s"."Users", "s"."UsersJson"
FROM "Settings" AS "s"
LIMIT 1
2026-06-20 19:16:45.120 +09:00 [INF] Executing OkObjectResult, writing value of type 'KanbanServer.Models.Setting'.
2026-06-20 19:16:45.122 +09:00 [INF] Executed action KanbanServer.Controllers.SettingsController.Get (KanbanServer) in 7.0844ms
2026-06-20 19:16:45.123 +09:00 [INF] Executed endpoint 'KanbanServer.Controllers.SettingsController.Get (KanbanServer)'
2026-06-20 19:16:45.125 +09:00 [INF] Request finished HTTP/1.1 GET http://localhost:5000/api/settings - 200 null application/json; charset=utf-8 20.7366ms
2026-06-20 19:16:50.003 +09:00 [INF] Request starting HTTP/1.1 GET http://localhost:5000/api/settings - null null
2026-06-20 19:16:50.010 +09:00 [INF] Executing endpoint 'KanbanServer.Controllers.SettingsController.Get (KanbanServer)'
2026-06-20 19:16:50.013 +09:00 [INF] Route matched with {action = "Get", controller = "Settings"}. Executing controller action with signature System.Threading.Tasks.Task`1[Microsoft.AspNetCore.Mvc.ActionResult`1[KanbanServer.Models.Setting]] Get() on controller KanbanServer.Controllers.SettingsController (KanbanServer).
2026-06-20 19:16:50.017 +09:00 [INF] Executed DbCommand (0ms) [Parameters=[], CommandType='"Text"', CommandTimeout='30']
SELECT "s"."Id", "s"."Holidays", "s"."HolidaysJson", "s"."LabelsJson", "s"."Users", "s"."UsersJson"
FROM "Settings" AS "s"
LIMIT 1
2026-06-20 19:16:50.020 +09:00 [INF] Executing OkObjectResult, writing value of type 'KanbanServer.Models.Setting'.
2026-06-20 19:16:50.022 +09:00 [INF] Executed action KanbanServer.Controllers.SettingsController.Get (KanbanServer) in 6.129ms
2026-06-20 19:16:50.024 +09:00 [INF] Executed endpoint 'KanbanServer.Controllers.SettingsController.Get (KanbanServer)'
2026-06-20 19:16:50.025 +09:00 [INF] Request finished HTTP/1.1 GET http://localhost:5000/api/settings - 200 null application/json; charset=utf-8 21.5359ms
2026-06-20 19:18:32.064 +09:00 [INF] Executed DbCommand (14ms) [Parameters=[], CommandType='"Text"', CommandTimeout='30']
SELECT COUNT(*) FROM "sqlite_master" WHERE "type" = 'table' AND "rootpage" IS NOT NULL;
2026-06-20 19:18:32.152 +09:00 [WRN] Overriding address(es) 'http://localhost:5171'. Binding to endpoints defined via IConfiguration and/or UseKestrel() instead.
2026-06-20 19:18:32.160 +09:00 [INF] Now listening on: http://0.0.0.0:5000
2026-06-20 19:18:32.160 +09:00 [INF] Application started. Press Ctrl+C to shut down.
2026-06-20 19:18:32.161 +09:00 [INF] Hosting environment: Development
2026-06-20 19:18:32.161 +09:00 [INF] Content root path: C:\repos\mykanban
2026-06-20 19:18:33.862 +09:00 [INF] Request starting HTTP/1.1 GET http://localhost:5000/ - null null
2026-06-20 19:18:33.881 +09:00 [INF] Executing endpoint 'Fallback {*path:nonfile}'
2026-06-20 19:18:33.888 +09:00 [INF] Executed endpoint 'Fallback {*path:nonfile}'
2026-06-20 19:18:33.893 +09:00 [INF] Request finished HTTP/1.1 GET http://localhost:5000/ - 200 null text/html; charset=utf-8 32.3101ms
2026-06-20 19:18:33.896 +09:00 [INF] Request starting HTTP/1.1 GET http://localhost:5000/styles.css - null null
2026-06-20 19:18:33.915 +09:00 [INF] Sending file. Request path: '/styles.css'. Physical path: 'C:\repos\mykanban\bin\Debug\net10.0\wwwroot\styles.css'
2026-06-20 19:18:33.917 +09:00 [INF] Request finished HTTP/1.1 GET http://localhost:5000/styles.css - 200 60734 text/css 20.7001ms
2026-06-20 19:18:34.735 +09:00 [INF] Request starting HTTP/1.1 GET http://localhost:5000/ - null null
2026-06-20 19:18:34.737 +09:00 [INF] Executing endpoint 'Fallback {*path:nonfile}'
2026-06-20 19:18:34.738 +09:00 [INF] Executed endpoint 'Fallback {*path:nonfile}'
2026-06-20 19:18:34.740 +09:00 [INF] Request finished HTTP/1.1 GET http://localhost:5000/ - 200 null text/html; charset=utf-8 5.6524ms
2026-06-20 19:18:34.745 +09:00 [INF] Request starting HTTP/1.1 GET http://localhost:5000/styles.css - null null
2026-06-20 19:18:34.747 +09:00 [INF] Request starting HTTP/1.1 GET http://localhost:5000/app.js - null null
2026-06-20 19:18:34.750 +09:00 [INF] Sending file. Request path: '/styles.css'. Physical path: 'C:\repos\mykanban\bin\Debug\net10.0\wwwroot\styles.css'
2026-06-20 19:18:34.752 +09:00 [INF] Request finished HTTP/1.1 GET http://localhost:5000/styles.css - 200 60734 text/css 7.576ms
2026-06-20 19:18:34.753 +09:00 [INF] CORS policy execution successful.
2026-06-20 19:18:34.757 +09:00 [INF] Sending file. Request path: '/app.js'. Physical path: 'C:\repos\mykanban\bin\Debug\net10.0\wwwroot\app.js'
2026-06-20 19:18:34.758 +09:00 [INF] Request finished HTTP/1.1 GET http://localhost:5000/app.js - 200 23659 text/javascript 10.8924ms
2026-06-20 19:18:34.790 +09:00 [INF] Request starting HTTP/1.1 GET http://localhost:5000/modules/state.js - null null
2026-06-20 19:18:34.793 +09:00 [INF] Request starting HTTP/1.1 GET http://localhost:5000/modules/renderer.js - null null
2026-06-20 19:18:34.793 +09:00 [INF] Request starting HTTP/1.1 GET http://localhost:5000/modules/api.js - null null
2026-06-20 19:18:34.798 +09:00 [INF] CORS policy execution successful.
2026-06-20 19:18:34.798 +09:00 [INF] CORS policy execution successful.
2026-06-20 19:18:34.798 +09:00 [INF] CORS policy execution successful.
2026-06-20 19:18:34.802 +09:00 [INF] Sending file. Request path: '/modules/api.js'. Physical path: 'C:\repos\mykanban\bin\Debug\net10.0\wwwroot\modules\api.js'
2026-06-20 19:18:34.804 +09:00 [INF] Sending file. Request path: '/modules/renderer.js'. Physical path: 'C:\repos\mykanban\bin\Debug\net10.0\wwwroot\modules\renderer.js'
2026-06-20 19:18:34.804 +09:00 [INF] Sending file. Request path: '/modules/state.js'. Physical path: 'C:\repos\mykanban\bin\Debug\net10.0\wwwroot\modules\state.js'
2026-06-20 19:18:34.804 +09:00 [INF] Request finished HTTP/1.1 GET http://localhost:5000/modules/api.js - 200 6109 text/javascript 11.0065ms
2026-06-20 19:18:34.811 +09:00 [INF] Request finished HTTP/1.1 GET http://localhost:5000/modules/state.js - 200 20762 text/javascript 21.097ms
2026-06-20 19:18:34.811 +09:00 [INF] Request finished HTTP/1.1 GET http://localhost:5000/modules/renderer.js - 200 29602 text/javascript 17.8245ms
2026-06-20 19:18:34.813 +09:00 [INF] Request starting HTTP/1.1 GET http://localhost:5000/modules/labels.js - null null
2026-06-20 19:18:34.820 +09:00 [INF] Request starting HTTP/1.1 GET http://localhost:5000/modules/dragdrop.js - null null
2026-06-20 19:18:34.822 +09:00 [INF] CORS policy execution successful.
2026-06-20 19:18:34.822 +09:00 [INF] Request starting HTTP/1.1 GET http://localhost:5000/modules/modal.js - null null
2026-06-20 19:18:34.822 +09:00 [INF] CORS policy execution successful.
2026-06-20 19:18:34.827 +09:00 [INF] CORS policy execution successful.
2026-06-20 19:18:34.828 +09:00 [INF] Sending file. Request path: '/modules/labels.js'. Physical path: 'C:\repos\mykanban\bin\Debug\net10.0\wwwroot\modules\labels.js'
2026-06-20 19:18:34.828 +09:00 [INF] Sending file. Request path: '/modules/dragdrop.js'. Physical path: 'C:\repos\mykanban\bin\Debug\net10.0\wwwroot\modules\dragdrop.js'
2026-06-20 19:18:34.831 +09:00 [INF] Request finished HTTP/1.1 GET http://localhost:5000/modules/dragdrop.js - 200 7088 text/javascript 11.1183ms
2026-06-20 19:18:34.831 +09:00 [INF] Request finished HTTP/1.1 GET http://localhost:5000/modules/labels.js - 200 5192 text/javascript 17.3906ms
2026-06-20 19:18:34.837 +09:00 [INF] Sending file. Request path: '/modules/modal.js'. Physical path: 'C:\repos\mykanban\bin\Debug\net10.0\wwwroot\modules\modal.js'
2026-06-20 19:18:34.838 +09:00 [INF] Request starting HTTP/1.1 GET http://localhost:5000/modules/childtasks.js - null null
2026-06-20 19:18:34.838 +09:00 [INF] Request starting HTTP/1.1 GET http://localhost:5000/modules/assignees.js - null null
2026-06-20 19:18:34.839 +09:00 [INF] Request finished HTTP/1.1 GET http://localhost:5000/modules/modal.js - 200 21369 text/javascript 16.3971ms
2026-06-20 19:18:34.849 +09:00 [INF] Request starting HTTP/1.1 GET http://localhost:5000/modules/history.js - null null
2026-06-20 19:18:34.850 +09:00 [INF] CORS policy execution successful.
2026-06-20 19:18:34.850 +09:00 [INF] CORS policy execution successful.
2026-06-20 19:18:34.851 +09:00 [INF] CORS policy execution successful.
2026-06-20 19:18:34.853 +09:00 [INF] Sending file. Request path: '/modules/childtasks.js'. Physical path: 'C:\repos\mykanban\bin\Debug\net10.0\wwwroot\modules\childtasks.js'
2026-06-20 19:18:34.854 +09:00 [INF] Sending file. Request path: '/modules/assignees.js'. Physical path: 'C:\repos\mykanban\bin\Debug\net10.0\wwwroot\modules\assignees.js'
2026-06-20 19:18:34.854 +09:00 [INF] Request finished HTTP/1.1 GET http://localhost:5000/modules/childtasks.js - 200 11906 text/javascript 15.5381ms
2026-06-20 19:18:34.859 +09:00 [INF] Sending file. Request path: '/modules/history.js'. Physical path: 'C:\repos\mykanban\bin\Debug\net10.0\wwwroot\modules\history.js'
2026-06-20 19:18:34.859 +09:00 [INF] Request finished HTTP/1.1 GET http://localhost:5000/modules/assignees.js - 200 8700 text/javascript 21.5944ms
2026-06-20 19:18:34.863 +09:00 [INF] Request starting HTTP/1.1 GET http://localhost:5000/modules/actual.js - null null
2026-06-20 19:18:34.863 +09:00 [INF] Request finished HTTP/1.1 GET http://localhost:5000/modules/history.js - 200 9423 text/javascript 14.5526ms
2026-06-20 19:18:34.870 +09:00 [INF] Request starting HTTP/1.1 GET http://localhost:5000/modules/filter.js - null null
2026-06-20 19:18:34.873 +09:00 [INF] CORS policy execution successful.
2026-06-20 19:18:34.874 +09:00 [INF] CORS policy execution successful.
2026-06-20 19:18:34.874 +09:00 [INF] Request starting HTTP/1.1 GET http://localhost:5000/modules/archive.js - null null
2026-06-20 19:18:34.878 +09:00 [INF] CORS policy execution successful.
2026-06-20 19:18:34.879 +09:00 [INF] Sending file. Request path: '/modules/filter.js'. Physical path: 'C:\repos\mykanban\bin\Debug\net10.0\wwwroot\modules\filter.js'
2026-06-20 19:18:34.879 +09:00 [INF] Sending file. Request path: '/modules/actual.js'. Physical path: 'C:\repos\mykanban\bin\Debug\net10.0\wwwroot\modules\actual.js'
2026-06-20 19:18:34.884 +09:00 [INF] Request finished HTTP/1.1 GET http://localhost:5000/modules/actual.js - 200 11688 text/javascript 20.5079ms
2026-06-20 19:18:34.884 +09:00 [INF] Request finished HTTP/1.1 GET http://localhost:5000/modules/filter.js - 200 7563 text/javascript 13.9271ms
2026-06-20 19:18:34.892 +09:00 [INF] Sending file. Request path: '/modules/archive.js'. Physical path: 'C:\repos\mykanban\bin\Debug\net10.0\wwwroot\modules\archive.js'
2026-06-20 19:18:34.894 +09:00 [INF] Request starting HTTP/1.1 GET http://localhost:5000/modules/settings.js - null null
2026-06-20 19:18:34.894 +09:00 [INF] Request starting HTTP/1.1 GET http://localhost:5000/modules/memo.js - null null
2026-06-20 19:18:34.894 +09:00 [INF] Request finished HTTP/1.1 GET http://localhost:5000/modules/archive.js - 200 944 text/javascript 20.2846ms
2026-06-20 19:18:34.905 +09:00 [INF] Request starting HTTP/1.1 GET http://localhost:5000/modules/auth.js - null null
2026-06-20 19:18:34.905 +09:00 [INF] CORS policy execution successful.
2026-06-20 19:18:34.905 +09:00 [INF] CORS policy execution successful.
2026-06-20 19:18:34.911 +09:00 [INF] CORS policy execution successful.
2026-06-20 19:18:34.912 +09:00 [INF] Sending file. Request path: '/modules/settings.js'. Physical path: 'C:\repos\mykanban\bin\Debug\net10.0\wwwroot\modules\settings.js'
2026-06-20 19:18:34.914 +09:00 [INF] Sending file. Request path: '/modules/memo.js'. Physical path: 'C:\repos\mykanban\bin\Debug\net10.0\wwwroot\modules\memo.js'
2026-06-20 19:18:34.914 +09:00 [INF] Request finished HTTP/1.1 GET http://localhost:5000/modules/settings.js - 200 28809 text/javascript 19.4752ms
2026-06-20 19:18:34.920 +09:00 [INF] Sending file. Request path: '/modules/auth.js'. Physical path: 'C:\repos\mykanban\bin\Debug\net10.0\wwwroot\modules\auth.js'
2026-06-20 19:18:34.922 +09:00 [INF] Request finished HTTP/1.1 GET http://localhost:5000/modules/memo.js - 200 3562 text/javascript 25.7194ms
2026-06-20 19:18:34.922 +09:00 [INF] Request finished HTTP/1.1 GET http://localhost:5000/modules/auth.js - 200 4113 text/javascript 16.918ms
2026-06-20 19:18:34.931 +09:00 [INF] Request starting HTTP/1.1 GET http://localhost:5000/modules/logger.js - null null
2026-06-20 19:18:34.931 +09:00 [INF] Request starting HTTP/1.1 GET http://localhost:5000/modules/charts.js - null null
2026-06-20 19:18:34.934 +09:00 [INF] Request starting HTTP/1.1 GET http://localhost:5000/modules/ticketService.js - null null
2026-06-20 19:18:34.941 +09:00 [INF] CORS policy execution successful.
2026-06-20 19:18:34.942 +09:00 [INF] CORS policy execution successful.
2026-06-20 19:18:34.942 +09:00 [INF] CORS policy execution successful.
2026-06-20 19:18:34.944 +09:00 [INF] Sending file. Request path: '/modules/logger.js'. Physical path: 'C:\repos\mykanban\bin\Debug\net10.0\wwwroot\modules\logger.js'
2026-06-20 19:18:34.944 +09:00 [INF] Sending file. Request path: '/modules/ticketService.js'. Physical path: 'C:\repos\mykanban\bin\Debug\net10.0\wwwroot\modules\ticketService.js'
2026-06-20 19:18:34.947 +09:00 [INF] Sending file. Request path: '/modules/charts.js'. Physical path: 'C:\repos\mykanban\bin\Debug\net10.0\wwwroot\modules\charts.js'
2026-06-20 19:18:34.947 +09:00 [INF] Request finished HTTP/1.1 GET http://localhost:5000/modules/ticketService.js - 200 1719 text/javascript 13.069ms
2026-06-20 19:18:34.947 +09:00 [INF] Request finished HTTP/1.1 GET http://localhost:5000/modules/logger.js - 200 6900 text/javascript 16.4213ms
2026-06-20 19:18:34.958 +09:00 [INF] Request finished HTTP/1.1 GET http://localhost:5000/modules/charts.js - 200 46291 text/javascript 27.0835ms
2026-06-20 19:18:34.962 +09:00 [INF] Request starting HTTP/1.1 GET http://localhost:5000/favicon.ico - null null
2026-06-20 19:18:34.966 +09:00 [INF] Request finished HTTP/1.1 GET http://localhost:5000/favicon.ico - 404 0 null 3.9015ms
2026-06-20 19:18:34.971 +09:00 [INF] Request reached the end of the middleware pipeline without being handled by application code. Request path: GET http://localhost:5000/favicon.ico, Response status code: 404
2026-06-20 19:18:36.010 +09:00 [INF] Request starting HTTP/1.1 POST http://localhost:5000/api/auth/login - application/json 38
2026-06-20 19:18:36.013 +09:00 [INF] CORS policy execution successful.
2026-06-20 19:18:36.014 +09:00 [INF] Executing endpoint 'KanbanServer.Controllers.AuthController.Login (KanbanServer)'
2026-06-20 19:18:36.026 +09:00 [INF] Route matched with {action = "Login", controller = "Auth"}. Executing controller action with signature Microsoft.AspNetCore.Mvc.IActionResult Login(LoginRequest) on controller KanbanServer.Controllers.AuthController (KanbanServer).
2026-06-20 19:18:36.052 +09:00 [INF] Executing OkObjectResult, writing value of type '<>f__AnonymousType1`3[[System.String, System.Private.CoreLib, Version=10.0.0.0, Culture=neutral, PublicKeyToken=7cec85d7bea7798e],[System.Boolean, System.Private.CoreLib, Version=10.0.0.0, Culture=neutral, PublicKeyToken=7cec85d7bea7798e],[System.String, System.Private.CoreLib, Version=10.0.0.0, Culture=neutral, PublicKeyToken=7cec85d7bea7798e]]'.
2026-06-20 19:18:36.059 +09:00 [INF] Executed action KanbanServer.Controllers.AuthController.Login (KanbanServer) in 29.2042ms
2026-06-20 19:18:36.060 +09:00 [INF] Executed endpoint 'KanbanServer.Controllers.AuthController.Login (KanbanServer)'
2026-06-20 19:18:36.061 +09:00 [INF] Request finished HTTP/1.1 POST http://localhost:5000/api/auth/login - 200 null application/json; charset=utf-8 51.2315ms
2026-06-20 19:18:36.064 +09:00 [INF] Request starting HTTP/1.1 GET http://localhost:5000/api/settings - null null
2026-06-20 19:18:36.069 +09:00 [INF] Executing endpoint 'KanbanServer.Controllers.SettingsController.Get (KanbanServer)'
2026-06-20 19:18:36.075 +09:00 [INF] Route matched with {action = "Get", controller = "Settings"}. Executing controller action with signature System.Threading.Tasks.Task`1[Microsoft.AspNetCore.Mvc.ActionResult`1[KanbanServer.Models.Setting]] Get() on controller KanbanServer.Controllers.SettingsController (KanbanServer).
2026-06-20 19:18:36.193 +09:00 [WRN] The query uses the 'First'/'FirstOrDefault' operator without 'OrderBy' and filter operators. This may lead to unpredictable results.
2026-06-20 19:18:36.382 +09:00 [INF] Executed DbCommand (1ms) [Parameters=[], CommandType='"Text"', CommandTimeout='30']
SELECT "s"."Id", "s"."Holidays", "s"."HolidaysJson", "s"."LabelsJson", "s"."Users", "s"."UsersJson"
FROM "Settings" AS "s"
LIMIT 1
2026-06-20 19:18:36.421 +09:00 [INF] Executing OkObjectResult, writing value of type 'KanbanServer.Models.Setting'.
2026-06-20 19:18:36.425 +09:00 [INF] Executed action KanbanServer.Controllers.SettingsController.Get (KanbanServer) in 347.1945ms
2026-06-20 19:18:36.426 +09:00 [INF] Executed endpoint 'KanbanServer.Controllers.SettingsController.Get (KanbanServer)'
2026-06-20 19:18:36.428 +09:00 [INF] Request starting HTTP/1.1 GET http://localhost:5000/api/tickets/labels/suggest - null null
2026-06-20 19:18:36.429 +09:00 [INF] Request starting HTTP/1.1 GET http://localhost:5000/api/tickets/assignees/suggest - null null
2026-06-20 19:18:36.432 +09:00 [INF] Request finished HTTP/1.1 GET http://localhost:5000/api/settings - 200 null application/json; charset=utf-8 368.3007ms
2026-06-20 19:18:36.434 +09:00 [INF] Executing endpoint 'KanbanServer.Controllers.TicketsController.GetLabelsSuggest (KanbanServer)'
2026-06-20 19:18:36.435 +09:00 [INF] Request starting HTTP/1.1 GET http://localhost:5000/api/tickets - null null
2026-06-20 19:18:36.435 +09:00 [INF] Executing endpoint 'KanbanServer.Controllers.TicketsController.GetAssigneesSuggest (KanbanServer)'
2026-06-20 19:18:36.437 +09:00 [INF] Executing endpoint 'KanbanServer.Controllers.TicketsController.GetAll (KanbanServer)'
2026-06-20 19:18:36.441 +09:00 [INF] Route matched with {action = "GetAssigneesSuggest", controller = "Tickets"}. Executing controller action with signature System.Threading.Tasks.Task`1[Microsoft.AspNetCore.Mvc.ActionResult`1[System.Collections.Generic.List`1[System.String]]] GetAssigneesSuggest() on controller KanbanServer.Controllers.TicketsController (KanbanServer).
2026-06-20 19:18:36.443 +09:00 [INF] Route matched with {action = "GetAll", controller = "Tickets"}. Executing controller action with signature System.Threading.Tasks.Task`1[Microsoft.AspNetCore.Mvc.ActionResult`1[System.Collections.Generic.List`1[KanbanServer.Models.Ticket]]] GetAll() on controller KanbanServer.Controllers.TicketsController (KanbanServer).
2026-06-20 19:18:36.444 +09:00 [INF] Route matched with {action = "GetLabelsSuggest", controller = "Tickets"}. Executing controller action with signature System.Threading.Tasks.Task`1[Microsoft.AspNetCore.Mvc.ActionResult`1[System.Collections.Generic.List`1[KanbanServer.Models.LabelSuggestDto]]] GetLabelsSuggest() on controller KanbanServer.Controllers.TicketsController (KanbanServer).
2026-06-20 19:18:36.503 +09:00 [INF] Executed DbCommand (0ms) [Parameters=[], CommandType='"Text"', CommandTimeout='30']
SELECT "s"."Id", "s"."Holidays", "s"."HolidaysJson", "s"."LabelsJson", "s"."Users", "s"."UsersJson"
FROM "Settings" AS "s"
LIMIT 1
2026-06-20 19:18:36.510 +09:00 [INF] Executed DbCommand (6ms) [Parameters=[], CommandType='"Text"', CommandTimeout='30']
SELECT "s"."Id", "s"."Holidays", "s"."HolidaysJson", "s"."LabelsJson", "s"."Users", "s"."UsersJson"
FROM "Settings" AS "s"
LIMIT 1
2026-06-20 19:18:36.512 +09:00 [INF] Executed DbCommand (0ms) [Parameters=[], CommandType='"Text"', CommandTimeout='30']
SELECT "t"."TicketId", "t"."Assignees", "t"."AssigneesJson", "t"."Category", "t"."ChildTasksJson", "t"."Column", "t"."CreatedAt", "t"."Effort", "t"."EndDate", "t"."Id", "t"."IsArchived", "t"."IsEmergency", "t"."IsLocked", "t"."Labels", "t"."LabelsJson", "t"."MainAssignee", "t"."Memo", "t"."Position", "t"."PreviousColumn", "t"."Progress", "t"."StartDate", "t"."Title"
FROM "Tickets" AS "t"
2026-06-20 19:18:36.536 +09:00 [INF] Executed DbCommand (0ms) [Parameters=[], CommandType='"Text"', CommandTimeout='30']
SELECT "t"."TicketId", "t"."Assignees", "t"."AssigneesJson", "t"."Category", "t"."ChildTasksJson", "t"."Column", "t"."CreatedAt", "t"."Effort", "t"."EndDate", "t"."Id", "t"."IsArchived", "t"."IsEmergency", "t"."IsLocked", "t"."Labels", "t"."LabelsJson", "t"."MainAssignee", "t"."Memo", "t"."Position", "t"."PreviousColumn", "t"."Progress", "t"."StartDate", "t"."Title"
FROM "Tickets" AS "t"
WHERE length("t"."AssigneesJson") > 2
2026-06-20 19:18:36.539 +09:00 [INF] Executing OkObjectResult, writing value of type 'System.Collections.Generic.List`1[[System.String, System.Private.CoreLib, Version=10.0.0.0, Culture=neutral, PublicKeyToken=7cec85d7bea7798e]]'.
2026-06-20 19:18:36.540 +09:00 [INF] Executed DbCommand (3ms) [Parameters=[], CommandType='"Text"', CommandTimeout='30']
SELECT "t"."TicketId", "t"."Assignees", "t"."AssigneesJson", "t"."Category", "t"."ChildTasksJson", "t"."Column", "t"."CreatedAt", "t"."Effort", "t"."EndDate", "t"."Id", "t"."IsArchived", "t"."IsEmergency", "t"."IsLocked", "t"."Labels", "t"."LabelsJson", "t"."MainAssignee", "t"."Memo", "t"."Position", "t"."PreviousColumn", "t"."Progress", "t"."StartDate", "t"."Title"
FROM "Tickets" AS "t"
WHERE length("t"."LabelsJson") > 2
2026-06-20 19:18:36.542 +09:00 [INF] Executed action KanbanServer.Controllers.TicketsController.GetAssigneesSuggest (KanbanServer) in 98.2579ms
2026-06-20 19:18:36.543 +09:00 [INF] Executed endpoint 'KanbanServer.Controllers.TicketsController.GetAssigneesSuggest (KanbanServer)'
2026-06-20 19:18:36.544 +09:00 [INF] Executing OkObjectResult, writing value of type 'System.Collections.Generic.List`1[[KanbanServer.Models.LabelSuggestDto, KanbanServer, Version=1.0.0.0, Culture=neutral, PublicKeyToken=null]]'.
2026-06-20 19:18:36.545 +09:00 [INF] Request finished HTTP/1.1 GET http://localhost:5000/api/tickets/assignees/suggest - 200 null application/json; charset=utf-8 115.5742ms
2026-06-20 19:18:36.547 +09:00 [INF] Executed action KanbanServer.Controllers.TicketsController.GetLabelsSuggest (KanbanServer) in 96.1153ms
2026-06-20 19:18:36.548 +09:00 [INF] Executed endpoint 'KanbanServer.Controllers.TicketsController.GetLabelsSuggest (KanbanServer)'
2026-06-20 19:18:36.549 +09:00 [INF] Request finished HTTP/1.1 GET http://localhost:5000/api/tickets/labels/suggest - 200 null application/json; charset=utf-8 120.6908ms
2026-06-20 19:18:36.555 +09:00 [INF] Executing OkObjectResult, writing value of type 'System.Collections.Generic.List`1[[KanbanServer.Models.Ticket, KanbanServer, Version=1.0.0.0, Culture=neutral, PublicKeyToken=null]]'.
2026-06-20 19:18:36.567 +09:00 [INF] Executed action KanbanServer.Controllers.TicketsController.GetAll (KanbanServer) in 119.3459ms
2026-06-20 19:18:36.568 +09:00 [INF] Executed endpoint 'KanbanServer.Controllers.TicketsController.GetAll (KanbanServer)'
2026-06-20 19:18:36.568 +09:00 [INF] Request finished HTTP/1.1 GET http://localhost:5000/api/tickets - 200 null application/json; charset=utf-8 133.1123ms
2026-06-20 19:18:38.673 +09:00 [INF] Request starting HTTP/1.1 GET http://localhost:5000/api/settings - null null
2026-06-20 19:18:38.677 +09:00 [INF] Executing endpoint 'KanbanServer.Controllers.SettingsController.Get (KanbanServer)'
2026-06-20 19:18:38.678 +09:00 [INF] Route matched with {action = "Get", controller = "Settings"}. Executing controller action with signature System.Threading.Tasks.Task`1[Microsoft.AspNetCore.Mvc.ActionResult`1[KanbanServer.Models.Setting]] Get() on controller KanbanServer.Controllers.SettingsController (KanbanServer).
2026-06-20 19:18:38.682 +09:00 [INF] Executed DbCommand (0ms) [Parameters=[], CommandType='"Text"', CommandTimeout='30']
SELECT "s"."Id", "s"."Holidays", "s"."HolidaysJson", "s"."LabelsJson", "s"."Users", "s"."UsersJson"
FROM "Settings" AS "s"
LIMIT 1
2026-06-20 19:18:38.685 +09:00 [INF] Executing OkObjectResult, writing value of type 'KanbanServer.Models.Setting'.
2026-06-20 19:18:38.687 +09:00 [INF] Executed action KanbanServer.Controllers.SettingsController.Get (KanbanServer) in 7.0111ms
2026-06-20 19:18:38.689 +09:00 [INF] Executed endpoint 'KanbanServer.Controllers.SettingsController.Get (KanbanServer)'
2026-06-20 19:18:38.690 +09:00 [INF] Request finished HTTP/1.1 GET http://localhost:5000/api/settings - 200 null application/json; charset=utf-8 17.3678ms
2026-06-20 19:18:54.524 +09:00 [INF] Request starting HTTP/1.1 PUT http://localhost:5000/api/tickets/c63da4f1df0c4413b320b7478e1448eb - application/json 188
2026-06-20 19:18:54.528 +09:00 [INF] CORS policy execution successful.
2026-06-20 19:18:54.528 +09:00 [INF] Executing endpoint 'KanbanServer.Controllers.TicketsController.Update (KanbanServer)'
2026-06-20 19:18:54.534 +09:00 [INF] Route matched with {action = "Update", controller = "Tickets"}. Executing controller action with signature System.Threading.Tasks.Task`1[Microsoft.AspNetCore.Mvc.ActionResult`1[KanbanServer.Models.Ticket]] Update(System.String, KanbanServer.Models.TicketDto) on controller KanbanServer.Controllers.TicketsController (KanbanServer).
2026-06-20 19:18:54.575 +09:00 [INF] Executed DbCommand (3ms) [Parameters=[@p='?' (Size = 32)], CommandType='"Text"', CommandTimeout='30']
SELECT "t"."TicketId", "t"."Assignees", "t"."AssigneesJson", "t"."Category", "t"."ChildTasksJson", "t"."Column", "t"."CreatedAt", "t"."Effort", "t"."EndDate", "t"."Id", "t"."IsArchived", "t"."IsEmergency", "t"."IsLocked", "t"."Labels", "t"."LabelsJson", "t"."MainAssignee", "t"."Memo", "t"."Position", "t"."PreviousColumn", "t"."Progress", "t"."StartDate", "t"."Title"
FROM "Tickets" AS "t"
WHERE "t"."TicketId" = @p
LIMIT 1
2026-06-20 19:18:54.604 +09:00 [INF] Executing OkObjectResult, writing value of type 'KanbanServer.Models.Ticket'.
2026-06-20 19:18:54.605 +09:00 [INF] Executed action KanbanServer.Controllers.TicketsController.Update (KanbanServer) in 68.3518ms
2026-06-20 19:18:54.606 +09:00 [INF] Executed endpoint 'KanbanServer.Controllers.TicketsController.Update (KanbanServer)'
2026-06-20 19:18:54.606 +09:00 [INF] Request finished HTTP/1.1 PUT http://localhost:5000/api/tickets/c63da4f1df0c4413b320b7478e1448eb - 200 null application/json; charset=utf-8 82.0808ms
2026-06-20 19:19:14.540 +09:00 [INF] Request starting HTTP/1.1 GET http://localhost:5000/api/settings - null null
2026-06-20 19:19:14.542 +09:00 [INF] Executing endpoint 'KanbanServer.Controllers.SettingsController.Get (KanbanServer)'
2026-06-20 19:19:14.544 +09:00 [INF] Route matched with {action = "Get", controller = "Settings"}. Executing controller action with signature System.Threading.Tasks.Task`1[Microsoft.AspNetCore.Mvc.ActionResult`1[KanbanServer.Models.Setting]] Get() on controller KanbanServer.Controllers.SettingsController (KanbanServer).
2026-06-20 19:19:14.547 +09:00 [INF] Executed DbCommand (0ms) [Parameters=[], CommandType='"Text"', CommandTimeout='30']
SELECT "s"."Id", "s"."Holidays", "s"."HolidaysJson", "s"."LabelsJson", "s"."Users", "s"."UsersJson"
FROM "Settings" AS "s"
LIMIT 1
2026-06-20 19:19:14.549 +09:00 [INF] Executing OkObjectResult, writing value of type 'KanbanServer.Models.Setting'.
2026-06-20 19:19:14.550 +09:00 [INF] Executed action KanbanServer.Controllers.SettingsController.Get (KanbanServer) in 5.1042ms
2026-06-20 19:19:14.552 +09:00 [INF] Executed endpoint 'KanbanServer.Controllers.SettingsController.Get (KanbanServer)'
2026-06-20 19:19:14.553 +09:00 [INF] Request finished HTTP/1.1 GET http://localhost:5000/api/settings - 200 null application/json; charset=utf-8 13.6768ms
2026-06-20 19:19:18.689 +09:00 [INF] Request starting HTTP/1.1 GET http://localhost:5000/api/settings - null null
2026-06-20 19:19:18.691 +09:00 [INF] Executing endpoint 'KanbanServer.Controllers.SettingsController.Get (KanbanServer)'
2026-06-20 19:19:18.693 +09:00 [INF] Route matched with {action = "Get", controller = "Settings"}. Executing controller action with signature System.Threading.Tasks.Task`1[Microsoft.AspNetCore.Mvc.ActionResult`1[KanbanServer.Models.Setting]] Get() on controller KanbanServer.Controllers.SettingsController (KanbanServer).
2026-06-20 19:19:18.695 +09:00 [INF] Executed DbCommand (0ms) [Parameters=[], CommandType='"Text"', CommandTimeout='30']
SELECT "s"."Id", "s"."Holidays", "s"."HolidaysJson", "s"."LabelsJson", "s"."Users", "s"."UsersJson"
FROM "Settings" AS "s"
LIMIT 1
2026-06-20 19:19:18.697 +09:00 [INF] Executing OkObjectResult, writing value of type 'KanbanServer.Models.Setting'.
2026-06-20 19:19:18.698 +09:00 [INF] Executed action KanbanServer.Controllers.SettingsController.Get (KanbanServer) in 4.3226ms
2026-06-20 19:19:18.700 +09:00 [INF] Executed endpoint 'KanbanServer.Controllers.SettingsController.Get (KanbanServer)'
2026-06-20 19:19:18.701 +09:00 [INF] Request finished HTTP/1.1 GET http://localhost:5000/api/settings - 200 null application/json; charset=utf-8 12.2633ms
2026-06-20 19:19:22.430 +09:00 [INF] Request starting HTTP/1.1 GET http://localhost:5000/api/settings - null null
2026-06-20 19:19:22.434 +09:00 [INF] Executing endpoint 'KanbanServer.Controllers.SettingsController.Get (KanbanServer)'
2026-06-20 19:19:22.435 +09:00 [INF] Route matched with {action = "Get", controller = "Settings"}. Executing controller action with signature System.Threading.Tasks.Task`1[Microsoft.AspNetCore.Mvc.ActionResult`1[KanbanServer.Models.Setting]] Get() on controller KanbanServer.Controllers.SettingsController (KanbanServer).
2026-06-20 19:19:22.438 +09:00 [INF] Executed DbCommand (0ms) [Parameters=[], CommandType='"Text"', CommandTimeout='30']
SELECT "s"."Id", "s"."Holidays", "s"."HolidaysJson", "s"."LabelsJson", "s"."Users", "s"."UsersJson"
FROM "Settings" AS "s"
LIMIT 1
2026-06-20 19:19:22.441 +09:00 [INF] Executing OkObjectResult, writing value of type 'KanbanServer.Models.Setting'.
2026-06-20 19:19:22.442 +09:00 [INF] Executed action KanbanServer.Controllers.SettingsController.Get (KanbanServer) in 5.1545ms
2026-06-20 19:19:22.443 +09:00 [INF] Executed endpoint 'KanbanServer.Controllers.SettingsController.Get (KanbanServer)'
2026-06-20 19:19:22.444 +09:00 [INF] Request finished HTTP/1.1 GET http://localhost:5000/api/settings - 200 null application/json; charset=utf-8 13.8956ms
2026-06-20 19:36:33.786 +09:00 [INF] Executed DbCommand (7ms) [Parameters=[], CommandType='"Text"', CommandTimeout='30']
SELECT COUNT(*) FROM "sqlite_master" WHERE "type" = 'table' AND "rootpage" IS NOT NULL;
2026-06-20 19:36:33.869 +09:00 [WRN] Overriding address(es) 'http://localhost:5171'. Binding to endpoints defined via IConfiguration and/or UseKestrel() instead.
2026-06-20 19:36:33.876 +09:00 [INF] Now listening on: http://0.0.0.0:5000
2026-06-20 19:36:33.876 +09:00 [INF] Application started. Press Ctrl+C to shut down.
2026-06-20 19:36:33.877 +09:00 [INF] Hosting environment: Development
2026-06-20 19:36:33.877 +09:00 [INF] Content root path: C:\repos\mykanban
2026-06-20 19:36:39.976 +09:00 [INF] Request starting HTTP/1.1 GET http://localhost:5000/ - null null
2026-06-20 19:36:39.997 +09:00 [INF] Executing endpoint 'Fallback {*path:nonfile}'
2026-06-20 19:36:40.004 +09:00 [INF] Executed endpoint 'Fallback {*path:nonfile}'
2026-06-20 19:36:40.007 +09:00 [INF] Request finished HTTP/1.1 GET http://localhost:5000/ - 200 null text/html; charset=utf-8 31.4824ms
2026-06-20 19:36:40.013 +09:00 [INF] Request starting HTTP/1.1 GET http://localhost:5000/styles.css - null null
2026-06-20 19:36:40.022 +09:00 [INF] The file /styles.css was not modified
2026-06-20 19:36:40.023 +09:00 [INF] Request finished HTTP/1.1 GET http://localhost:5000/styles.css - 304 null text/css 10.0837ms
2026-06-20 19:36:40.112 +09:00 [INF] Request starting HTTP/1.1 GET http://localhost:5000/modules/modal.js - null null
2026-06-20 19:36:40.120 +09:00 [INF] CORS policy execution successful.
2026-06-20 19:36:40.121 +09:00 [INF] The file /modules/modal.js was not modified
2026-06-20 19:36:40.122 +09:00 [INF] Request finished HTTP/1.1 GET http://localhost:5000/modules/modal.js - 304 null text/javascript 9.9928ms
2026-06-20 19:36:40.513 +09:00 [INF] Request starting HTTP/1.1 GET http://localhost:5000/ - null null
2026-06-20 19:36:40.514 +09:00 [INF] Executing endpoint 'Fallback {*path:nonfile}'
2026-06-20 19:36:40.515 +09:00 [INF] Executed endpoint 'Fallback {*path:nonfile}'
2026-06-20 19:36:40.516 +09:00 [INF] Request finished HTTP/1.1 GET http://localhost:5000/ - 200 null text/html; charset=utf-8 3.5534ms
2026-06-20 19:36:40.522 +09:00 [INF] Request starting HTTP/1.1 GET http://localhost:5000/styles.css - null null
2026-06-20 19:36:40.524 +09:00 [INF] Request starting HTTP/1.1 GET http://localhost:5000/app.js - null null
2026-06-20 19:36:40.525 +09:00 [INF] CORS policy execution successful.
2026-06-20 19:36:40.530 +09:00 [INF] Sending file. Request path: '/app.js'. Physical path: 'C:\repos\mykanban\bin\Debug\net10.0\wwwroot\app.js'
2026-06-20 19:36:40.530 +09:00 [INF] Sending file. Request path: '/styles.css'. Physical path: 'C:\repos\mykanban\bin\Debug\net10.0\wwwroot\styles.css'
2026-06-20 19:36:40.533 +09:00 [INF] Request finished HTTP/1.1 GET http://localhost:5000/app.js - 200 23659 text/javascript 9.2916ms
2026-06-20 19:36:40.533 +09:00 [INF] Request finished HTTP/1.1 GET http://localhost:5000/styles.css - 200 60734 text/css 10.9461ms
2026-06-20 19:36:40.542 +09:00 [INF] Request starting HTTP/1.1 GET http://localhost:5000/modules/state.js - null null
2026-06-20 19:36:40.545 +09:00 [INF] Request starting HTTP/1.1 GET http://localhost:5000/modules/api.js - null null
2026-06-20 19:36:40.548 +09:00 [INF] CORS policy execution successful.
2026-06-20 19:36:40.548 +09:00 [INF] CORS policy execution successful.
2026-06-20 19:36:40.551 +09:00 [INF] Sending file. Request path: '/modules/state.js'. Physical path: 'C:\repos\mykanban\bin\Debug\net10.0\wwwroot\modules\state.js'
2026-06-20 19:36:40.551 +09:00 [INF] Sending file. Request path: '/modules/api.js'. Physical path: 'C:\repos\mykanban\bin\Debug\net10.0\wwwroot\modules\api.js'
2026-06-20 19:36:40.554 +09:00 [INF] Request finished HTTP/1.1 GET http://localhost:5000/modules/state.js - 200 20762 text/javascript 12.4945ms
2026-06-20 19:36:40.554 +09:00 [INF] Request finished HTTP/1.1 GET http://localhost:5000/modules/api.js - 200 6109 text/javascript 9.1745ms
2026-06-20 19:36:40.563 +09:00 [INF] Request starting HTTP/1.1 GET http://localhost:5000/modules/renderer.js - null null
2026-06-20 19:36:40.566 +09:00 [INF] Request starting HTTP/1.1 GET http://localhost:5000/modules/dragdrop.js - null null
2026-06-20 19:36:40.569 +09:00 [INF] CORS policy execution successful.
2026-06-20 19:36:40.570 +09:00 [INF] CORS policy execution successful.
2026-06-20 19:36:40.572 +09:00 [INF] Sending file. Request path: '/modules/dragdrop.js'. Physical path: 'C:\repos\mykanban\bin\Debug\net10.0\wwwroot\modules\dragdrop.js'
2026-06-20 19:36:40.573 +09:00 [INF] Sending file. Request path: '/modules/renderer.js'. Physical path: 'C:\repos\mykanban\bin\Debug\net10.0\wwwroot\modules\renderer.js'
2026-06-20 19:36:40.573 +09:00 [INF] Request finished HTTP/1.1 GET http://localhost:5000/modules/dragdrop.js - 200 7088 text/javascript 7.3656ms
2026-06-20 19:36:40.579 +09:00 [INF] Request finished HTTP/1.1 GET http://localhost:5000/modules/renderer.js - 200 29602 text/javascript 16.0592ms
2026-06-20 19:36:40.582 +09:00 [INF] Request starting HTTP/1.1 GET http://localhost:5000/modules/labels.js - null null
2026-06-20 19:36:40.585 +09:00 [INF] Request starting HTTP/1.1 GET http://localhost:5000/modules/modal.js - null null
2026-06-20 19:36:40.589 +09:00 [INF] CORS policy execution successful.
2026-06-20 19:36:40.590 +09:00 [INF] CORS policy execution successful.
2026-06-20 19:36:40.591 +09:00 [INF] Sending file. Request path: '/modules/labels.js'. Physical path: 'C:\repos\mykanban\bin\Debug\net10.0\wwwroot\modules\labels.js'
2026-06-20 19:36:40.592 +09:00 [INF] Sending file. Request path: '/modules/modal.js'. Physical path: 'C:\repos\mykanban\bin\Debug\net10.0\wwwroot\modules\modal.js'
2026-06-20 19:36:40.594 +09:00 [INF] Request finished HTTP/1.1 GET http://localhost:5000/modules/labels.js - 200 5192 text/javascript 10.3179ms
2026-06-20 19:36:40.597 +09:00 [INF] Request finished HTTP/1.1 GET http://localhost:5000/modules/modal.js - 200 21369 text/javascript 8.4276ms
2026-06-20 19:36:40.600 +09:00 [INF] Request starting HTTP/1.1 GET http://localhost:5000/modules/assignees.js - null null
2026-06-20 19:36:40.602 +09:00 [INF] Request starting HTTP/1.1 GET http://localhost:5000/modules/childtasks.js - null null
2026-06-20 19:36:40.605 +09:00 [INF] CORS policy execution successful.
2026-06-20 19:36:40.606 +09:00 [INF] CORS policy execution successful.
2026-06-20 19:36:40.607 +09:00 [INF] Sending file. Request path: '/modules/childtasks.js'. Physical path: 'C:\repos\mykanban\bin\Debug\net10.0\wwwroot\modules\childtasks.js'
2026-06-20 19:36:40.607 +09:00 [INF] Sending file. Request path: '/modules/assignees.js'. Physical path: 'C:\repos\mykanban\bin\Debug\net10.0\wwwroot\modules\assignees.js'
2026-06-20 19:36:40.610 +09:00 [INF] Request finished HTTP/1.1 GET http://localhost:5000/modules/assignees.js - 200 8700 text/javascript 9.4654ms
2026-06-20 19:36:40.610 +09:00 [INF] Request finished HTTP/1.1 GET http://localhost:5000/modules/childtasks.js - 200 11906 text/javascript 7.1237ms
2026-06-20 19:36:40.614 +09:00 [INF] Request starting HTTP/1.1 GET http://localhost:5000/modules/history.js - null null
2026-06-20 19:36:40.614 +09:00 [INF] Request starting HTTP/1.1 GET http://localhost:5000/modules/actual.js - null null
2026-06-20 19:36:40.619 +09:00 [INF] CORS policy execution successful.
2026-06-20 19:36:40.619 +09:00 [INF] CORS policy execution successful.
2026-06-20 19:36:40.621 +09:00 [INF] Sending file. Request path: '/modules/history.js'. Physical path: 'C:\repos\mykanban\bin\Debug\net10.0\wwwroot\modules\history.js'
2026-06-20 19:36:40.623 +09:00 [INF] Sending file. Request path: '/modules/actual.js'. Physical path: 'C:\repos\mykanban\bin\Debug\net10.0\wwwroot\modules\actual.js'
2026-06-20 19:36:40.624 +09:00 [INF] Request finished HTTP/1.1 GET http://localhost:5000/modules/history.js - 200 9423 text/javascript 8.6264ms
2026-06-20 19:36:40.624 +09:00 [INF] Request finished HTTP/1.1 GET http://localhost:5000/modules/actual.js - 200 11688 text/javascript 10.2129ms
2026-06-20 19:36:40.629 +09:00 [INF] Request starting HTTP/1.1 GET http://localhost:5000/modules/filter.js - null null
2026-06-20 19:36:40.631 +09:00 [INF] Request starting HTTP/1.1 GET http://localhost:5000/modules/archive.js - null null
2026-06-20 19:36:40.634 +09:00 [INF] CORS policy execution successful.
2026-06-20 19:36:40.634 +09:00 [INF] CORS policy execution successful.
2026-06-20 19:36:40.635 +09:00 [INF] Sending file. Request path: '/modules/filter.js'. Physical path: 'C:\repos\mykanban\bin\Debug\net10.0\wwwroot\modules\filter.js'
2026-06-20 19:36:40.635 +09:00 [INF] Sending file. Request path: '/modules/archive.js'. Physical path: 'C:\repos\mykanban\bin\Debug\net10.0\wwwroot\modules\archive.js'
2026-06-20 19:36:40.638 +09:00 [INF] Request finished HTTP/1.1 GET http://localhost:5000/modules/filter.js - 200 7563 text/javascript 8.5094ms
2026-06-20 19:36:40.638 +09:00 [INF] Request finished HTTP/1.1 GET http://localhost:5000/modules/archive.js - 200 944 text/javascript 6.5491ms
2026-06-20 19:36:40.643 +09:00 [INF] Request starting HTTP/1.1 GET http://localhost:5000/modules/settings.js - null null
2026-06-20 19:36:40.643 +09:00 [INF] Request starting HTTP/1.1 GET http://localhost:5000/modules/memo.js - null null
2026-06-20 19:36:40.647 +09:00 [INF] CORS policy execution successful.
2026-06-20 19:36:40.647 +09:00 [INF] CORS policy execution successful.
2026-06-20 19:36:40.648 +09:00 [INF] Sending file. Request path: '/modules/memo.js'. Physical path: 'C:\repos\mykanban\bin\Debug\net10.0\wwwroot\modules\memo.js'
2026-06-20 19:36:40.650 +09:00 [INF] Sending file. Request path: '/modules/settings.js'. Physical path: 'C:\repos\mykanban\bin\Debug\net10.0\wwwroot\modules\settings.js'
2026-06-20 19:36:40.651 +09:00 [INF] Request finished HTTP/1.1 GET http://localhost:5000/modules/memo.js - 200 3562 text/javascript 6.7302ms
2026-06-20 19:36:40.651 +09:00 [INF] Request finished HTTP/1.1 GET http://localhost:5000/modules/settings.js - 200 28809 text/javascript 7.7431ms
2026-06-20 19:36:40.656 +09:00 [INF] Request starting HTTP/1.1 GET http://localhost:5000/modules/auth.js - null null
2026-06-20 19:36:40.656 +09:00 [INF] Request starting HTTP/1.1 GET http://localhost:5000/modules/logger.js - null null
2026-06-20 19:36:40.660 +09:00 [INF] CORS policy execution successful.
2026-06-20 19:36:40.660 +09:00 [INF] CORS policy execution successful.
2026-06-20 19:36:40.661 +09:00 [INF] Sending file. Request path: '/modules/auth.js'. Physical path: 'C:\repos\mykanban\bin\Debug\net10.0\wwwroot\modules\auth.js'
2026-06-20 19:36:40.661 +09:00 [INF] Sending file. Request path: '/modules/logger.js'. Physical path: 'C:\repos\mykanban\bin\Debug\net10.0\wwwroot\modules\logger.js'
2026-06-20 19:36:40.664 +09:00 [INF] Request finished HTTP/1.1 GET http://localhost:5000/modules/logger.js - 200 6900 text/javascript 7.8041ms
2026-06-20 19:36:40.664 +09:00 [INF] Request finished HTTP/1.1 GET http://localhost:5000/modules/auth.js - 200 4113 text/javascript 7.8342ms
2026-06-20 19:36:40.669 +09:00 [INF] Request starting HTTP/1.1 GET http://localhost:5000/modules/ticketService.js - null null
2026-06-20 19:36:40.669 +09:00 [INF] Request starting HTTP/1.1 GET http://localhost:5000/modules/charts.js - null null
2026-06-20 19:36:40.673 +09:00 [INF] CORS policy execution successful.
2026-06-20 19:36:40.673 +09:00 [INF] CORS policy execution successful.
2026-06-20 19:36:40.674 +09:00 [INF] Sending file. Request path: '/modules/ticketService.js'. Physical path: 'C:\repos\mykanban\bin\Debug\net10.0\wwwroot\modules\ticketService.js'
2026-06-20 19:36:40.676 +09:00 [INF] Sending file. Request path: '/modules/charts.js'. Physical path: 'C:\repos\mykanban\bin\Debug\net10.0\wwwroot\modules\charts.js'
2026-06-20 19:36:40.677 +09:00 [INF] Request finished HTTP/1.1 GET http://localhost:5000/modules/ticketService.js - 200 1719 text/javascript 6.9375ms
2026-06-20 19:36:40.677 +09:00 [INF] Request finished HTTP/1.1 GET http://localhost:5000/modules/charts.js - 200 46291 text/javascript 7.9698ms
2026-06-20 19:36:40.682 +09:00 [INF] Request starting HTTP/1.1 GET http://localhost:5000/favicon.ico - null null
2026-06-20 19:36:40.685 +09:00 [INF] Request finished HTTP/1.1 GET http://localhost:5000/favicon.ico - 404 0 null 2.7408ms
2026-06-20 19:36:40.688 +09:00 [INF] Request reached the end of the middleware pipeline without being handled by application code. Request path: GET http://localhost:5000/favicon.ico, Response status code: 404
2026-06-20 19:36:42.462 +09:00 [INF] Request starting HTTP/1.1 POST http://localhost:5000/api/auth/login - application/json 38
2026-06-20 19:36:42.468 +09:00 [INF] CORS policy execution successful.
2026-06-20 19:36:42.469 +09:00 [INF] Executing endpoint 'KanbanServer.Controllers.AuthController.Login (KanbanServer)'
2026-06-20 19:36:42.482 +09:00 [INF] Route matched with {action = "Login", controller = "Auth"}. Executing controller action with signature Microsoft.AspNetCore.Mvc.IActionResult Login(LoginRequest) on controller KanbanServer.Controllers.AuthController (KanbanServer).
2026-06-20 19:36:42.516 +09:00 [INF] Executing OkObjectResult, writing value of type '<>f__AnonymousType1`3[[System.String, System.Private.CoreLib, Version=10.0.0.0, Culture=neutral, PublicKeyToken=7cec85d7bea7798e],[System.Boolean, System.Private.CoreLib, Version=10.0.0.0, Culture=neutral, PublicKeyToken=7cec85d7bea7798e],[System.String, System.Private.CoreLib, Version=10.0.0.0, Culture=neutral, PublicKeyToken=7cec85d7bea7798e]]'.
2026-06-20 19:36:42.524 +09:00 [INF] Executed action KanbanServer.Controllers.AuthController.Login (KanbanServer) in 37.5579ms
2026-06-20 19:36:42.525 +09:00 [INF] Executed endpoint 'KanbanServer.Controllers.AuthController.Login (KanbanServer)'
2026-06-20 19:36:42.526 +09:00 [INF] Request finished HTTP/1.1 POST http://localhost:5000/api/auth/login - 200 null application/json; charset=utf-8 63.7441ms
2026-06-20 19:36:42.529 +09:00 [INF] Request starting HTTP/1.1 GET http://localhost:5000/api/settings - null null
2026-06-20 19:36:42.532 +09:00 [INF] Executing endpoint 'KanbanServer.Controllers.SettingsController.Get (KanbanServer)'
2026-06-20 19:36:42.539 +09:00 [INF] Route matched with {action = "Get", controller = "Settings"}. Executing controller action with signature System.Threading.Tasks.Task`1[Microsoft.AspNetCore.Mvc.ActionResult`1[KanbanServer.Models.Setting]] Get() on controller KanbanServer.Controllers.SettingsController (KanbanServer).
2026-06-20 19:36:42.649 +09:00 [WRN] The query uses the 'First'/'FirstOrDefault' operator without 'OrderBy' and filter operators. This may lead to unpredictable results.
2026-06-20 19:36:42.835 +09:00 [INF] Executed DbCommand (1ms) [Parameters=[], CommandType='"Text"', CommandTimeout='30']
SELECT "s"."Id", "s"."Holidays", "s"."HolidaysJson", "s"."LabelsJson", "s"."Users", "s"."UsersJson"
FROM "Settings" AS "s"
LIMIT 1
2026-06-20 19:36:42.873 +09:00 [INF] Executing OkObjectResult, writing value of type 'KanbanServer.Models.Setting'.
2026-06-20 19:36:42.875 +09:00 [INF] Executed action KanbanServer.Controllers.SettingsController.Get (KanbanServer) in 334.7736ms
2026-06-20 19:36:42.876 +09:00 [INF] Executed endpoint 'KanbanServer.Controllers.SettingsController.Get (KanbanServer)'
2026-06-20 19:36:42.878 +09:00 [INF] Request starting HTTP/1.1 GET http://localhost:5000/api/tickets/labels/suggest - null null
2026-06-20 19:36:42.879 +09:00 [INF] Request starting HTTP/1.1 GET http://localhost:5000/api/tickets/assignees/suggest - null null
2026-06-20 19:36:42.881 +09:00 [INF] Executing endpoint 'KanbanServer.Controllers.TicketsController.GetLabelsSuggest (KanbanServer)'
2026-06-20 19:36:42.882 +09:00 [INF] Request finished HTTP/1.1 GET http://localhost:5000/api/settings - 200 null application/json; charset=utf-8 352.012ms
2026-06-20 19:36:42.883 +09:00 [INF] Request starting HTTP/1.1 GET http://localhost:5000/api/tickets - null null
2026-06-20 19:36:42.884 +09:00 [INF] Executing endpoint 'KanbanServer.Controllers.TicketsController.GetAssigneesSuggest (KanbanServer)'
2026-06-20 19:36:42.884 +09:00 [INF] Executing endpoint 'KanbanServer.Controllers.TicketsController.GetAll (KanbanServer)'
2026-06-20 19:36:42.886 +09:00 [INF] Route matched with {action = "GetLabelsSuggest", controller = "Tickets"}. Executing controller action with signature System.Threading.Tasks.Task`1[Microsoft.AspNetCore.Mvc.ActionResult`1[System.Collections.Generic.List`1[KanbanServer.Models.LabelSuggestDto]]] GetLabelsSuggest() on controller KanbanServer.Controllers.TicketsController (KanbanServer).
2026-06-20 19:36:42.888 +09:00 [INF] Route matched with {action = "GetAssigneesSuggest", controller = "Tickets"}. Executing controller action with signature System.Threading.Tasks.Task`1[Microsoft.AspNetCore.Mvc.ActionResult`1[System.Collections.Generic.List`1[System.String]]] GetAssigneesSuggest() on controller KanbanServer.Controllers.TicketsController (KanbanServer).
2026-06-20 19:36:42.888 +09:00 [INF] Route matched with {action = "GetAll", controller = "Tickets"}. Executing controller action with signature System.Threading.Tasks.Task`1[Microsoft.AspNetCore.Mvc.ActionResult`1[System.Collections.Generic.List`1[KanbanServer.Models.Ticket]]] GetAll() on controller KanbanServer.Controllers.TicketsController (KanbanServer).
2026-06-20 19:36:42.937 +09:00 [INF] Executed DbCommand (0ms) [Parameters=[], CommandType='"Text"', CommandTimeout='30']
SELECT "s"."Id", "s"."Holidays", "s"."HolidaysJson", "s"."LabelsJson", "s"."Users", "s"."UsersJson"
FROM "Settings" AS "s"
LIMIT 1
2026-06-20 19:36:42.944 +09:00 [INF] Executed DbCommand (6ms) [Parameters=[], CommandType='"Text"', CommandTimeout='30']
SELECT "s"."Id", "s"."Holidays", "s"."HolidaysJson", "s"."LabelsJson", "s"."Users", "s"."UsersJson"
FROM "Settings" AS "s"
LIMIT 1
2026-06-20 19:36:42.945 +09:00 [INF] Executed DbCommand (0ms) [Parameters=[], CommandType='"Text"', CommandTimeout='30']
SELECT "t"."TicketId", "t"."Assignees", "t"."AssigneesJson", "t"."Category", "t"."ChildTasksJson", "t"."Column", "t"."CreatedAt", "t"."Effort", "t"."EndDate", "t"."Id", "t"."IsArchived", "t"."IsEmergency", "t"."IsLocked", "t"."Labels", "t"."LabelsJson", "t"."MainAssignee", "t"."Memo", "t"."Position", "t"."PreviousColumn", "t"."Progress", "t"."StartDate", "t"."Title"
FROM "Tickets" AS "t"
2026-06-20 19:36:42.969 +09:00 [INF] Executed DbCommand (0ms) [Parameters=[], CommandType='"Text"', CommandTimeout='30']
SELECT "t"."TicketId", "t"."Assignees", "t"."AssigneesJson", "t"."Category", "t"."ChildTasksJson", "t"."Column", "t"."CreatedAt", "t"."Effort", "t"."EndDate", "t"."Id", "t"."IsArchived", "t"."IsEmergency", "t"."IsLocked", "t"."Labels", "t"."LabelsJson", "t"."MainAssignee", "t"."Memo", "t"."Position", "t"."PreviousColumn", "t"."Progress", "t"."StartDate", "t"."Title"
FROM "Tickets" AS "t"
WHERE length("t"."LabelsJson") > 2
2026-06-20 19:36:42.970 +09:00 [INF] Executed DbCommand (1ms) [Parameters=[], CommandType='"Text"', CommandTimeout='30']
SELECT "t"."TicketId", "t"."Assignees", "t"."AssigneesJson", "t"."Category", "t"."ChildTasksJson", "t"."Column", "t"."CreatedAt", "t"."Effort", "t"."EndDate", "t"."Id", "t"."IsArchived", "t"."IsEmergency", "t"."IsLocked", "t"."Labels", "t"."LabelsJson", "t"."MainAssignee", "t"."Memo", "t"."Position", "t"."PreviousColumn", "t"."Progress", "t"."StartDate", "t"."Title"
FROM "Tickets" AS "t"
WHERE length("t"."AssigneesJson") > 2
2026-06-20 19:36:42.971 +09:00 [INF] Executing OkObjectResult, writing value of type 'System.Collections.Generic.List`1[[KanbanServer.Models.LabelSuggestDto, KanbanServer, Version=1.0.0.0, Culture=neutral, PublicKeyToken=null]]'.
2026-06-20 19:36:42.972 +09:00 [INF] Executing OkObjectResult, writing value of type 'System.Collections.Generic.List`1[[System.String, System.Private.CoreLib, Version=10.0.0.0, Culture=neutral, PublicKeyToken=7cec85d7bea7798e]]'.
2026-06-20 19:36:42.972 +09:00 [INF] Executed action KanbanServer.Controllers.TicketsController.GetLabelsSuggest (KanbanServer) in 85.4104ms
2026-06-20 19:36:42.974 +09:00 [INF] Executed endpoint 'KanbanServer.Controllers.TicketsController.GetLabelsSuggest (KanbanServer)'
2026-06-20 19:36:42.974 +09:00 [INF] Executed action KanbanServer.Controllers.TicketsController.GetAssigneesSuggest (KanbanServer) in 85.4317ms
2026-06-20 19:36:42.975 +09:00 [INF] Executed endpoint 'KanbanServer.Controllers.TicketsController.GetAssigneesSuggest (KanbanServer)'
2026-06-20 19:36:42.975 +09:00 [INF] Request finished HTTP/1.1 GET http://localhost:5000/api/tickets/assignees/suggest - 200 null application/json; charset=utf-8 96.1755ms
2026-06-20 19:36:42.975 +09:00 [INF] Request finished HTTP/1.1 GET http://localhost:5000/api/tickets/labels/suggest - 200 null application/json; charset=utf-8 97.3712ms
2026-06-20 19:36:42.984 +09:00 [INF] Executing OkObjectResult, writing value of type 'System.Collections.Generic.List`1[[KanbanServer.Models.Ticket, KanbanServer, Version=1.0.0.0, Culture=neutral, PublicKeyToken=null]]'.
2026-06-20 19:36:42.995 +09:00 [INF] Executed action KanbanServer.Controllers.TicketsController.GetAll (KanbanServer) in 105.7795ms
2026-06-20 19:36:42.996 +09:00 [INF] Executed endpoint 'KanbanServer.Controllers.TicketsController.GetAll (KanbanServer)'
2026-06-20 19:36:42.996 +09:00 [INF] Request finished HTTP/1.1 GET http://localhost:5000/api/tickets - 200 null application/json; charset=utf-8 113.1726ms
2026-06-20 19:36:45.031 +09:00 [INF] Request starting HTTP/1.1 GET http://localhost:5000/api/settings - null null
2026-06-20 19:36:45.036 +09:00 [INF] Executing endpoint 'KanbanServer.Controllers.SettingsController.Get (KanbanServer)'
2026-06-20 19:36:45.037 +09:00 [INF] Route matched with {action = "Get", controller = "Settings"}. Executing controller action with signature System.Threading.Tasks.Task`1[Microsoft.AspNetCore.Mvc.ActionResult`1[KanbanServer.Models.Setting]] Get() on controller KanbanServer.Controllers.SettingsController (KanbanServer).
2026-06-20 19:36:45.040 +09:00 [INF] Executed DbCommand (0ms) [Parameters=[], CommandType='"Text"', CommandTimeout='30']
SELECT "s"."Id", "s"."Holidays", "s"."HolidaysJson", "s"."LabelsJson", "s"."Users", "s"."UsersJson"
FROM "Settings" AS "s"
LIMIT 1
2026-06-20 19:36:45.043 +09:00 [INF] Executing OkObjectResult, writing value of type 'KanbanServer.Models.Setting'.
2026-06-20 19:36:45.044 +09:00 [INF] Executed action KanbanServer.Controllers.SettingsController.Get (KanbanServer) in 5.2726ms
2026-06-20 19:36:45.046 +09:00 [INF] Executed endpoint 'KanbanServer.Controllers.SettingsController.Get (KanbanServer)'
2026-06-20 19:36:45.047 +09:00 [INF] Request finished HTTP/1.1 GET http://localhost:5000/api/settings - 200 null application/json; charset=utf-8 15.5963ms
2026-06-20 19:49:36.226 +09:00 [INF] Executed DbCommand (14ms) [Parameters=[], CommandType='"Text"', CommandTimeout='30']
SELECT COUNT(*) FROM "sqlite_master" WHERE "type" = 'table' AND "rootpage" IS NOT NULL;
2026-06-20 19:49:36.322 +09:00 [WRN] Overriding address(es) 'http://localhost:5171'. Binding to endpoints defined via IConfiguration and/or UseKestrel() instead.
2026-06-20 19:49:36.330 +09:00 [INF] Now listening on: http://0.0.0.0:5000
2026-06-20 19:49:36.330 +09:00 [INF] Application started. Press Ctrl+C to shut down.
2026-06-20 19:49:36.331 +09:00 [INF] Hosting environment: Development
2026-06-20 19:49:36.331 +09:00 [INF] Content root path: C:\repos\mykanban
2026-06-20 19:49:38.543 +09:00 [INF] Request starting HTTP/1.1 GET http://localhost:5000/ - null null
2026-06-20 19:49:38.563 +09:00 [INF] Executing endpoint 'Fallback {*path:nonfile}'
2026-06-20 19:49:38.594 +09:00 [INF] Executed endpoint 'Fallback {*path:nonfile}'
2026-06-20 19:49:38.600 +09:00 [INF] Request finished HTTP/1.1 GET http://localhost:5000/ - 200 null text/html; charset=utf-8 58.3955ms
2026-06-20 19:49:38.605 +09:00 [INF] Request starting HTTP/1.1 GET http://localhost:5000/styles.css - null null
2026-06-20 19:49:38.621 +09:00 [INF] Sending file. Request path: '/styles.css'. Physical path: 'C:\repos\mykanban\bin\Debug\net10.0\wwwroot\styles.css'
2026-06-20 19:49:38.623 +09:00 [INF] Request finished HTTP/1.1 GET http://localhost:5000/styles.css - 200 60784 text/css 18.7288ms
2026-06-20 19:49:40.366 +09:00 [INF] Request starting HTTP/1.1 GET http://localhost:5000/ - null null
2026-06-20 19:49:40.369 +09:00 [INF] Executing endpoint 'Fallback {*path:nonfile}'
2026-06-20 19:49:40.370 +09:00 [INF] Executed endpoint 'Fallback {*path:nonfile}'
2026-06-20 19:49:40.371 +09:00 [INF] Request finished HTTP/1.1 GET http://localhost:5000/ - 200 null text/html; charset=utf-8 4.7206ms
2026-06-20 19:49:40.376 +09:00 [INF] Request starting HTTP/1.1 GET http://localhost:5000/styles.css - null null
2026-06-20 19:49:40.377 +09:00 [INF] Request starting HTTP/1.1 GET http://localhost:5000/app.js - null null
2026-06-20 19:49:40.380 +09:00 [INF] Sending file. Request path: '/styles.css'. Physical path: 'C:\repos\mykanban\bin\Debug\net10.0\wwwroot\styles.css'
2026-06-20 19:49:40.381 +09:00 [INF] Request finished HTTP/1.1 GET http://localhost:5000/styles.css - 200 60784 text/css 5.3249ms
2026-06-20 19:49:40.382 +09:00 [INF] CORS policy execution successful.
2026-06-20 19:49:40.385 +09:00 [INF] Sending file. Request path: '/app.js'. Physical path: 'C:\repos\mykanban\bin\Debug\net10.0\wwwroot\app.js'
2026-06-20 19:49:40.386 +09:00 [INF] Request finished HTTP/1.1 GET http://localhost:5000/app.js - 200 23659 text/javascript 8.9544ms
2026-06-20 19:49:40.425 +09:00 [INF] Request starting HTTP/1.1 GET http://localhost:5000/modules/state.js - null null
2026-06-20 19:49:40.426 +09:00 [INF] Request starting HTTP/1.1 GET http://localhost:5000/modules/api.js - null null
2026-06-20 19:49:40.427 +09:00 [INF] Request starting HTTP/1.1 GET http://localhost:5000/modules/renderer.js - null null
2026-06-20 19:49:40.429 +09:00 [INF] CORS policy execution successful.
2026-06-20 19:49:40.429 +09:00 [INF] CORS policy execution successful.
2026-06-20 19:49:40.429 +09:00 [INF] CORS policy execution successful.
2026-06-20 19:49:40.430 +09:00 [INF] Sending file. Request path: '/modules/api.js'. Physical path: 'C:\repos\mykanban\bin\Debug\net10.0\wwwroot\modules\api.js'
2026-06-20 19:49:40.432 +09:00 [INF] Sending file. Request path: '/modules/renderer.js'. Physical path: 'C:\repos\mykanban\bin\Debug\net10.0\wwwroot\modules\renderer.js'
2026-06-20 19:49:40.432 +09:00 [INF] Sending file. Request path: '/modules/state.js'. Physical path: 'C:\repos\mykanban\bin\Debug\net10.0\wwwroot\modules\state.js'
2026-06-20 19:49:40.432 +09:00 [INF] Request finished HTTP/1.1 GET http://localhost:5000/modules/api.js - 200 6109 text/javascript 5.0472ms
2026-06-20 19:49:40.436 +09:00 [INF] Request finished HTTP/1.1 GET http://localhost:5000/modules/renderer.js - 200 29602 text/javascript 9.4859ms
2026-06-20 19:49:40.436 +09:00 [INF] Request finished HTTP/1.1 GET http://localhost:5000/modules/state.js - 200 20762 text/javascript 11.2549ms
2026-06-20 19:49:40.441 +09:00 [INF] Request starting HTTP/1.1 GET http://localhost:5000/modules/dragdrop.js - null null
2026-06-20 19:49:40.443 +09:00 [INF] Request starting HTTP/1.1 GET http://localhost:5000/modules/modal.js - null null
2026-06-20 19:49:40.445 +09:00 [INF] CORS policy execution successful.
2026-06-20 19:49:40.445 +09:00 [INF] Request starting HTTP/1.1 GET http://localhost:5000/modules/labels.js - null null
2026-06-20 19:49:40.447 +09:00 [INF] CORS policy execution successful.
2026-06-20 19:49:40.448 +09:00 [INF] CORS policy execution successful.
2026-06-20 19:49:40.448 +09:00 [INF] Sending file. Request path: '/modules/dragdrop.js'. Physical path: 'C:\repos\mykanban\bin\Debug\net10.0\wwwroot\modules\dragdrop.js'
2026-06-20 19:49:40.450 +09:00 [INF] Sending file. Request path: '/modules/modal.js'. Physical path: 'C:\repos\mykanban\bin\Debug\net10.0\wwwroot\modules\modal.js'
2026-06-20 19:49:40.450 +09:00 [INF] Request finished HTTP/1.1 GET http://localhost:5000/modules/dragdrop.js - 200 7088 text/javascript 8.8792ms
2026-06-20 19:49:40.452 +09:00 [INF] Sending file. Request path: '/modules/labels.js'. Physical path: 'C:\repos\mykanban\bin\Debug\net10.0\wwwroot\modules\labels.js'
2026-06-20 19:49:40.453 +09:00 [INF] Request finished HTTP/1.1 GET http://localhost:5000/modules/modal.js - 200 21369 text/javascript 9.2919ms
2026-06-20 19:49:40.453 +09:00 [INF] Request finished HTTP/1.1 GET http://localhost:5000/modules/labels.js - 200 5192 text/javascript 9.9984ms
2026-06-20 19:49:40.457 +09:00 [INF] Request starting HTTP/1.1 GET http://localhost:5000/modules/assignees.js - null null
2026-06-20 19:49:40.459 +09:00 [INF] Request starting HTTP/1.1 GET http://localhost:5000/modules/childtasks.js - null null
2026-06-20 19:49:40.459 +09:00 [INF] Request starting HTTP/1.1 GET http://localhost:5000/modules/history.js - null null
2026-06-20 19:49:40.463 +09:00 [INF] CORS policy execution successful.
2026-06-20 19:49:40.463 +09:00 [INF] CORS policy execution successful.
2026-06-20 19:49:40.463 +09:00 [INF] CORS policy execution successful.
2026-06-20 19:49:40.465 +09:00 [INF] Sending file. Request path: '/modules/history.js'. Physical path: 'C:\repos\mykanban\bin\Debug\net10.0\wwwroot\modules\history.js'
2026-06-20 19:49:40.465 +09:00 [INF] Sending file. Request path: '/modules/assignees.js'. Physical path: 'C:\repos\mykanban\bin\Debug\net10.0\wwwroot\modules\assignees.js'
2026-06-20 19:49:40.468 +09:00 [INF] Sending file. Request path: '/modules/childtasks.js'. Physical path: 'C:\repos\mykanban\bin\Debug\net10.0\wwwroot\modules\childtasks.js'
2026-06-20 19:49:40.468 +09:00 [INF] Request finished HTTP/1.1 GET http://localhost:5000/modules/assignees.js - 200 8700 text/javascript 10.0522ms
2026-06-20 19:49:40.468 +09:00 [INF] Request finished HTTP/1.1 GET http://localhost:5000/modules/history.js - 200 9423 text/javascript 6.8062ms
2026-06-20 19:49:40.474 +09:00 [INF] Request starting HTTP/1.1 GET http://localhost:5000/modules/filter.js - null null
2026-06-20 19:49:40.474 +09:00 [INF] Request finished HTTP/1.1 GET http://localhost:5000/modules/childtasks.js - 200 11906 text/javascript 14.7184ms
2026-06-20 19:49:40.474 +09:00 [INF] Request starting HTTP/1.1 GET http://localhost:5000/modules/actual.js - null null
2026-06-20 19:49:40.481 +09:00 [INF] CORS policy execution successful.
2026-06-20 19:49:40.481 +09:00 [INF] CORS policy execution successful.
2026-06-20 19:49:40.481 +09:00 [INF] Request starting HTTP/1.1 GET http://localhost:5000/modules/archive.js - null null
2026-06-20 19:49:40.484 +09:00 [INF] CORS policy execution successful.
2026-06-20 19:49:40.485 +09:00 [INF] Sending file. Request path: '/modules/actual.js'. Physical path: 'C:\repos\mykanban\bin\Debug\net10.0\wwwroot\modules\actual.js'
2026-06-20 19:49:40.485 +09:00 [INF] Sending file. Request path: '/modules/filter.js'. Physical path: 'C:\repos\mykanban\bin\Debug\net10.0\wwwroot\modules\filter.js'
2026-06-20 19:49:40.488 +09:00 [INF] Request finished HTTP/1.1 GET http://localhost:5000/modules/actual.js - 200 11688 text/javascript 13.7565ms
2026-06-20 19:49:40.488 +09:00 [INF] Request finished HTTP/1.1 GET http://localhost:5000/modules/filter.js - 200 7563 text/javascript 13.7588ms
2026-06-20 19:49:40.493 +09:00 [INF] Sending file. Request path: '/modules/archive.js'. Physical path: 'C:\repos\mykanban\bin\Debug\net10.0\wwwroot\modules\archive.js'
2026-06-20 19:49:40.494 +09:00 [INF] Request starting HTTP/1.1 GET http://localhost:5000/modules/memo.js - null null
2026-06-20 19:49:40.494 +09:00 [INF] Request starting HTTP/1.1 GET http://localhost:5000/modules/settings.js - null null
2026-06-20 19:49:40.494 +09:00 [INF] Request finished HTTP/1.1 GET http://localhost:5000/modules/archive.js - 200 944 text/javascript 13.1049ms
2026-06-20 19:49:40.501 +09:00 [INF] Request starting HTTP/1.1 GET http://localhost:5000/modules/auth.js - null null
2026-06-20 19:49:40.504 +09:00 [INF] CORS policy execution successful.
2026-06-20 19:49:40.504 +09:00 [INF] CORS policy execution successful.
2026-06-20 19:49:40.505 +09:00 [INF] CORS policy execution successful.
2026-06-20 19:49:40.506 +09:00 [INF] Sending file. Request path: '/modules/memo.js'. Physical path: 'C:\repos\mykanban\bin\Debug\net10.0\wwwroot\modules\memo.js'
2026-06-20 19:49:40.507 +09:00 [INF] Request finished HTTP/1.1 GET http://localhost:5000/modules/memo.js - 200 3562 text/javascript 13.4204ms
2026-06-20 19:49:40.510 +09:00 [INF] Sending file. Request path: '/modules/auth.js'. Physical path: 'C:\repos\mykanban\bin\Debug\net10.0\wwwroot\modules\auth.js'
2026-06-20 19:49:40.511 +09:00 [INF] Request finished HTTP/1.1 GET http://localhost:5000/modules/auth.js - 200 4113 text/javascript 10.1161ms
2026-06-20 19:49:40.511 +09:00 [INF] Request starting HTTP/1.1 GET http://localhost:5000/modules/logger.js - null null
2026-06-20 19:49:40.514 +09:00 [INF] Request starting HTTP/1.1 GET http://localhost:5000/modules/charts.js - null null
2026-06-20 19:49:40.515 +09:00 [INF] CORS policy execution successful.
2026-06-20 19:49:40.516 +09:00 [INF] CORS policy execution successful.
2026-06-20 19:49:40.517 +09:00 [INF] Sending file. Request path: '/modules/logger.js'. Physical path: 'C:\repos\mykanban\bin\Debug\net10.0\wwwroot\modules\logger.js'
2026-06-20 19:49:40.519 +09:00 [INF] Sending file. Request path: '/modules/charts.js'. Physical path: 'C:\repos\mykanban\bin\Debug\net10.0\wwwroot\modules\charts.js'
2026-06-20 19:49:40.519 +09:00 [INF] Request finished HTTP/1.1 GET http://localhost:5000/modules/logger.js - 200 6900 text/javascript 7.5044ms
2026-06-20 19:49:40.522 +09:00 [INF] Request finished HTTP/1.1 GET http://localhost:5000/modules/charts.js - 200 46291 text/javascript 7.901ms
2026-06-20 19:49:40.525 +09:00 [INF] Request starting HTTP/1.1 GET http://localhost:5000/modules/ticketService.js - null null
2026-06-20 19:49:40.527 +09:00 [INF] CORS policy execution successful.
2026-06-20 19:49:40.527 +09:00 [INF] Sending file. Request path: '/modules/ticketService.js'. Physical path: 'C:\repos\mykanban\bin\Debug\net10.0\wwwroot\modules\ticketService.js'
2026-06-20 19:49:40.529 +09:00 [INF] Request finished HTTP/1.1 GET http://localhost:5000/modules/ticketService.js - 200 1719 text/javascript 4.1704ms
2026-06-20 19:49:40.533 +09:00 [INF] Sending file. Request path: '/modules/settings.js'. Physical path: 'C:\repos\mykanban\bin\Debug\net10.0\wwwroot\modules\settings.js'
2026-06-20 19:49:40.535 +09:00 [INF] Request finished HTTP/1.1 GET http://localhost:5000/modules/settings.js - 200 29126 text/javascript 40.8631ms
2026-06-20 19:49:40.538 +09:00 [INF] Request starting HTTP/1.1 GET http://localhost:5000/favicon.ico - null null
2026-06-20 19:49:40.541 +09:00 [INF] Request finished HTTP/1.1 GET http://localhost:5000/favicon.ico - 404 0 null 2.4209ms
2026-06-20 19:49:40.543 +09:00 [INF] Request reached the end of the middleware pipeline without being handled by application code. Request path: GET http://localhost:5000/favicon.ico, Response status code: 404
2026-06-20 19:49:41.635 +09:00 [INF] Request starting HTTP/1.1 POST http://localhost:5000/api/auth/login - application/json 38
2026-06-20 19:49:41.643 +09:00 [INF] CORS policy execution successful.
2026-06-20 19:49:41.644 +09:00 [INF] Executing endpoint 'KanbanServer.Controllers.AuthController.Login (KanbanServer)'
2026-06-20 19:49:41.656 +09:00 [INF] Route matched with {action = "Login", controller = "Auth"}. Executing controller action with signature Microsoft.AspNetCore.Mvc.IActionResult Login(LoginRequest) on controller KanbanServer.Controllers.AuthController (KanbanServer).
2026-06-20 19:49:41.680 +09:00 [INF] Executing OkObjectResult, writing value of type '<>f__AnonymousType1`3[[System.String, System.Private.CoreLib, Version=10.0.0.0, Culture=neutral, PublicKeyToken=7cec85d7bea7798e],[System.Boolean, System.Private.CoreLib, Version=10.0.0.0, Culture=neutral, PublicKeyToken=7cec85d7bea7798e],[System.String, System.Private.CoreLib, Version=10.0.0.0, Culture=neutral, PublicKeyToken=7cec85d7bea7798e]]'.
2026-06-20 19:49:41.689 +09:00 [INF] Executed action KanbanServer.Controllers.AuthController.Login (KanbanServer) in 29.2518ms
2026-06-20 19:49:41.691 +09:00 [INF] Executed endpoint 'KanbanServer.Controllers.AuthController.Login (KanbanServer)'
2026-06-20 19:49:41.692 +09:00 [INF] Request finished HTTP/1.1 POST http://localhost:5000/api/auth/login - 200 null application/json; charset=utf-8 56.565ms
2026-06-20 19:49:41.696 +09:00 [INF] Request starting HTTP/1.1 GET http://localhost:5000/api/settings - null null
2026-06-20 19:49:41.701 +09:00 [INF] Executing endpoint 'KanbanServer.Controllers.SettingsController.Get (KanbanServer)'
2026-06-20 19:49:41.707 +09:00 [INF] Route matched with {action = "Get", controller = "Settings"}. Executing controller action with signature System.Threading.Tasks.Task`1[Microsoft.AspNetCore.Mvc.ActionResult`1[KanbanServer.Models.Setting]] Get() on controller KanbanServer.Controllers.SettingsController (KanbanServer).
2026-06-20 19:49:41.815 +09:00 [WRN] The query uses the 'First'/'FirstOrDefault' operator without 'OrderBy' and filter operators. This may lead to unpredictable results.
2026-06-20 19:49:42.004 +09:00 [INF] Executed DbCommand (1ms) [Parameters=[], CommandType='"Text"', CommandTimeout='30']
SELECT "s"."Id", "s"."Holidays", "s"."HolidaysJson", "s"."LabelsJson", "s"."Users", "s"."UsersJson"
FROM "Settings" AS "s"
LIMIT 1
2026-06-20 19:49:42.043 +09:00 [INF] Executing OkObjectResult, writing value of type 'KanbanServer.Models.Setting'.
2026-06-20 19:49:42.046 +09:00 [INF] Executed action KanbanServer.Controllers.SettingsController.Get (KanbanServer) in 337.504ms
2026-06-20 19:49:42.047 +09:00 [INF] Executed endpoint 'KanbanServer.Controllers.SettingsController.Get (KanbanServer)'
2026-06-20 19:49:42.050 +09:00 [INF] Request starting HTTP/1.1 GET http://localhost:5000/api/tickets/labels/suggest - null null
2026-06-20 19:49:42.050 +09:00 [INF] Request starting HTTP/1.1 GET http://localhost:5000/api/tickets/assignees/suggest - null null
2026-06-20 19:49:42.052 +09:00 [INF] Request finished HTTP/1.1 GET http://localhost:5000/api/settings - 200 null application/json; charset=utf-8 355.9658ms
2026-06-20 19:49:42.053 +09:00 [INF] Request starting HTTP/1.1 GET http://localhost:5000/api/tickets - null null
2026-06-20 19:49:42.054 +09:00 [INF] Executing endpoint 'KanbanServer.Controllers.TicketsController.GetAssigneesSuggest (KanbanServer)'
2026-06-20 19:49:42.054 +09:00 [INF] Executing endpoint 'KanbanServer.Controllers.TicketsController.GetLabelsSuggest (KanbanServer)'
2026-06-20 19:49:42.055 +09:00 [INF] Executing endpoint 'KanbanServer.Controllers.TicketsController.GetAll (KanbanServer)'
2026-06-20 19:49:42.059 +09:00 [INF] Route matched with {action = "GetAssigneesSuggest", controller = "Tickets"}. Executing controller action with signature System.Threading.Tasks.Task`1[Microsoft.AspNetCore.Mvc.ActionResult`1[System.Collections.Generic.List`1[System.String]]] GetAssigneesSuggest() on controller KanbanServer.Controllers.TicketsController (KanbanServer).
2026-06-20 19:49:42.060 +09:00 [INF] Route matched with {action = "GetLabelsSuggest", controller = "Tickets"}. Executing controller action with signature System.Threading.Tasks.Task`1[Microsoft.AspNetCore.Mvc.ActionResult`1[System.Collections.Generic.List`1[KanbanServer.Models.LabelSuggestDto]]] GetLabelsSuggest() on controller KanbanServer.Controllers.TicketsController (KanbanServer).
2026-06-20 19:49:42.060 +09:00 [INF] Route matched with {action = "GetAll", controller = "Tickets"}. Executing controller action with signature System.Threading.Tasks.Task`1[Microsoft.AspNetCore.Mvc.ActionResult`1[System.Collections.Generic.List`1[KanbanServer.Models.Ticket]]] GetAll() on controller KanbanServer.Controllers.TicketsController (KanbanServer).
2026-06-20 19:49:42.110 +09:00 [INF] Executed DbCommand (0ms) [Parameters=[], CommandType='"Text"', CommandTimeout='30']
SELECT "s"."Id", "s"."Holidays", "s"."HolidaysJson", "s"."LabelsJson", "s"."Users", "s"."UsersJson"
FROM "Settings" AS "s"
LIMIT 1
2026-06-20 19:49:42.119 +09:00 [INF] Executed DbCommand (6ms) [Parameters=[], CommandType='"Text"', CommandTimeout='30']
SELECT "s"."Id", "s"."Holidays", "s"."HolidaysJson", "s"."LabelsJson", "s"."Users", "s"."UsersJson"
FROM "Settings" AS "s"
LIMIT 1
2026-06-20 19:49:42.120 +09:00 [INF] Executed DbCommand (0ms) [Parameters=[], CommandType='"Text"', CommandTimeout='30']
SELECT "t"."TicketId", "t"."Assignees", "t"."AssigneesJson", "t"."Category", "t"."ChildTasksJson", "t"."Column", "t"."CreatedAt", "t"."Effort", "t"."EndDate", "t"."Id", "t"."IsArchived", "t"."IsEmergency", "t"."IsLocked", "t"."Labels", "t"."LabelsJson", "t"."MainAssignee", "t"."Memo", "t"."Position", "t"."PreviousColumn", "t"."Progress", "t"."StartDate", "t"."Title"
FROM "Tickets" AS "t"
2026-06-20 19:49:42.143 +09:00 [INF] Executed DbCommand (0ms) [Parameters=[], CommandType='"Text"', CommandTimeout='30']
SELECT "t"."TicketId", "t"."Assignees", "t"."AssigneesJson", "t"."Category", "t"."ChildTasksJson", "t"."Column", "t"."CreatedAt", "t"."Effort", "t"."EndDate", "t"."Id", "t"."IsArchived", "t"."IsEmergency", "t"."IsLocked", "t"."Labels", "t"."LabelsJson", "t"."MainAssignee", "t"."Memo", "t"."Position", "t"."PreviousColumn", "t"."Progress", "t"."StartDate", "t"."Title"
FROM "Tickets" AS "t"
WHERE length("t"."AssigneesJson") > 2
2026-06-20 19:49:42.144 +09:00 [INF] Executing OkObjectResult, writing value of type 'System.Collections.Generic.List`1[[System.String, System.Private.CoreLib, Version=10.0.0.0, Culture=neutral, PublicKeyToken=7cec85d7bea7798e]]'.
2026-06-20 19:49:42.144 +09:00 [INF] Executed DbCommand (1ms) [Parameters=[], CommandType='"Text"', CommandTimeout='30']
SELECT "t"."TicketId", "t"."Assignees", "t"."AssigneesJson", "t"."Category", "t"."ChildTasksJson", "t"."Column", "t"."CreatedAt", "t"."Effort", "t"."EndDate", "t"."Id", "t"."IsArchived", "t"."IsEmergency", "t"."IsLocked", "t"."Labels", "t"."LabelsJson", "t"."MainAssignee", "t"."Memo", "t"."Position", "t"."PreviousColumn", "t"."Progress", "t"."StartDate", "t"."Title"
FROM "Tickets" AS "t"
WHERE length("t"."LabelsJson") > 2
2026-06-20 19:49:42.145 +09:00 [INF] Executed action KanbanServer.Controllers.TicketsController.GetAssigneesSuggest (KanbanServer) in 85.8244ms
2026-06-20 19:49:42.146 +09:00 [INF] Executed endpoint 'KanbanServer.Controllers.TicketsController.GetAssigneesSuggest (KanbanServer)'
2026-06-20 19:49:42.146 +09:00 [INF] Executing OkObjectResult, writing value of type 'System.Collections.Generic.List`1[[KanbanServer.Models.LabelSuggestDto, KanbanServer, Version=1.0.0.0, Culture=neutral, PublicKeyToken=null]]'.
2026-06-20 19:49:42.147 +09:00 [INF] Request finished HTTP/1.1 GET http://localhost:5000/api/tickets/assignees/suggest - 200 null application/json; charset=utf-8 97.3647ms
2026-06-20 19:49:42.149 +09:00 [INF] Executed action KanbanServer.Controllers.TicketsController.GetLabelsSuggest (KanbanServer) in 88.7957ms
2026-06-20 19:49:42.150 +09:00 [INF] Executed endpoint 'KanbanServer.Controllers.TicketsController.GetLabelsSuggest (KanbanServer)'
2026-06-20 19:49:42.150 +09:00 [INF] Request finished HTTP/1.1 GET http://localhost:5000/api/tickets/labels/suggest - 200 null application/json; charset=utf-8 100.4017ms
2026-06-20 19:49:42.159 +09:00 [INF] Executing OkObjectResult, writing value of type 'System.Collections.Generic.List`1[[KanbanServer.Models.Ticket, KanbanServer, Version=1.0.0.0, Culture=neutral, PublicKeyToken=null]]'.
2026-06-20 19:49:42.170 +09:00 [INF] Executed action KanbanServer.Controllers.TicketsController.GetAll (KanbanServer) in 109.3381ms
2026-06-20 19:49:42.171 +09:00 [INF] Executed endpoint 'KanbanServer.Controllers.TicketsController.GetAll (KanbanServer)'
2026-06-20 19:49:42.172 +09:00 [INF] Request finished HTTP/1.1 GET http://localhost:5000/api/tickets - 200 null application/json; charset=utf-8 118.1704ms
2026-06-20 19:49:43.263 +09:00 [INF] Request starting HTTP/1.1 GET http://localhost:5000/api/settings - null null
2026-06-20 19:49:43.266 +09:00 [INF] Executing endpoint 'KanbanServer.Controllers.SettingsController.Get (KanbanServer)'
2026-06-20 19:49:43.267 +09:00 [INF] Route matched with {action = "Get", controller = "Settings"}. Executing controller action with signature System.Threading.Tasks.Task`1[Microsoft.AspNetCore.Mvc.ActionResult`1[KanbanServer.Models.Setting]] Get() on controller KanbanServer.Controllers.SettingsController (KanbanServer).
2026-06-20 19:49:43.270 +09:00 [INF] Executed DbCommand (0ms) [Parameters=[], CommandType='"Text"', CommandTimeout='30']
SELECT "s"."Id", "s"."Holidays", "s"."HolidaysJson", "s"."LabelsJson", "s"."Users", "s"."UsersJson"
FROM "Settings" AS "s"
LIMIT 1
2026-06-20 19:49:43.272 +09:00 [INF] Executing OkObjectResult, writing value of type 'KanbanServer.Models.Setting'.
2026-06-20 19:49:43.273 +09:00 [INF] Executed action KanbanServer.Controllers.SettingsController.Get (KanbanServer) in 4.8949ms
2026-06-20 19:49:43.274 +09:00 [INF] Executed endpoint 'KanbanServer.Controllers.SettingsController.Get (KanbanServer)'
2026-06-20 19:49:43.275 +09:00 [INF] Request finished HTTP/1.1 GET http://localhost:5000/api/settings - 200 null application/json; charset=utf-8 12.6069ms
2026-06-20 19:49:46.888 +09:00 [INF] Request starting HTTP/1.1 GET http://localhost:5000/api/settings - null null
2026-06-20 19:49:46.891 +09:00 [INF] Executing endpoint 'KanbanServer.Controllers.SettingsController.Get (KanbanServer)'
2026-06-20 19:49:46.893 +09:00 [INF] Route matched with {action = "Get", controller = "Settings"}. Executing controller action with signature System.Threading.Tasks.Task`1[Microsoft.AspNetCore.Mvc.ActionResult`1[KanbanServer.Models.Setting]] Get() on controller KanbanServer.Controllers.SettingsController (KanbanServer).
2026-06-20 19:49:46.896 +09:00 [INF] Executed DbCommand (0ms) [Parameters=[], CommandType='"Text"', CommandTimeout='30']
SELECT "s"."Id", "s"."Holidays", "s"."HolidaysJson", "s"."LabelsJson", "s"."Users", "s"."UsersJson"
FROM "Settings" AS "s"
LIMIT 1
2026-06-20 19:49:46.899 +09:00 [INF] Executing OkObjectResult, writing value of type 'KanbanServer.Models.Setting'.
2026-06-20 19:49:46.900 +09:00 [INF] Executed action KanbanServer.Controllers.SettingsController.Get (KanbanServer) in 5.3221ms
2026-06-20 19:49:46.902 +09:00 [INF] Executed endpoint 'KanbanServer.Controllers.SettingsController.Get (KanbanServer)'
2026-06-20 19:49:46.903 +09:00 [INF] Request finished HTTP/1.1 GET http://localhost:5000/api/settings - 200 null application/json; charset=utf-8 15.5252ms
